,result,table,_start,_stop,_time,_value,_field,_measurement
,,0,2025-12-16T21:41:38.5759694Z,2025-12-23T21:41:38.5759694Z,2025-12-16T22:00:00Z,35741,consumo_MedidorAtlas7_hora,COMPRESORES_AIRE
,,0,2025-12-16T21:41:38.5759694Z,2025-12-23T21:41:38.5759694Z,2025-12-16T22:30:00Z,48276,consumo_MedidorAtlas7_hora,COMPRESORES_AIRE
,,0,2025-12-16T21:41:38.5759694Z,2025-12-23T21:41:38.5759694Z,2025-12-16T23:00:00Z,48276,consumo_MedidorAtlas7_hora,COMPRESORES_AIRE
,,0,2025-12-16T21:41:38.5759694Z,2025-12-23T21:41:38.5759694Z,2025-12-16T23:30:00Z,57936,consumo_MedidorAtlas7_hora,COMPRESORES_AIRE
,,0,2025-12-16T21:41:38.5759694Z,2025-12-23T21:41:38.5759694Z,2025-12-17T00:00:00Z,57936,consumo_MedidorAtlas7_hora,COMPRESORES_AIRE
,,0,2025-12-16T21:41:38.5759694Z,2025-12-23T21:41:38.5759694Z,2025-12-17T00:30:00Z,85114,consumo_MedidorAtlas7_hora,COMPRESORES_AIRE
,,0,2025-12-16T21:41:38.5759694Z,2025-12-23T21:41:38.5759694Z,2025-12-17T01:00:00Z,85114,consumo_MedidorAtlas7_hora,COMPRESORES_AIRE
,,0,2025-12-16T21:41:38.5759694Z,2025-12-23T21:41:38.5759694Z,2025-12-17T01:30:00Z,75078,consumo_MedidorAtlas7_hora,COMPRESORES_AIRE
,,0,2025-12-16T21:41:38.5759694Z,2025-12-23T21:41:38.5759694Z,2025-12-17T02:00:00Z,75078,consumo_MedidorAtlas7_hora,COMPRESORES_AIRE
,,0,2025-12-16T21:41:38.5759694Z,2025-12-23T21:41:38.5759694Z,2025-12-17T02:30:00Z,87338,consumo_MedidorAtlas7_hora,COMPRESORES_AIRE
,,0,2025-12-16T21:41:38.5759694Z,2025-12-23T21:41:38.5759694Z,2025-12-17T03:00:00Z,87338,consumo_MedidorAtlas7_hora,COMPRESORES_AIRE
,,0,2025-12-16T21:41:38.5759694Z,2025-12-23T21:41:38.5759694Z,2025-12-17T03:30:00Z,94370,consumo_MedidorAtlas7_hora,COMPRESORES_AIRE
,,0,2025-12-16T21:41:38.5759694Z,2025-12-23T21:41:38.5759694Z,2025-12-17T04:00:00Z,94370,consumo_MedidorAtlas7_hora,COMPRESORES_AIRE
,,0,2025-12-16T21:41:38.5759694Z,2025-12-23T21:41:38.5759694Z,2025-12-17T04:30:00Z,89751,consumo_MedidorAtlas7_hora,COMPRESORES_AIRE
,,0,2025-12-16T21:41:38.5759694Z,2025-12-23T21:41:38.5759694Z,2025-12-17T05:00:00Z,89751,consumo_MedidorAtlas7_hora,COMPRESORES_AIRE
,,0,2025-12-16T21:41:38.5759694Z,2025-12-23T21:41:38.5759694Z,2025-12-17T05:30:00Z,80894,consumo_MedidorAtlas7_hora,COMPRESORES_AIRE
,,0,2025-12-16T21:41:38.5759694Z,2025-12-23T21:41:38.5759694Z,2025-12-17T06:00:00Z,80894,consumo_MedidorAtlas7_hora,COMPRESORES_AIRE
,,0,2025-12-16T21:41:38.5759694Z,2025-12-23T21:41:38.5759694Z,2025-12-17T06:30:00Z,80894,consumo_MedidorAtlas7_hora,COMPRESORES_AIRE
,,0,2025-12-16T21:41:38.5759694Z,2025-12-23T21:41:38.5759694Z,2025-12-17T07:00:00Z,80894,consumo_MedidorAtlas7_hora,COMPRESORES_AIRE
,,0,2025-12-16T21:41:38.5759694Z,2025-12-23T21:41:38.5759694Z,2025-12-17T07:30:00Z,123507,consumo_MedidorAtlas7_hora,COMPRESORES_AIRE
,,0,2025-12-16T21:41:38.5759694Z,2025-12-23T21:41:38.5759694Z,2025-12-17T08:00:00Z,123507,consumo_MedidorAtlas7_hora,COMPRESORES_AIRE
,,0,2025-12-16T21:41:38.5759694Z,2025-12-23T21:41:38.5759694Z,2025-12-17T08:30:00Z,74108,consumo_MedidorAtlas7_hora,COMPRESORES_AIRE
,,0,2025-12-16T21:41:38.5759694Z,2025-12-23T21:41:38.5759694Z,2025-12-17T09:00:00Z,74108,consumo_MedidorAtlas7_hora,COMPRESORES_AIRE
,,0,2025-12-16T21:41:38.5759694Z,2025-12-23T21:41:38.5759694Z,2025-12-17T09:30:00Z,67292,consumo_MedidorAtlas7_hora,COMPRESORES_AIRE
,,0,2025-12-16T21:41:38.5759694Z,2025-12-23T21:41:38.5759694Z,2025-12-17T10:00:00Z,67292,consumo_MedidorAtlas7_hora,COMPRESORES_AIRE
,,0,2025-12-16T21:41:38.5759694Z,2025-12-23T21:41:38.5759694Z,2025-12-17T10:30:00Z,48916,consumo_MedidorAtlas7_hora,COMPRESORES_AIRE
,,0,2025-12-16T21:41:38.5759694Z,2025-12-23T21:41:38.5759694Z,2025-12-17T11:00:00Z,48916,consumo_MedidorAtlas7_hora,COMPRESORES_AIRE
,,0,2025-12-16T21:41:38.5759694Z,2025-12-23T21:41:38.5759694Z,2025-12-17T11:30:00Z,47888,consumo_MedidorAtlas7_hora,COMPRESORES_AIRE
,,0,2025-12-16T21:41:38.5759694Z,2025-12-23T21:41:38.5759694Z,2025-12-17T12:00:00Z,47888,consumo_MedidorAtlas7_hora,COMPRESORES_AIRE
,,0,2025-12-16T21:41:38.5759694Z,2025-12-23T21:41:38.5759694Z,2025-12-17T12:30:00Z,31560,consumo_MedidorAtlas7_hora,COMPRESORES_AIRE
,,0,2025-12-16T21:41:38.5759694Z,2025-12-23T21:41:38.5759694Z,2025-12-17T13:00:00Z,31560,consumo_MedidorAtlas7_hora,COMPRESORES_AIRE
,,0,2025-12-16T21:41:38.5759694Z,2025-12-23T21:41:38.5759694Z,2025-12-17T13:30:00Z,20451,consumo_MedidorAtlas7_hora,COMPRESORES_AIRE
,,0,2025-12-16T21:41:38.5759694Z,2025-12-23T21:41:38.5759694Z,2025-12-17T14:00:00Z,20451,consumo_MedidorAtlas7_hora,COMPRESORES_AIRE
,,0,2025-12-16T21:41:38.5759694Z,2025-12-23T21:41:38.5759694Z,2025-12-17T14:30:00Z,5461,consumo_MedidorAtlas7_hora,COMPRESORES_AIRE
,,0,2025-12-16T21:41:38.5759694Z,2025-12-23T21:41:38.5759694Z,2025-12-17T15:00:00Z,5461,consumo_MedidorAtlas7_hora,COMPRESORES_AIRE
,,0,2025-12-16T21:41:38.5759694Z,2025-12-23T21:41:38.5759694Z,2025-12-17T15:30:00Z,696,consumo_MedidorAtlas7_hora,COMPRESORES_AIRE
,,0,2025-12-16T21:41:38.5759694Z,2025-12-23T21:41:38.5759694Z,2025-12-17T16:00:00Z,696,consumo_MedidorAtlas7_hora,COMPRESORES_AIRE
,,0,2025-12-16T21:41:38.5759694Z,2025-12-23T21:41:38.5759694Z,2025-12-17T16:30:00Z,3286,consumo_MedidorAtlas7_hora,COMPRESORES_AIRE
,,0,2025-12-16T21:41:38.5759694Z,2025-12-23T21:41:38.5759694Z,2025-12-17T17:00:00Z,3286,consumo_MedidorAtlas7_hora,COMPRESORES_AIRE
,,0,2025-12-16T21:41:38.5759694Z,2025-12-23T21:41:38.5759694Z,2025-12-17T17:30:00Z,2096,consumo_MedidorAtlas7_hora,COMPRESORES_AIRE
,,0,2025-12-16T21:41:38.5759694Z,2025-12-23T21:41:38.5759694Z,2025-12-17T18:00:00Z,2096,consumo_MedidorAtlas7_hora,COMPRESORES_AIRE
,,0,2025-12-16T21:41:38.5759694Z,2025-12-23T21:41:38.5759694Z,2025-12-17T18:30:00Z,8448,consumo_MedidorAtlas7_hora,COMPRESORES_AIRE
,,0,2025-12-16T21:41:38.5759694Z,2025-12-23T21:41:38.5759694Z,2025-12-17T19:00:00Z,8448,consumo_MedidorAtlas7_hora,COMPRESORES_AIRE
,,0,2025-12-16T21:41:38.5759694Z,2025-12-23T21:41:38.5759694Z,2025-12-17T19:30:00Z,23514,consumo_MedidorAtlas7_hora,COMPRESORES_AIRE
,,0,2025-12-16T21:41:38.5759694Z,2025-12-23T21:41:38.5759694Z,2025-12-17T20:00:00Z,23514,consumo_MedidorAtlas7_hora,COMPRESORES_AIRE
,,0,2025-12-16T21:41:38.5759694Z,2025-12-23T21:41:38.5759694Z,2025-12-17T20:30:00Z,44801,consumo_MedidorAtlas7_hora,COMPRESORES_AIRE
,,0,2025-12-16T21:41:38.5759694Z,2025-12-23T21:41:38.5759694Z,2025-12-17T21:00:00Z,44801,consumo_MedidorAtlas7_hora,COMPRESORES_AIRE
,,0,2025-12-16T21:41:38.5759694Z,2025-12-23T21:41:38.5759694Z,2025-12-17T21:30:00Z,54366,consumo_MedidorAtlas7_hora,COMPRESORES_AIRE
,,0,2025-12-16T21:41:38.5759694Z,2025-12-23T21:41:38.5759694Z,2025-12-17T22:00:00Z,54366,consumo_MedidorAtlas7_hora,COMPRESORES_AIRE
,,0,2025-12-16T21:41:38.5759694Z,2025-12-23T21:41:38.5759694Z,2025-12-17T22:30:00Z,52037,consumo_MedidorAtlas7_hora,COMPRESORES_AIRE
,,0,2025-12-16T21:41:38.5759694Z,2025-12-23T21:41:38.5759694Z,2025-12-17T23:00:00Z,52037,consumo_MedidorAtlas7_hora,COMPRESORES_AIRE
,,0,2025-12-16T21:41:38.5759694Z,2025-12-23T21:41:38.5759694Z,2025-12-17T23:30:00Z,48693,consumo_MedidorAtlas7_hora,COMPRESORES_AIRE
,,0,2025-12-16T21:41:38.5759694Z,2025-12-23T21:41:38.5759694Z,2025-12-18T17:00:00Z,0,consumo_MedidorAtlas7_hora,COMPRESORES_AIRE
,,0,2025-12-16T21:41:38.5759694Z,2025-12-23T21:41:38.5759694Z,2025-12-18T17:30:00Z,3780,consumo_MedidorAtlas7_hora,COMPRESORES_AIRE
,,0,2025-12-16T21:41:38.5759694Z,2025-12-23T21:41:38.5759694Z,2025-12-18T18:00:00Z,3780,consumo_MedidorAtlas7_hora,COMPRESORES_AIRE
,,0,2025-12-16T21:41:38.5759694Z,2025-12-23T21:41:38.5759694Z,2025-12-18T18:30:00Z,77321,consumo_MedidorAtlas7_hora,COMPRESORES_AIRE
,,0,2025-12-16T21:41:38.5759694Z,2025-12-23T21:41:38.5759694Z,2025-12-18T19:00:00Z,77321,consumo_MedidorAtlas7_hora,COMPRESORES_AIRE
,,0,2025-12-16T21:41:38.5759694Z,2025-12-23T21:41:38.5759694Z,2025-12-18T19:30:00Z,80620,consumo_MedidorAtlas7_hora,COMPRESORES_AIRE
,,0,2025-12-16T21:41:38.5759694Z,2025-12-23T21:41:38.5759694Z,2025-12-18T20:00:00Z,80620,consumo_MedidorAtlas7_hora,COMPRESORES_AIRE
,,0,2025-12-16T21:41:38.5759694Z,2025-12-23T21:41:38.5759694Z,2025-12-18T20:30:00Z,84759,consumo_MedidorAtlas7_hora,COMPRESORES_AIRE
,,0,2025-12-16T21:41:38.5759694Z,2025-12-23T21:41:38.5759694Z,2025-12-18T21:00:00Z,84759,consumo_MedidorAtlas7_hora,COMPRESORES_AIRE
,,0,2025-12-16T21:41:38.5759694Z,2025-12-23T21:41:38.5759694Z,2025-12-18T21:30:00Z,82175,consumo_MedidorAtlas7_hora,COMPRESORES_AIRE
,,0,2025-12-16T21:41:38.5759694Z,2025-12-23T21:41:38.5759694Z,2025-12-18T22:00:00Z,82175,consumo_MedidorAtlas7_hora,COMPRESORES_AIRE
,,0,2025-12-16T21:41:38.5759694Z,2025-12-23T21:41:38.5759694Z,2025-12-18T22:30:00Z,81486,consumo_MedidorAtlas7_hora,COMPRESORES_AIRE
,,0,2025-12-16T21:41:38.5759694Z,2025-12-23T21:41:38.5759694Z,2025-12-18T23:00:00Z,81486,consumo_MedidorAtlas7_hora,COMPRESORES_AIRE
,,0,2025-12-16T21:41:38.5759694Z,2025-12-23T21:41:38.5759694Z,2025-12-18T23:30:00Z,74755,consumo_MedidorAtlas7_hora,COMPRESORES_AIRE
,,0,2025-12-16T21:41:38.5759694Z,2025-12-23T21:41:38.5759694Z,2025-12-19T00:00:00Z,74755,consumo_MedidorAtlas7_hora,COMPRESORES_AIRE
,,0,2025-12-16T21:41:38.5759694Z,2025-12-23T21:41:38.5759694Z,2025-12-19T00:30:00Z,99265,consumo_MedidorAtlas7_hora,COMPRESORES_AIRE
,,0,2025-12-16T21:41:38.5759694Z,2025-12-23T21:41:38.5759694Z,2025-12-19T01:00:00Z,99265,consumo_MedidorAtlas7_hora,COMPRESORES_AIRE
,,0,2025-12-16T21:41:38.5759694Z,2025-12-23T21:41:38.5759694Z,2025-12-19T01:30:00Z,97941,consumo_MedidorAtlas7_hora,COMPRESORES_AIRE
,,0,2025-12-16T21:41:38.5759694Z,2025-12-23T21:41:38.5759694Z,2025-12-19T02:00:00Z,97941,consumo_MedidorAtlas7_hora,COMPRESORES_AIRE
,,0,2025-12-16T21:41:38.5759694Z,2025-12-23T21:41:38.5759694Z,2025-12-19T02:30:00Z,95532,consumo_MedidorAtlas7_hora,COMPRESORES_AIRE
,,0,2025-12-16T21:41:38.5759694Z,2025-12-23T21:41:38.5759694Z,2025-12-19T03:00:00Z,95532,consumo_MedidorAtlas7_hora,COMPRESORES_AIRE
,,0,2025-12-16T21:41:38.5759694Z,2025-12-23T21:41:38.5759694Z,2025-12-19T03:30:00Z,82382,consumo_MedidorAtlas7_hora,COMPRESORES_AIRE
,,0,2025-12-16T21:41:38.5759694Z,2025-12-23T21:41:38.5759694Z,2025-12-19T04:00:00Z,82382,consumo_MedidorAtlas7_hora,COMPRESORES_AIRE
,,0,2025-12-16T21:41:38.5759694Z,2025-12-23T21:41:38.5759694Z,2025-12-19T04:30:00Z,84281,consumo_MedidorAtlas7_hora,COMPRESORES_AIRE
,,0,2025-12-16T21:41:38.5759694Z,2025-12-23T21:41:38.5759694Z,2025-12-19T05:00:00Z,84281,consumo_MedidorAtlas7_hora,COMPRESORES_AIRE
,,0,2025-12-16T21:41:38.5759694Z,2025-12-23T21:41:38.5759694Z,2025-12-19T05:30:00Z,84705,consumo_MedidorAtlas7_hora,COMPRESORES_AIRE
,,0,2025-12-16T21:41:38.5759694Z,2025-12-23T21:41:38.5759694Z,2025-12-19T06:00:00Z,84705,consumo_MedidorAtlas7_hora,COMPRESORES_AIRE
,,0,2025-12-16T21:41:38.5759694Z,2025-12-23T21:41:38.5759694Z,2025-12-19T06:30:00Z,84705,consumo_MedidorAtlas7_hora,COMPRESORES_AIRE
,,0,2025-12-16T21:41:38.5759694Z,2025-12-23T21:41:38.5759694Z,2025-12-19T07:00:00Z,84705,consumo_MedidorAtlas7_hora,COMPRESORES_AIRE
,,0,2025-12-16T21:41:38.5759694Z,2025-12-23T21:41:38.5759694Z,2025-12-19T07:30:00Z,187074,consumo_MedidorAtlas7_hora,COMPRESORES_AIRE
,,0,2025-12-16T21:41:38.5759694Z,2025-12-23T21:41:38.5759694Z,2025-12-19T08:00:00Z,187074,consumo_MedidorAtlas7_hora,COMPRESORES_AIRE
,,0,2025-12-16T21:41:38.5759694Z,2025-12-23T21:41:38.5759694Z,2025-12-19T08:30:00Z,100683,consumo_MedidorAtlas7_hora,COMPRESORES_AIRE
,,0,2025-12-16T21:41:38.5759694Z,2025-12-23T21:41:38.5759694Z,2025-12-19T09:00:00Z,100683,consumo_MedidorAtlas7_hora,COMPRESORES_AIRE
,,0,2025-12-16T21:41:38.5759694Z,2025-12-23T21:41:38.5759694Z,2025-12-19T09:30:00Z,94402,consumo_MedidorAtlas7_hora,COMPRESORES_AIRE
,,0,2025-12-16T21:41:38.5759694Z,2025-12-23T21:41:38.5759694Z,2025-12-19T10:00:00Z,94402,consumo_MedidorAtlas7_hora,COMPRESORES_AIRE
,,0,2025-12-16T21:41:38.5759694Z,2025-12-23T21:41:38.5759694Z,2025-12-19T10:30:00Z,87656,consumo_MedidorAtlas7_hora,COMPRESORES_AIRE
,,0,2025-12-16T21:41:38.5759694Z,2025-12-23T21:41:38.5759694Z,2025-12-19T11:00:00Z,87656,consumo_MedidorAtlas7_hora,COMPRESORES_AIRE
,,0,2025-12-16T21:41:38.5759694Z,2025-12-23T21:41:38.5759694Z,2025-12-19T11:30:00Z,77116,consumo_MedidorAtlas7_hora,COMPRESORES_AIRE
,,0,2025-12-16T21:41:38.5759694Z,2025-12-23T21:41:38.5759694Z,2025-12-19T12:00:00Z,77116,consumo_MedidorAtlas7_hora,COMPRESORES_AIRE
,,0,2025-12-16T21:41:38.5759694Z,2025-12-23T21:41:38.5759694Z,2025-12-19T12:30:00Z,72462,consumo_MedidorAtlas7_hora,COMPRESORES_AIRE
,,0,2025-12-16T21:41:38.5759694Z,2025-12-23T21:41:38.5759694Z,2025-12-19T13:00:00Z,72462,consumo_MedidorAtlas7_hora,COMPRESORES_AIRE
,,0,2025-12-16T21:41:38.5759694Z,2025-12-23T21:41:38.5759694Z,2025-12-19T13:30:00Z,38715,consumo_MedidorAtlas7_hora,COMPRESORES_AIRE
,,0,2025-12-16T21:41:38.5759694Z,2025-12-23T21:41:38.5759694Z,2025-12-19T14:00:00Z,38715,consumo_MedidorAtlas7_hora,COMPRESORES_AIRE
,,0,2025-12-16T21:41:38.5759694Z,2025-12-23T21:41:38.5759694Z,2025-12-19T14:30:00Z,29182,consumo_MedidorAtlas7_hora,COMPRESORES_AIRE
,,0,2025-12-16T21:41:38.5759694Z,2025-12-23T21:41:38.5759694Z,2025-12-19T15:00:00Z,29182,consumo_MedidorAtlas7_hora,COMPRESORES_AIRE
,,0,2025-12-16T21:41:38.5759694Z,2025-12-23T21:41:38.5759694Z,2025-12-19T15:30:00Z,30863,consumo_MedidorAtlas7_hora,COMPRESORES_AIRE
,,0,2025-12-16T21:41:38.5759694Z,2025-12-23T21:41:38.5759694Z,2025-12-19T16:00:00Z,30863,consumo_MedidorAtlas7_hora,COMPRESORES_AIRE
,,0,2025-12-16T21:41:38.5759694Z,2025-12-23T21:41:38.5759694Z,2025-12-19T16:30:00Z,31577,consumo_MedidorAtlas7_hora,COMPRESORES_AIRE
,,0,2025-12-16T21:41:38.5759694Z,2025-12-23T21:41:38.5759694Z,2025-12-19T17:00:00Z,31577,consumo_MedidorAtlas7_hora,COMPRESORES_AIRE
,,0,2025-12-16T21:41:38.5759694Z,2025-12-23T21:41:38.5759694Z,2025-12-19T17:30:00Z,35709,consumo_MedidorAtlas7_hora,COMPRESORES_AIRE
,,0,2025-12-16T21:41:38.5759694Z,2025-12-23T21:41:38.5759694Z,2025-12-19T18:00:00Z,35709,consumo_MedidorAtlas7_hora,COMPRESORES_AIRE
,,0,2025-12-16T21:41:38.5759694Z,2025-12-23T21:41:38.5759694Z,2025-12-19T18:30:00Z,42280,consumo_MedidorAtlas7_hora,COMPRESORES_AIRE
,,0,2025-12-16T21:41:38.5759694Z,2025-12-23T21:41:38.5759694Z,2025-12-19T19:00:00Z,42280,consumo_MedidorAtlas7_hora,COMPRESORES_AIRE
,,0,2025-12-16T21:41:38.5759694Z,2025-12-23T21:41:38.5759694Z,2025-12-19T19:30:00Z,60432,consumo_MedidorAtlas7_hora,COMPRESORES_AIRE
,,0,2025-12-16T21:41:38.5759694Z,2025-12-23T21:41:38.5759694Z,2025-12-19T20:00:00Z,60432,consumo_MedidorAtlas7_hora,COMPRESORES_AIRE
,,0,2025-12-16T21:41:38.5759694Z,2025-12-23T21:41:38.5759694Z,2025-12-19T20:30:00Z,34437,consumo_MedidorAtlas7_hora,COMPRESORES_AIRE
,,0,2025-12-16T21:41:38.5759694Z,2025-12-23T21:41:38.5759694Z,2025-12-19T21:00:00Z,34437,consumo_MedidorAtlas7_hora,COMPRESORES_AIRE
,,0,2025-12-16T21:41:38.5759694Z,2025-12-23T21:41:38.5759694Z,2025-12-19T21:30:00Z,60295,consumo_MedidorAtlas7_hora,COMPRESORES_AIRE
,,0,2025-12-16T21:41:38.5759694Z,2025-12-23T21:41:38.5759694Z,2025-12-19T22:00:00Z,60295,consumo_MedidorAtlas7_hora,COMPRESORES_AIRE
,,0,2025-12-16T21:41:38.5759694Z,2025-12-23T21:41:38.5759694Z,2025-12-19T22:30:00Z,58527,consumo_MedidorAtlas7_hora,COMPRESORES_AIRE
,,0,2025-12-16T21:41:38.5759694Z,2025-12-23T21:41:38.5759694Z,2025-12-19T23:00:00Z,58527,consumo_MedidorAtlas7_hora,COMPRESORES_AIRE
,,0,2025-12-16T21:41:38.5759694Z,2025-12-23T21:41:38.5759694Z,2025-12-19T23:30:00Z,54494,consumo_MedidorAtlas7_hora,COMPRESORES_AIRE
,,0,2025-12-16T21:41:38.5759694Z,2025-12-23T21:41:38.5759694Z,2025-12-20T00:00:00Z,54494,consumo_MedidorAtlas7_hora,COMPRESORES_AIRE
,,0,2025-12-16T21:41:38.5759694Z,2025-12-23T21:41:38.5759694Z,2025-12-20T00:30:00Z,39484,consumo_MedidorAtlas7_hora,COMPRESORES_AIRE
,,0,2025-12-16T21:41:38.5759694Z,2025-12-23T21:41:38.5759694Z,2025-12-20T01:00:00Z,39484,consumo_MedidorAtlas7_hora,COMPRESORES_AIRE
,,0,2025-12-16T21:41:38.5759694Z,2025-12-23T21:41:38.5759694Z,2025-12-20T01:30:00Z,38314,consumo_MedidorAtlas7_hora,COMPRESORES_AIRE
,,0,2025-12-16T21:41:38.5759694Z,2025-12-23T21:41:38.5759694Z,2025-12-20T02:00:00Z,38314,consumo_MedidorAtlas7_hora,COMPRESORES_AIRE
,,0,2025-12-16T21:41:38.5759694Z,2025-12-23T21:41:38.5759694Z,2025-12-20T02:30:00Z,23171,consumo_MedidorAtlas7_hora,COMPRESORES_AIRE
,,0,2025-12-16T21:41:38.5759694Z,2025-12-23T21:41:38.5759694Z,2025-12-20T03:00:00Z,23171,consumo_MedidorAtlas7_hora,COMPRESORES_AIRE
,,0,2025-12-16T21:41:38.5759694Z,2025-12-23T21:41:38.5759694Z,2025-12-20T03:30:00Z,123,consumo_MedidorAtlas7_hora,COMPRESORES_AIRE
,,0,2025-12-16T21:41:38.5759694Z,2025-12-23T21:41:38.5759694Z,2025-12-20T04:00:00Z,123,consumo_MedidorAtlas7_hora,COMPRESORES_AIRE
,,0,2025-12-16T21:41:38.5759694Z,2025-12-23T21:41:38.5759694Z,2025-12-20T04:30:00Z,737,consumo_MedidorAtlas7_hora,COMPRESORES_AIRE
,,0,2025-12-16T21:41:38.5759694Z,2025-12-23T21:41:38.5759694Z,2025-12-20T05:00:00Z,737,consumo_MedidorAtlas7_hora,COMPRESORES_AIRE
,,0,2025-12-16T21:41:38.5759694Z,2025-12-23T21:41:38.5759694Z,2025-12-20T05:30:00Z,181,consumo_MedidorAtlas7_hora,COMPRESORES_AIRE
,,0,2025-12-16T21:41:38.5759694Z,2025-12-23T21:41:38.5759694Z,2025-12-20T06:00:00Z,181,consumo_MedidorAtlas7_hora,COMPRESORES_AIRE
,,0,2025-12-16T21:41:38.5759694Z,2025-12-23T21:41:38.5759694Z,2025-12-20T06:30:00Z,181,consumo_MedidorAtlas7_hora,COMPRESORES_AIRE
,,0,2025-12-16T21:41:38.5759694Z,2025-12-23T21:41:38.5759694Z,2025-12-20T07:00:00Z,181,consumo_MedidorAtlas7_hora,COMPRESORES_AIRE
,,0,2025-12-16T21:41:38.5759694Z,2025-12-23T21:41:38.5759694Z,2025-12-20T07:30:00Z,211,consumo_MedidorAtlas7_hora,COMPRESORES_AIRE
,,0,2025-12-16T21:41:38.5759694Z,2025-12-23T21:41:38.5759694Z,2025-12-20T08:00:00Z,211,consumo_MedidorAtlas7_hora,COMPRESORES_AIRE
,,0,2025-12-16T21:41:38.5759694Z,2025-12-23T21:41:38.5759694Z,2025-12-20T08:30:00Z,66,consumo_MedidorAtlas7_hora,COMPRESORES_AIRE
,,0,2025-12-16T21:41:38.5759694Z,2025-12-23T21:41:38.5759694Z,2025-12-20T09:00:00Z,66,consumo_MedidorAtlas7_hora,COMPRESORES_AIRE
,,0,2025-12-16T21:41:38.5759694Z,2025-12-23T21:41:38.5759694Z,2025-12-20T09:30:00Z,53950,consumo_MedidorAtlas7_hora,COMPRESORES_AIRE
,,0,2025-12-16T21:41:38.5759694Z,2025-12-23T21:41:38.5759694Z,2025-12-20T10:00:00Z,53950,consumo_MedidorAtlas7_hora,COMPRESORES_AIRE
,,0,2025-12-16T21:41:38.5759694Z,2025-12-23T21:41:38.5759694Z,2025-12-20T10:30:00Z,52985,consumo_MedidorAtlas7_hora,COMPRESORES_AIRE
,,0,2025-12-16T21:41:38.5759694Z,2025-12-23T21:41:38.5759694Z,2025-12-20T11:00:00Z,52985,consumo_MedidorAtlas7_hora,COMPRESORES_AIRE
,,0,2025-12-16T21:41:38.5759694Z,2025-12-23T21:41:38.5759694Z,2025-12-20T11:30:00Z,50333,consumo_MedidorAtlas7_hora,COMPRESORES_AIRE
,,0,2025-12-16T21:41:38.5759694Z,2025-12-23T21:41:38.5759694Z,2025-12-20T12:00:00Z,50333,consumo_MedidorAtlas7_hora,COMPRESORES_AIRE
,,0,2025-12-16T21:41:38.5759694Z,2025-12-23T21:41:38.5759694Z,2025-12-20T12:30:00Z,61543,consumo_MedidorAtlas7_hora,COMPRESORES_AIRE
,,0,2025-12-16T21:41:38.5759694Z,2025-12-23T21:41:38.5759694Z,2025-12-20T13:00:00Z,61543,consumo_MedidorAtlas7_hora,COMPRESORES_AIRE
,,0,2025-12-16T21:41:38.5759694Z,2025-12-23T21:41:38.5759694Z,2025-12-20T13:30:00Z,69382,consumo_MedidorAtlas7_hora,COMPRESORES_AIRE
,,0,2025-12-16T21:41:38.5759694Z,2025-12-23T21:41:38.5759694Z,2025-12-20T14:00:00Z,69382,consumo_MedidorAtlas7_hora,COMPRESORES_AIRE
,,0,2025-12-16T21:41:38.5759694Z,2025-12-23T21:41:38.5759694Z,2025-12-20T14:30:00Z,73018,consumo_MedidorAtlas7_hora,COMPRESORES_AIRE
,,0,2025-12-16T21:41:38.5759694Z,2025-12-23T21:41:38.5759694Z,2025-12-20T15:00:00Z,73018,consumo_MedidorAtlas7_hora,COMPRESORES_AIRE
,,0,2025-12-16T21:41:38.5759694Z,2025-12-23T21:41:38.5759694Z,2025-12-20T15:30:00Z,56944,consumo_MedidorAtlas7_hora,COMPRESORES_AIRE
,,0,2025-12-16T21:41:38.5759694Z,2025-12-23T21:41:38.5759694Z,2025-12-20T16:00:00Z,56944,consumo_MedidorAtlas7_hora,COMPRESORES_AIRE
,,0,2025-12-16T21:41:38.5759694Z,2025-12-23T21:41:38.5759694Z,2025-12-20T16:30:00Z,45791,consumo_MedidorAtlas7_hora,COMPRESORES_AIRE
,,0,2025-12-16T21:41:38.5759694Z,2025-12-23T21:41:38.5759694Z,2025-12-20T17:00:00Z,45791,consumo_MedidorAtlas7_hora,COMPRESORES_AIRE
,,0,2025-12-16T21:41:38.5759694Z,2025-12-23T21:41:38.5759694Z,2025-12-20T17:30:00Z,46852,consumo_MedidorAtlas7_hora,COMPRESORES_AIRE
,,0,2025-12-16T21:41:38.5759694Z,2025-12-23T21:41:38.5759694Z,2025-12-20T18:00:00Z,46852,consumo_MedidorAtlas7_hora,COMPRESORES_AIRE
,,0,2025-12-16T21:41:38.5759694Z,2025-12-23T21:41:38.5759694Z,2025-12-20T18:30:00Z,39708,consumo_MedidorAtlas7_hora,COMPRESORES_AIRE
,,0,2025-12-16T21:41:38.5759694Z,2025-12-23T21:41:38.5759694Z,2025-12-20T19:00:00Z,39708,consumo_MedidorAtlas7_hora,COMPRESORES_AIRE
,,0,2025-12-16T21:41:38.5759694Z,2025-12-23T21:41:38.5759694Z,2025-12-20T19:30:00Z,49723,consumo_MedidorAtlas7_hora,COMPRESORES_AIRE
,,0,2025-12-16T21:41:38.5759694Z,2025-12-23T21:41:38.5759694Z,2025-12-20T20:00:00Z,49723,consumo_MedidorAtlas7_hora,COMPRESORES_AIRE
,,0,2025-12-16T21:41:38.5759694Z,2025-12-23T21:41:38.5759694Z,2025-12-20T20:30:00Z,46809,consumo_MedidorAtlas7_hora,COMPRESORES_AIRE
,,0,2025-12-16T21:41:38.5759694Z,2025-12-23T21:41:38.5759694Z,2025-12-20T21:00:00Z,46809,consumo_MedidorAtlas7_hora,COMPRESORES_AIRE
,,0,2025-12-16T21:41:38.5759694Z,2025-12-23T21:41:38.5759694Z,2025-12-20T21:30:00Z,31081,consumo_MedidorAtlas7_hora,COMPRESORES_AIRE
,,0,2025-12-16T21:41:38.5759694Z,2025-12-23T21:41:38.5759694Z,2025-12-20T22:00:00Z,31081,consumo_MedidorAtlas7_hora,COMPRESORES_AIRE
,,0,2025-12-16T21:41:38.5759694Z,2025-12-23T21:41:38.5759694Z,2025-12-20T22:30:00Z,26412,consumo_MedidorAtlas7_hora,COMPRESORES_AIRE
,,0,2025-12-16T21:41:38.5759694Z,2025-12-23T21:41:38.5759694Z,2025-12-20T23:00:00Z,26412,consumo_MedidorAtlas7_hora,COMPRESORES_AIRE
,,0,2025-12-16T21:41:38.5759694Z,2025-12-23T21:41:38.5759694Z,2025-12-20T23:30:00Z,31229,consumo_MedidorAtlas7_hora,COMPRESORES_AIRE
,,0,2025-12-16T21:41:38.5759694Z,2025-12-23T21:41:38.5759694Z,2025-12-21T00:00:00Z,31229,consumo_MedidorAtlas7_hora,COMPRESORES_AIRE
,,0,2025-12-16T21:41:38.5759694Z,2025-12-23T21:41:38.5759694Z,2025-12-21T00:30:00Z,23917,consumo_MedidorAtlas7_hora,COMPRESORES_AIRE
,,0,2025-12-16T21:41:38.5759694Z,2025-12-23T21:41:38.5759694Z,2025-12-21T01:00:00Z,23917,consumo_MedidorAtlas7_hora,COMPRESORES_AIRE
,,0,2025-12-16T21:41:38.5759694Z,2025-12-23T21:41:38.5759694Z,2025-12-21T01:30:00Z,18753,consumo_MedidorAtlas7_hora,COMPRESORES_AIRE
,,0,2025-12-16T21:41:38.5759694Z,2025-12-23T21:41:38.5759694Z,2025-12-21T02:00:00Z,18753,consumo_MedidorAtlas7_hora,COMPRESORES_AIRE
,,0,2025-12-16T21:41:38.5759694Z,2025-12-23T21:41:38.5759694Z,2025-12-21T02:30:00Z,11295,consumo_MedidorAtlas7_hora,COMPRESORES_AIRE
,,0,2025-12-16T21:41:38.5759694Z,2025-12-23T21:41:38.5759694Z,2025-12-21T03:00:00Z,11295,consumo_MedidorAtlas7_hora,COMPRESORES_AIRE
,,0,2025-12-16T21:41:38.5759694Z,2025-12-23T21:41:38.5759694Z,2025-12-21T03:30:00Z,2470,consumo_MedidorAtlas7_hora,COMPRESORES_AIRE
,,0,2025-12-16T21:41:38.5759694Z,2025-12-23T21:41:38.5759694Z,2025-12-21T04:00:00Z,2470,consumo_MedidorAtlas7_hora,COMPRESORES_AIRE
,,0,2025-12-16T21:41:38.5759694Z,2025-12-23T21:41:38.5759694Z,2025-12-21T04:30:00Z,126,consumo_MedidorAtlas7_hora,COMPRESORES_AIRE
,,0,2025-12-16T21:41:38.5759694Z,2025-12-23T21:41:38.5759694Z,2025-12-21T05:00:00Z,126,consumo_MedidorAtlas7_hora,COMPRESORES_AIRE
,,0,2025-12-16T21:41:38.5759694Z,2025-12-23T21:41:38.5759694Z,2025-12-21T05:30:00Z,82,consumo_MedidorAtlas7_hora,COMPRESORES_AIRE
,,0,2025-12-16T21:41:38.5759694Z,2025-12-23T21:41:38.5759694Z,2025-12-21T06:00:00Z,82,consumo_MedidorAtlas7_hora,COMPRESORES_AIRE
,,0,2025-12-16T21:41:38.5759694Z,2025-12-23T21:41:38.5759694Z,2025-12-21T06:30:00Z,82,consumo_MedidorAtlas7_hora,COMPRESORES_AIRE
,,0,2025-12-16T21:41:38.5759694Z,2025-12-23T21:41:38.5759694Z,2025-12-21T07:00:00Z,82,consumo_MedidorAtlas7_hora,COMPRESORES_AIRE
,,0,2025-12-16T21:41:38.5759694Z,2025-12-23T21:41:38.5759694Z,2025-12-21T07:30:00Z,117525,consumo_MedidorAtlas7_hora,COMPRESORES_AIRE
,,0,2025-12-16T21:41:38.5759694Z,2025-12-23T21:41:38.5759694Z,2025-12-21T08:00:00Z,117525,consumo_MedidorAtlas7_hora,COMPRESORES_AIRE
,,0,2025-12-16T21:41:38.5759694Z,2025-12-23T21:41:38.5759694Z,2025-12-21T08:30:00Z,28787,consumo_MedidorAtlas7_hora,COMPRESORES_AIRE
,,0,2025-12-16T21:41:38.5759694Z,2025-12-23T21:41:38.5759694Z,2025-12-21T09:00:00Z,28787,consumo_MedidorAtlas7_hora,COMPRESORES_AIRE
,,0,2025-12-16T21:41:38.5759694Z,2025-12-23T21:41:38.5759694Z,2025-12-21T09:30:00Z,52,consumo_MedidorAtlas7_hora,COMPRESORES_AIRE
,,0,2025-12-16T21:41:38.5759694Z,2025-12-23T21:41:38.5759694Z,2025-12-21T10:00:00Z,52,consumo_MedidorAtlas7_hora,COMPRESORES_AIRE
,,0,2025-12-16T21:41:38.5759694Z,2025-12-23T21:41:38.5759694Z,2025-12-21T10:30:00Z,69,consumo_MedidorAtlas7_hora,COMPRESORES_AIRE
,,0,2025-12-16T21:41:38.5759694Z,2025-12-23T21:41:38.5759694Z,2025-12-21T11:00:00Z,69,consumo_MedidorAtlas7_hora,COMPRESORES_AIRE
,,0,2025-12-16T21:41:38.5759694Z,2025-12-23T21:41:38.5759694Z,2025-12-21T11:30:00Z,95,consumo_MedidorAtlas7_hora,COMPRESORES_AIRE
,,0,2025-12-16T21:41:38.5759694Z,2025-12-23T21:41:38.5759694Z,2025-12-21T12:00:00Z,95,consumo_MedidorAtlas7_hora,COMPRESORES_AIRE
,,0,2025-12-16T21:41:38.5759694Z,2025-12-23T21:41:38.5759694Z,2025-12-21T12:30:00Z,106,consumo_MedidorAtlas7_hora,COMPRESORES_AIRE
,,0,2025-12-16T21:41:38.5759694Z,2025-12-23T21:41:38.5759694Z,2025-12-21T13:00:00Z,106,consumo_MedidorAtlas7_hora,COMPRESORES_AIRE
,,0,2025-12-16T21:41:38.5759694Z,2025-12-23T21:41:38.5759694Z,2025-12-21T13:30:00Z,55,consumo_MedidorAtlas7_hora,COMPRESORES_AIRE
,,0,2025-12-16T21:41:38.5759694Z,2025-12-23T21:41:38.5759694Z,2025-12-21T14:00:00Z,55,consumo_MedidorAtlas7_hora,COMPRESORES_AIRE
,,0,2025-12-16T21:41:38.5759694Z,2025-12-23T21:41:38.5759694Z,2025-12-21T14:30:00Z,59009,consumo_MedidorAtlas7_hora,COMPRESORES_AIRE
,,0,2025-12-16T21:41:38.5759694Z,2025-12-23T21:41:38.5759694Z,2025-12-21T15:00:00Z,59009,consumo_MedidorAtlas7_hora,COMPRESORES_AIRE
,,0,2025-12-16T21:41:38.5759694Z,2025-12-23T21:41:38.5759694Z,2025-12-21T15:30:00Z,81041,consumo_MedidorAtlas7_hora,COMPRESORES_AIRE
,,0,2025-12-16T21:41:38.5759694Z,2025-12-23T21:41:38.5759694Z,2025-12-21T16:00:00Z,81041,consumo_MedidorAtlas7_hora,COMPRESORES_AIRE
,,0,2025-12-16T21:41:38.5759694Z,2025-12-23T21:41:38.5759694Z,2025-12-21T16:30:00Z,62482,consumo_MedidorAtlas7_hora,COMPRESORES_AIRE
,,0,2025-12-16T21:41:38.5759694Z,2025-12-23T21:41:38.5759694Z,2025-12-21T17:00:00Z,62482,consumo_MedidorAtlas7_hora,COMPRESORES_AIRE
,,0,2025-12-16T21:41:38.5759694Z,2025-12-23T21:41:38.5759694Z,2025-12-21T17:30:00Z,101698,consumo_MedidorAtlas7_hora,COMPRESORES_AIRE
,,0,2025-12-16T21:41:38.5759694Z,2025-12-23T21:41:38.5759694Z,2025-12-21T18:00:00Z,101698,consumo_MedidorAtlas7_hora,COMPRESORES_AIRE
,,0,2025-12-16T21:41:38.5759694Z,2025-12-23T21:41:38.5759694Z,2025-12-21T18:30:00Z,101864,consumo_MedidorAtlas7_hora,COMPRESORES_AIRE
,,0,2025-12-16T21:41:38.5759694Z,2025-12-23T21:41:38.5759694Z,2025-12-21T19:00:00Z,101864,consumo_MedidorAtlas7_hora,COMPRESORES_AIRE
,,0,2025-12-16T21:41:38.5759694Z,2025-12-23T21:41:38.5759694Z,2025-12-21T19:30:00Z,99549,consumo_MedidorAtlas7_hora,COMPRESORES_AIRE
,,0,2025-12-16T21:41:38.5759694Z,2025-12-23T21:41:38.5759694Z,2025-12-21T20:00:00Z,99549,consumo_MedidorAtlas7_hora,COMPRESORES_AIRE
,,0,2025-12-16T21:41:38.5759694Z,2025-12-23T21:41:38.5759694Z,2025-12-21T20:30:00Z,98267,consumo_MedidorAtlas7_hora,COMPRESORES_AIRE
,,0,2025-12-16T21:41:38.5759694Z,2025-12-23T21:41:38.5759694Z,2025-12-21T21:00:00Z,98267,consumo_MedidorAtlas7_hora,COMPRESORES_AIRE
,,0,2025-12-16T21:41:38.5759694Z,2025-12-23T21:41:38.5759694Z,2025-12-21T21:30:00Z,100725,consumo_MedidorAtlas7_hora,COMPRESORES_AIRE
,,0,2025-12-16T21:41:38.5759694Z,2025-12-23T21:41:38.5759694Z,2025-12-21T22:00:00Z,100725,consumo_MedidorAtlas7_hora,COMPRESORES_AIRE
,,0,2025-12-16T21:41:38.5759694Z,2025-12-23T21:41:38.5759694Z,2025-12-21T22:30:00Z,99097,consumo_MedidorAtlas7_hora,COMPRESORES_AIRE
,,0,2025-12-16T21:41:38.5759694Z,2025-12-23T21:41:38.5759694Z,2025-12-21T23:00:00Z,99097,consumo_MedidorAtlas7_hora,COMPRESORES_AIRE
,,0,2025-12-16T21:41:38.5759694Z,2025-12-23T21:41:38.5759694Z,2025-12-21T23:30:00Z,99780,consumo_MedidorAtlas7_hora,COMPRESORES_AIRE
,,0,2025-12-16T21:41:38.5759694Z,2025-12-23T21:41:38.5759694Z,2025-12-22T00:00:00Z,99780,consumo_MedidorAtlas7_hora,COMPRESORES_AIRE
,,0,2025-12-16T21:41:38.5759694Z,2025-12-23T21:41:38.5759694Z,2025-12-22T00:30:00Z,99808,consumo_MedidorAtlas7_hora,COMPRESORES_AIRE
,,0,2025-12-16T21:41:38.5759694Z,2025-12-23T21:41:38.5759694Z,2025-12-22T01:00:00Z,99808,consumo_MedidorAtlas7_hora,COMPRESORES_AIRE
,,0,2025-12-16T21:41:38.5759694Z,2025-12-23T21:41:38.5759694Z,2025-12-22T01:30:00Z,100214,consumo_MedidorAtlas7_hora,COMPRESORES_AIRE
,,0,2025-12-16T21:41:38.5759694Z,2025-12-23T21:41:38.5759694Z,2025-12-22T02:00:00Z,100214,consumo_MedidorAtlas7_hora,COMPRESORES_AIRE
,,0,2025-12-16T21:41:38.5759694Z,2025-12-23T21:41:38.5759694Z,2025-12-22T02:30:00Z,100192,consumo_MedidorAtlas7_hora,COMPRESORES_AIRE
,,0,2025-12-16T21:41:38.5759694Z,2025-12-23T21:41:38.5759694Z,2025-12-22T03:00:00Z,100192,consumo_MedidorAtlas7_hora,COMPRESORES_AIRE
,,0,2025-12-16T21:41:38.5759694Z,2025-12-23T21:41:38.5759694Z,2025-12-22T03:30:00Z,97862,consumo_MedidorAtlas7_hora,COMPRESORES_AIRE
,,0,2025-12-16T21:41:38.5759694Z,2025-12-23T21:41:38.5759694Z,2025-12-22T04:00:00Z,97862,consumo_MedidorAtlas7_hora,COMPRESORES_AIRE
,,0,2025-12-16T21:41:38.5759694Z,2025-12-23T21:41:38.5759694Z,2025-12-22T04:30:00Z,100322,consumo_MedidorAtlas7_hora,COMPRESORES_AIRE
,,0,2025-12-16T21:41:38.5759694Z,2025-12-23T21:41:38.5759694Z,2025-12-22T05:00:00Z,100322,consumo_MedidorAtlas7_hora,COMPRESORES_AIRE
,,0,2025-12-16T21:41:38.5759694Z,2025-12-23T21:41:38.5759694Z,2025-12-22T05:30:00Z,99388,consumo_MedidorAtlas7_hora,COMPRESORES_AIRE
,,0,2025-12-16T21:41:38.5759694Z,2025-12-23T21:41:38.5759694Z,2025-12-22T06:00:00Z,99388,consumo_MedidorAtlas7_hora,COMPRESORES_AIRE
,,0,2025-12-16T21:41:38.5759694Z,2025-12-23T21:41:38.5759694Z,2025-12-22T06:30:00Z,99388,consumo_MedidorAtlas7_hora,COMPRESORES_AIRE
,,0,2025-12-16T21:41:38.5759694Z,2025-12-23T21:41:38.5759694Z,2025-12-22T07:00:00Z,99388,consumo_MedidorAtlas7_hora,COMPRESORES_AIRE
,,0,2025-12-16T21:41:38.5759694Z,2025-12-23T21:41:38.5759694Z,2025-12-22T07:30:00Z,199537,consumo_MedidorAtlas7_hora,COMPRESORES_AIRE
,,0,2025-12-16T21:41:38.5759694Z,2025-12-23T21:41:38.5759694Z,2025-12-22T08:00:00Z,199537,consumo_MedidorAtlas7_hora,COMPRESORES_AIRE
,,0,2025-12-16T21:41:38.5759694Z,2025-12-23T21:41:38.5759694Z,2025-12-22T08:30:00Z,99809,consumo_MedidorAtlas7_hora,COMPRESORES_AIRE
,,0,2025-12-16T21:41:38.5759694Z,2025-12-23T21:41:38.5759694Z,2025-12-22T09:00:00Z,99809,consumo_MedidorAtlas7_hora,COMPRESORES_AIRE
,,0,2025-12-16T21:41:38.5759694Z,2025-12-23T21:41:38.5759694Z,2025-12-22T09:30:00Z,99564,consumo_MedidorAtlas7_hora,COMPRESORES_AIRE
,,0,2025-12-16T21:41:38.5759694Z,2025-12-23T21:41:38.5759694Z,2025-12-22T10:00:00Z,99564,consumo_MedidorAtlas7_hora,COMPRESORES_AIRE
,,0,2025-12-16T21:41:38.5759694Z,2025-12-23T21:41:38.5759694Z,2025-12-22T10:30:00Z,99910,consumo_MedidorAtlas7_hora,COMPRESORES_AIRE
,,0,2025-12-16T21:41:38.5759694Z,2025-12-23T21:41:38.5759694Z,2025-12-22T11:00:00Z,99910,consumo_MedidorAtlas7_hora,COMPRESORES_AIRE
,,0,2025-12-16T21:41:38.5759694Z,2025-12-23T21:41:38.5759694Z,2025-12-22T11:30:00Z,99734,consumo_MedidorAtlas7_hora,COMPRESORES_AIRE
,,0,2025-12-16T21:41:38.5759694Z,2025-12-23T21:41:38.5759694Z,2025-12-22T12:00:00Z,99734,consumo_MedidorAtlas7_hora,COMPRESORES_AIRE
,,0,2025-12-16T21:41:38.5759694Z,2025-12-23T21:41:38.5759694Z,2025-12-22T12:30:00Z,98769,consumo_MedidorAtlas7_hora,COMPRESORES_AIRE
,,0,2025-12-16T21:41:38.5759694Z,2025-12-23T21:41:38.5759694Z,2025-12-22T13:00:00Z,98769,consumo_MedidorAtlas7_hora,COMPRESORES_AIRE
,,0,2025-12-16T21:41:38.5759694Z,2025-12-23T21:41:38.5759694Z,2025-12-22T13:30:00Z,97839,consumo_MedidorAtlas7_hora,COMPRESORES_AIRE
,,0,2025-12-16T21:41:38.5759694Z,2025-12-23T21:41:38.5759694Z,2025-12-22T14:00:00Z,97839,consumo_MedidorAtlas7_hora,COMPRESORES_AIRE
,,0,2025-12-16T21:41:38.5759694Z,2025-12-23T21:41:38.5759694Z,2025-12-22T14:30:00Z,100511,consumo_MedidorAtlas7_hora,COMPRESORES_AIRE
,,0,2025-12-16T21:41:38.5759694Z,2025-12-23T21:41:38.5759694Z,2025-12-22T15:00:00Z,100511,consumo_MedidorAtlas7_hora,COMPRESORES_AIRE
,,0,2025-12-16T21:41:38.5759694Z,2025-12-23T21:41:38.5759694Z,2025-12-22T15:30:00Z,97990,consumo_MedidorAtlas7_hora,COMPRESORES_AIRE
,,0,2025-12-16T21:41:38.5759694Z,2025-12-23T21:41:38.5759694Z,2025-12-22T16:00:00Z,97990,consumo_MedidorAtlas7_hora,COMPRESORES_AIRE
,,0,2025-12-16T21:41:38.5759694Z,2025-12-23T21:41:38.5759694Z,2025-12-22T16:30:00Z,58558,consumo_MedidorAtlas7_hora,COMPRESORES_AIRE
,,0,2025-12-16T21:41:38.5759694Z,2025-12-23T21:41:38.5759694Z,2025-12-22T17:00:00Z,58558,consumo_MedidorAtlas7_hora,COMPRESORES_AIRE
,,0,2025-12-16T21:41:38.5759694Z,2025-12-23T21:41:38.5759694Z,2025-12-22T17:30:00Z,53425,consumo_MedidorAtlas7_hora,COMPRESORES_AIRE
,,0,2025-12-16T21:41:38.5759694Z,2025-12-23T21:41:38.5759694Z,2025-12-22T18:00:00Z,53425,consumo_MedidorAtlas7_hora,COMPRESORES_AIRE
,,0,2025-12-16T21:41:38.5759694Z,2025-12-23T21:41:38.5759694Z,2025-12-22T18:30:00Z,57716,consumo_MedidorAtlas7_hora,COMPRESORES_AIRE
,,0,2025-12-16T21:41:38.5759694Z,2025-12-23T21:41:38.5759694Z,2025-12-22T19:00:00Z,57716,consumo_MedidorAtlas7_hora,COMPRESORES_AIRE
,,0,2025-12-16T21:41:38.5759694Z,2025-12-23T21:41:38.5759694Z,2025-12-22T19:30:00Z,49159,consumo_MedidorAtlas7_hora,COMPRESORES_AIRE
,,0,2025-12-16T21:41:38.5759694Z,2025-12-23T21:41:38.5759694Z,2025-12-22T20:00:00Z,49159,consumo_MedidorAtlas7_hora,COMPRESORES_AIRE
,,0,2025-12-16T21:41:38.5759694Z,2025-12-23T21:41:38.5759694Z,2025-12-22T20:30:00Z,63465,consumo_MedidorAtlas7_hora,COMPRESORES_AIRE
,,0,2025-12-16T21:41:38.5759694Z,2025-12-23T21:41:38.5759694Z,2025-12-22T21:00:00Z,63465,consumo_MedidorAtlas7_hora,COMPRESORES_AIRE
,,0,2025-12-16T21:41:38.5759694Z,2025-12-23T21:41:38.5759694Z,2025-12-22T21:30:00Z,65738,consumo_MedidorAtlas7_hora,COMPRESORES_AIRE
,,0,2025-12-16T21:41:38.5759694Z,2025-12-23T21:41:38.5759694Z,2025-12-22T22:00:00Z,65738,consumo_MedidorAtlas7_hora,COMPRESORES_AIRE
,,0,2025-12-16T21:41:38.5759694Z,2025-12-23T21:41:38.5759694Z,2025-12-22T22:30:00Z,62425,consumo_MedidorAtlas7_hora,COMPRESORES_AIRE
,,0,2025-12-16T21:41:38.5759694Z,2025-12-23T21:41:38.5759694Z,2025-12-22T23:00:00Z,62425,consumo_MedidorAtlas7_hora,COMPRESORES_AIRE
,,0,2025-12-16T21:41:38.5759694Z,2025-12-23T21:41:38.5759694Z,2025-12-22T23:30:00Z,42230,consumo_MedidorAtlas7_hora,COMPRESORES_AIRE
,,0,2025-12-16T21:41:38.5759694Z,2025-12-23T21:41:38.5759694Z,2025-12-23T00:00:00Z,42230,consumo_MedidorAtlas7_hora,COMPRESORES_AIRE
,,0,2025-12-16T21:41:38.5759694Z,2025-12-23T21:41:38.5759694Z,2025-12-23T00:30:00Z,67298,consumo_MedidorAtlas7_hora,COMPRESORES_AIRE
,,0,2025-12-16T21:41:38.5759694Z,2025-12-23T21:41:38.5759694Z,2025-12-23T01:00:00Z,67298,consumo_MedidorAtlas7_hora,COMPRESORES_AIRE
,,0,2025-12-16T21:41:38.5759694Z,2025-12-23T21:41:38.5759694Z,2025-12-23T01:30:00Z,59616,consumo_MedidorAtlas7_hora,COMPRESORES_AIRE
,,0,2025-12-16T21:41:38.5759694Z,2025-12-23T21:41:38.5759694Z,2025-12-23T02:00:00Z,59616,consumo_MedidorAtlas7_hora,COMPRESORES_AIRE
,,0,2025-12-16T21:41:38.5759694Z,2025-12-23T21:41:38.5759694Z,2025-12-23T02:30:00Z,47946,consumo_MedidorAtlas7_hora,COMPRESORES_AIRE
,,0,2025-12-16T21:41:38.5759694Z,2025-12-23T21:41:38.5759694Z,2025-12-23T03:00:00Z,47946,consumo_MedidorAtlas7_hora,COMPRESORES_AIRE
,,0,2025-12-16T21:41:38.5759694Z,2025-12-23T21:41:38.5759694Z,2025-12-23T03:30:00Z,44895,consumo_MedidorAtlas7_hora,COMPRESORES_AIRE
,,0,2025-12-16T21:41:38.5759694Z,2025-12-23T21:41:38.5759694Z,2025-12-23T04:00:00Z,44895,consumo_MedidorAtlas7_hora,COMPRESORES_AIRE
,,0,2025-12-16T21:41:38.5759694Z,2025-12-23T21:41:38.5759694Z,2025-12-23T04:30:00Z,39969,consumo_MedidorAtlas7_hora,COMPRESORES_AIRE
,,0,2025-12-16T21:41:38.5759694Z,2025-12-23T21:41:38.5759694Z,2025-12-23T05:00:00Z,39969,consumo_MedidorAtlas7_hora,COMPRESORES_AIRE
,,0,2025-12-16T21:41:38.5759694Z,2025-12-23T21:41:38.5759694Z,2025-12-23T05:30:00Z,42952,consumo_MedidorAtlas7_hora,COMPRESORES_AIRE
,,0,2025-12-16T21:41:38.5759694Z,2025-12-23T21:41:38.5759694Z,2025-12-23T06:00:00Z,42952,consumo_MedidorAtlas7_hora,COMPRESORES_AIRE
,,0,2025-12-16T21:41:38.5759694Z,2025-12-23T21:41:38.5759694Z,2025-12-23T06:30:00Z,42952,consumo_MedidorAtlas7_hora,COMPRESORES_AIRE
,,0,2025-12-16T21:41:38.5759694Z,2025-12-23T21:41:38.5759694Z,2025-12-23T07:00:00Z,42952,consumo_MedidorAtlas7_hora,COMPRESORES_AIRE
,,0,2025-12-16T21:41:38.5759694Z,2025-12-23T21:41:38.5759694Z,2025-12-23T07:30:00Z,111834,consumo_MedidorAtlas7_hora,COMPRESORES_AIRE
,,0,2025-12-16T21:41:38.5759694Z,2025-12-23T21:41:38.5759694Z,2025-12-23T08:00:00Z,111834,consumo_MedidorAtlas7_hora,COMPRESORES_AIRE
,,0,2025-12-16T21:41:38.5759694Z,2025-12-23T21:41:38.5759694Z,2025-12-23T08:30:00Z,62259,consumo_MedidorAtlas7_hora,COMPRESORES_AIRE
,,0,2025-12-16T21:41:38.5759694Z,2025-12-23T21:41:38.5759694Z,2025-12-23T09:00:00Z,62259,consumo_MedidorAtlas7_hora,COMPRESORES_AIRE
,,0,2025-12-16T21:41:38.5759694Z,2025-12-23T21:41:38.5759694Z,2025-12-23T09:30:00Z,55953,consumo_MedidorAtlas7_hora,COMPRESORES_AIRE
,,0,2025-12-16T21:41:38.5759694Z,2025-12-23T21:41:38.5759694Z,2025-12-23T10:00:00Z,55953,consumo_MedidorAtlas7_hora,COMPRESORES_AIRE
,,0,2025-12-16T21:41:38.5759694Z,2025-12-23T21:41:38.5759694Z,2025-12-23T10:30:00Z,55126,consumo_MedidorAtlas7_hora,COMPRESORES_AIRE
,,0,2025-12-16T21:41:38.5759694Z,2025-12-23T21:41:38.5759694Z,2025-12-23T11:00:00Z,55126,consumo_MedidorAtlas7_hora,COMPRESORES_AIRE
,,0,2025-12-16T21:41:38.5759694Z,2025-12-23T21:41:38.5759694Z,2025-12-23T11:30:00Z,47223,consumo_MedidorAtlas7_hora,COMPRESORES_AIRE
,,0,2025-12-16T21:41:38.5759694Z,2025-12-23T21:41:38.5759694Z,2025-12-23T12:00:00Z,47223,consumo_MedidorAtlas7_hora,COMPRESORES_AIRE
,,0,2025-12-16T21:41:38.5759694Z,2025-12-23T21:41:38.5759694Z,2025-12-23T12:30:00Z,53012,consumo_MedidorAtlas7_hora,COMPRESORES_AIRE
,,0,2025-12-16T21:41:38.5759694Z,2025-12-23T21:41:38.5759694Z,2025-12-23T13:00:00Z,53012,consumo_MedidorAtlas7_hora,COMPRESORES_AIRE
,,0,2025-12-16T21:41:38.5759694Z,2025-12-23T21:41:38.5759694Z,2025-12-23T13:30:00Z,50099,consumo_MedidorAtlas7_hora,COMPRESORES_AIRE
,,0,2025-12-16T21:41:38.5759694Z,2025-12-23T21:41:38.5759694Z,2025-12-23T14:00:00Z,50099,consumo_MedidorAtlas7_hora,COMPRESORES_AIRE
,,0,2025-12-16T21:41:38.5759694Z,2025-12-23T21:41:38.5759694Z,2025-12-23T14:30:00Z,55969,consumo_MedidorAtlas7_hora,COMPRESORES_AIRE
,,0,2025-12-16T21:41:38.5759694Z,2025-12-23T21:41:38.5759694Z,2025-12-23T15:00:00Z,55969,consumo_MedidorAtlas7_hora,COMPRESORES_AIRE
,,0,2025-12-16T21:41:38.5759694Z,2025-12-23T21:41:38.5759694Z,2025-12-23T15:30:00Z,49308,consumo_MedidorAtlas7_hora,COMPRESORES_AIRE
,,0,2025-12-16T21:41:38.5759694Z,2025-12-23T21:41:38.5759694Z,2025-12-23T16:00:00Z,49308,consumo_MedidorAtlas7_hora,COMPRESORES_AIRE
,,0,2025-12-16T21:41:38.5759694Z,2025-12-23T21:41:38.5759694Z,2025-12-23T16:30:00Z,61130,consumo_MedidorAtlas7_hora,COMPRESORES_AIRE
,,0,2025-12-16T21:41:38.5759694Z,2025-12-23T21:41:38.5759694Z,2025-12-23T17:00:00Z,61130,consumo_MedidorAtlas7_hora,COMPRESORES_AIRE
,,0,2025-12-16T21:41:38.5759694Z,2025-12-23T21:41:38.5759694Z,2025-12-23T17:30:00Z,59064,consumo_MedidorAtlas7_hora,COMPRESORES_AIRE
,,0,2025-12-16T21:41:38.5759694Z,2025-12-23T21:41:38.5759694Z,2025-12-23T18:00:00Z,59064,consumo_MedidorAtlas7_hora,COMPRESORES_AIRE
,,0,2025-12-16T21:41:38.5759694Z,2025-12-23T21:41:38.5759694Z,2025-12-23T18:30:00Z,44722,consumo_MedidorAtlas7_hora,COMPRESORES_AIRE
,,0,2025-12-16T21:41:38.5759694Z,2025-12-23T21:41:38.5759694Z,2025-12-23T19:00:00Z,44722,consumo_MedidorAtlas7_hora,COMPRESORES_AIRE
,,0,2025-12-16T21:41:38.5759694Z,2025-12-23T21:41:38.5759694Z,2025-12-23T19:30:00Z,53260,consumo_MedidorAtlas7_hora,COMPRESORES_AIRE
,,0,2025-12-16T21:41:38.5759694Z,2025-12-23T21:41:38.5759694Z,2025-12-23T20:00:00Z,53260,consumo_MedidorAtlas7_hora,COMPRESORES_AIRE
,,0,2025-12-16T21:41:38.5759694Z,2025-12-23T21:41:38.5759694Z,2025-12-23T20:30:00Z,47093,consumo_MedidorAtlas7_hora,COMPRESORES_AIRE
,,0,2025-12-16T21:41:38.5759694Z,2025-12-23T21:41:38.5759694Z,2025-12-23T21:00:00Z,47093,consumo_MedidorAtlas7_hora,COMPRESORES_AIRE
,,0,2025-12-16T21:41:38.5759694Z,2025-12-23T21:41:38.5759694Z,2025-12-23T21:30:00Z,47082,consumo_MedidorAtlas7_hora,COMPRESORES_AIRE
,,0,2025-12-16T21:41:38.5759694Z,2025-12-23T21:41:38.5759694Z,2025-12-23T21:41:38.5759694Z,47082,consumo_MedidorAtlas7_hora,COMPRESORES_AIRE
,,1,2025-12-16T21:41:38.5759694Z,2025-12-23T21:41:38.5759694Z,2025-12-16T22:00:00Z,845,consumo_MedidorAtlas7_minuto,COMPRESORES_AIRE
,,1,2025-12-16T21:41:38.5759694Z,2025-12-23T21:41:38.5759694Z,2025-12-16T22:30:00Z,675,consumo_MedidorAtlas7_minuto,COMPRESORES_AIRE
,,1,2025-12-16T21:41:38.5759694Z,2025-12-23T21:41:38.5759694Z,2025-12-16T23:00:00Z,1032,consumo_MedidorAtlas7_minuto,COMPRESORES_AIRE
,,1,2025-12-16T21:41:38.5759694Z,2025-12-23T21:41:38.5759694Z,2025-12-16T23:30:00Z,1564,consumo_MedidorAtlas7_minuto,COMPRESORES_AIRE
,,1,2025-12-16T21:41:38.5759694Z,2025-12-23T21:41:38.5759694Z,2025-12-17T00:00:00Z,1011,consumo_MedidorAtlas7_minuto,COMPRESORES_AIRE
,,1,2025-12-16T21:41:38.5759694Z,2025-12-23T21:41:38.5759694Z,2025-12-17T00:30:00Z,1086,consumo_MedidorAtlas7_minuto,COMPRESORES_AIRE
,,1,2025-12-16T21:41:38.5759694Z,2025-12-23T21:41:38.5759694Z,2025-12-17T01:00:00Z,1232,consumo_MedidorAtlas7_minuto,COMPRESORES_AIRE
,,1,2025-12-16T21:41:38.5759694Z,2025-12-23T21:41:38.5759694Z,2025-12-17T01:30:00Z,1211,consumo_MedidorAtlas7_minuto,COMPRESORES_AIRE
,,1,2025-12-16T21:41:38.5759694Z,2025-12-23T21:41:38.5759694Z,2025-12-17T02:00:00Z,1542,consumo_MedidorAtlas7_minuto,COMPRESORES_AIRE
,,1,2025-12-16T21:41:38.5759694Z,2025-12-23T21:41:38.5759694Z,2025-12-17T02:30:00Z,1318,consumo_MedidorAtlas7_minuto,COMPRESORES_AIRE
,,1,2025-12-16T21:41:38.5759694Z,2025-12-23T21:41:38.5759694Z,2025-12-17T03:00:00Z,1342,consumo_MedidorAtlas7_minuto,COMPRESORES_AIRE
,,1,2025-12-16T21:41:38.5759694Z,2025-12-23T21:41:38.5759694Z,2025-12-17T03:30:00Z,1545,consumo_MedidorAtlas7_minuto,COMPRESORES_AIRE
,,1,2025-12-16T21:41:38.5759694Z,2025-12-23T21:41:38.5759694Z,2025-12-17T04:00:00Z,1071,consumo_MedidorAtlas7_minuto,COMPRESORES_AIRE
,,1,2025-12-16T21:41:38.5759694Z,2025-12-23T21:41:38.5759694Z,2025-12-17T04:30:00Z,787,consumo_MedidorAtlas7_minuto,COMPRESORES_AIRE
,,1,2025-12-16T21:41:38.5759694Z,2025-12-23T21:41:38.5759694Z,2025-12-17T05:00:00Z,948,consumo_MedidorAtlas7_minuto,COMPRESORES_AIRE
,,1,2025-12-16T21:41:38.5759694Z,2025-12-23T21:41:38.5759694Z,2025-12-17T05:30:00Z,995,consumo_MedidorAtlas7_minuto,COMPRESORES_AIRE
,,1,2025-12-16T21:41:38.5759694Z,2025-12-23T21:41:38.5759694Z,2025-12-17T06:00:00Z,1044,consumo_MedidorAtlas7_minuto,COMPRESORES_AIRE
,,1,2025-12-16T21:41:38.5759694Z,2025-12-23T21:41:38.5759694Z,2025-12-17T06:30:00Z,863,consumo_MedidorAtlas7_minuto,COMPRESORES_AIRE
,,1,2025-12-16T21:41:38.5759694Z,2025-12-23T21:41:38.5759694Z,2025-12-17T07:00:00Z,1049,consumo_MedidorAtlas7_minuto,COMPRESORES_AIRE
,,1,2025-12-16T21:41:38.5759694Z,2025-12-23T21:41:38.5759694Z,2025-12-17T07:30:00Z,1056,consumo_MedidorAtlas7_minuto,COMPRESORES_AIRE
,,1,2025-12-16T21:41:38.5759694Z,2025-12-23T21:41:38.5759694Z,2025-12-17T08:00:00Z,1245,consumo_MedidorAtlas7_minuto,COMPRESORES_AIRE
,,1,2025-12-16T21:41:38.5759694Z,2025-12-23T21:41:38.5759694Z,2025-12-17T08:30:00Z,940,consumo_MedidorAtlas7_minuto,COMPRESORES_AIRE
,,1,2025-12-16T21:41:38.5759694Z,2025-12-23T21:41:38.5759694Z,2025-12-17T09:00:00Z,692,consumo_MedidorAtlas7_minuto,COMPRESORES_AIRE
,,1,2025-12-16T21:41:38.5759694Z,2025-12-23T21:41:38.5759694Z,2025-12-17T09:30:00Z,588,consumo_MedidorAtlas7_minuto,COMPRESORES_AIRE
,,1,2025-12-16T21:41:38.5759694Z,2025-12-23T21:41:38.5759694Z,2025-12-17T10:00:00Z,623,consumo_MedidorAtlas7_minuto,COMPRESORES_AIRE
,,1,2025-12-16T21:41:38.5759694Z,2025-12-23T21:41:38.5759694Z,2025-12-17T10:30:00Z,843,consumo_MedidorAtlas7_minuto,COMPRESORES_AIRE
,,1,2025-12-16T21:41:38.5759694Z,2025-12-23T21:41:38.5759694Z,2025-12-17T11:00:00Z,503,consumo_MedidorAtlas7_minuto,COMPRESORES_AIRE
,,1,2025-12-16T21:41:38.5759694Z,2025-12-23T21:41:38.5759694Z,2025-12-17T11:30:00Z,523,consumo_MedidorAtlas7_minuto,COMPRESORES_AIRE
,,1,2025-12-16T21:41:38.5759694Z,2025-12-23T21:41:38.5759694Z,2025-12-17T12:00:00Z,106,consumo_MedidorAtlas7_minuto,COMPRESORES_AIRE
,,1,2025-12-16T21:41:38.5759694Z,2025-12-23T21:41:38.5759694Z,2025-12-17T12:30:00Z,102,consumo_MedidorAtlas7_minuto,COMPRESORES_AIRE
,,1,2025-12-16T21:41:38.5759694Z,2025-12-23T21:41:38.5759694Z,2025-12-17T13:00:00Z,499,consumo_MedidorAtlas7_minuto,COMPRESORES_AIRE
,,1,2025-12-16T21:41:38.5759694Z,2025-12-23T21:41:38.5759694Z,2025-12-17T13:30:00Z,26,consumo_MedidorAtlas7_minuto,COMPRESORES_AIRE
,,1,2025-12-16T21:41:38.5759694Z,2025-12-23T21:41:38.5759694Z,2025-12-17T14:00:00Z,1,consumo_MedidorAtlas7_minuto,COMPRESORES_AIRE
,,1,2025-12-16T21:41:38.5759694Z,2025-12-23T21:41:38.5759694Z,2025-12-17T14:30:00Z,0,consumo_MedidorAtlas7_minuto,COMPRESORES_AIRE
,,1,2025-12-16T21:41:38.5759694Z,2025-12-23T21:41:38.5759694Z,2025-12-17T15:00:00Z,0,consumo_MedidorAtlas7_minuto,COMPRESORES_AIRE
,,1,2025-12-16T21:41:38.5759694Z,2025-12-23T21:41:38.5759694Z,2025-12-17T15:30:00Z,1,consumo_MedidorAtlas7_minuto,COMPRESORES_AIRE
,,1,2025-12-16T21:41:38.5759694Z,2025-12-23T21:41:38.5759694Z,2025-12-17T16:00:00Z,91,consumo_MedidorAtlas7_minuto,COMPRESORES_AIRE
,,1,2025-12-16T21:41:38.5759694Z,2025-12-23T21:41:38.5759694Z,2025-12-17T16:30:00Z,0,consumo_MedidorAtlas7_minuto,COMPRESORES_AIRE
,,1,2025-12-16T21:41:38.5759694Z,2025-12-23T21:41:38.5759694Z,2025-12-17T17:00:00Z,0,consumo_MedidorAtlas7_minuto,COMPRESORES_AIRE
,,1,2025-12-16T21:41:38.5759694Z,2025-12-23T21:41:38.5759694Z,2025-12-17T17:30:00Z,3,consumo_MedidorAtlas7_minuto,COMPRESORES_AIRE
,,1,2025-12-16T21:41:38.5759694Z,2025-12-23T21:41:38.5759694Z,2025-12-17T18:00:00Z,92,consumo_MedidorAtlas7_minuto,COMPRESORES_AIRE
,,1,2025-12-16T21:41:38.5759694Z,2025-12-23T21:41:38.5759694Z,2025-12-17T18:30:00Z,454,consumo_MedidorAtlas7_minuto,COMPRESORES_AIRE
,,1,2025-12-16T21:41:38.5759694Z,2025-12-23T21:41:38.5759694Z,2025-12-17T19:00:00Z,509,consumo_MedidorAtlas7_minuto,COMPRESORES_AIRE
,,1,2025-12-16T21:41:38.5759694Z,2025-12-23T21:41:38.5759694Z,2025-12-17T19:30:00Z,745,consumo_MedidorAtlas7_minuto,COMPRESORES_AIRE
,,1,2025-12-16T21:41:38.5759694Z,2025-12-23T21:41:38.5759694Z,2025-12-17T20:00:00Z,978,consumo_MedidorAtlas7_minuto,COMPRESORES_AIRE
,,1,2025-12-16T21:41:38.5759694Z,2025-12-23T21:41:38.5759694Z,2025-12-17T20:30:00Z,1064,consumo_MedidorAtlas7_minuto,COMPRESORES_AIRE
,,1,2025-12-16T21:41:38.5759694Z,2025-12-23T21:41:38.5759694Z,2025-12-17T21:00:00Z,789,consumo_MedidorAtlas7_minuto,COMPRESORES_AIRE
,,1,2025-12-16T21:41:38.5759694Z,2025-12-23T21:41:38.5759694Z,2025-12-17T21:30:00Z,637,consumo_MedidorAtlas7_minuto,COMPRESORES_AIRE
,,1,2025-12-16T21:41:38.5759694Z,2025-12-23T21:41:38.5759694Z,2025-12-17T22:00:00Z,865,consumo_MedidorAtlas7_minuto,COMPRESORES_AIRE
,,1,2025-12-16T21:41:38.5759694Z,2025-12-23T21:41:38.5759694Z,2025-12-17T22:30:00Z,773,consumo_MedidorAtlas7_minuto,COMPRESORES_AIRE
,,1,2025-12-16T21:41:38.5759694Z,2025-12-23T21:41:38.5759694Z,2025-12-17T23:00:00Z,631,consumo_MedidorAtlas7_minuto,COMPRESORES_AIRE
,,1,2025-12-16T21:41:38.5759694Z,2025-12-23T21:41:38.5759694Z,2025-12-17T23:30:00Z,99,consumo_MedidorAtlas7_minuto,COMPRESORES_AIRE
,,1,2025-12-16T21:41:38.5759694Z,2025-12-23T21:41:38.5759694Z,2025-12-18T17:00:00Z,1195,consumo_MedidorAtlas7_minuto,COMPRESORES_AIRE
,,1,2025-12-16T21:41:38.5759694Z,2025-12-23T21:41:38.5759694Z,2025-12-18T17:30:00Z,1141,consumo_MedidorAtlas7_minuto,COMPRESORES_AIRE
,,1,2025-12-16T21:41:38.5759694Z,2025-12-23T21:41:38.5759694Z,2025-12-18T18:00:00Z,1271,consumo_MedidorAtlas7_minuto,COMPRESORES_AIRE
,,1,2025-12-16T21:41:38.5759694Z,2025-12-23T21:41:38.5759694Z,2025-12-18T18:30:00Z,1149,consumo_MedidorAtlas7_minuto,COMPRESORES_AIRE
,,1,2025-12-16T21:41:38.5759694Z,2025-12-23T21:41:38.5759694Z,2025-12-18T19:00:00Z,1109,consumo_MedidorAtlas7_minuto,COMPRESORES_AIRE
,,1,2025-12-16T21:41:38.5759694Z,2025-12-23T21:41:38.5759694Z,2025-12-18T19:30:00Z,1344,consumo_MedidorAtlas7_minuto,COMPRESORES_AIRE
,,1,2025-12-16T21:41:38.5759694Z,2025-12-23T21:41:38.5759694Z,2025-12-18T20:00:00Z,1363,consumo_MedidorAtlas7_minuto,COMPRESORES_AIRE
,,1,2025-12-16T21:41:38.5759694Z,2025-12-23T21:41:38.5759694Z,2025-12-18T20:30:00Z,1187,consumo_MedidorAtlas7_minuto,COMPRESORES_AIRE
,,1,2025-12-16T21:41:38.5759694Z,2025-12-23T21:41:38.5759694Z,2025-12-18T21:00:00Z,957,consumo_MedidorAtlas7_minuto,COMPRESORES_AIRE
,,1,2025-12-16T21:41:38.5759694Z,2025-12-23T21:41:38.5759694Z,2025-12-18T21:30:00Z,1224,consumo_MedidorAtlas7_minuto,COMPRESORES_AIRE
,,1,2025-12-16T21:41:38.5759694Z,2025-12-23T21:41:38.5759694Z,2025-12-18T22:00:00Z,1269,consumo_MedidorAtlas7_minuto,COMPRESORES_AIRE
,,1,2025-12-16T21:41:38.5759694Z,2025-12-23T21:41:38.5759694Z,2025-12-18T22:30:00Z,1135,consumo_MedidorAtlas7_minuto,COMPRESORES_AIRE
,,1,2025-12-16T21:41:38.5759694Z,2025-12-23T21:41:38.5759694Z,2025-12-18T23:00:00Z,1086,consumo_MedidorAtlas7_minuto,COMPRESORES_AIRE
,,1,2025-12-16T21:41:38.5759694Z,2025-12-23T21:41:38.5759694Z,2025-12-18T23:30:00Z,1321,consumo_MedidorAtlas7_minuto,COMPRESORES_AIRE
,,1,2025-12-16T21:41:38.5759694Z,2025-12-23T21:41:38.5759694Z,2025-12-19T00:00:00Z,1571,consumo_MedidorAtlas7_minuto,COMPRESORES_AIRE
,,1,2025-12-16T21:41:38.5759694Z,2025-12-23T21:41:38.5759694Z,2025-12-19T00:30:00Z,1383,consumo_MedidorAtlas7_minuto,COMPRESORES_AIRE
,,1,2025-12-16T21:41:38.5759694Z,2025-12-23T21:41:38.5759694Z,2025-12-19T01:00:00Z,1359,consumo_MedidorAtlas7_minuto,COMPRESORES_AIRE
,,1,2025-12-16T21:41:38.5759694Z,2025-12-23T21:41:38.5759694Z,2025-12-19T01:30:00Z,1242,consumo_MedidorAtlas7_minuto,COMPRESORES_AIRE
,,1,2025-12-16T21:41:38.5759694Z,2025-12-23T21:41:38.5759694Z,2025-12-19T02:00:00Z,1332,consumo_MedidorAtlas7_minuto,COMPRESORES_AIRE
,,1,2025-12-16T21:41:38.5759694Z,2025-12-23T21:41:38.5759694Z,2025-12-19T02:30:00Z,1499,consumo_MedidorAtlas7_minuto,COMPRESORES_AIRE
,,1,2025-12-16T21:41:38.5759694Z,2025-12-23T21:41:38.5759694Z,2025-12-19T03:00:00Z,1046,consumo_MedidorAtlas7_minuto,COMPRESORES_AIRE
,,1,2025-12-16T21:41:38.5759694Z,2025-12-23T21:41:38.5759694Z,2025-12-19T03:30:00Z,1280,consumo_MedidorAtlas7_minuto,COMPRESORES_AIRE
,,1,2025-12-16T21:41:38.5759694Z,2025-12-23T21:41:38.5759694Z,2025-12-19T04:00:00Z,1172,consumo_MedidorAtlas7_minuto,COMPRESORES_AIRE
,,1,2025-12-16T21:41:38.5759694Z,2025-12-23T21:41:38.5759694Z,2025-12-19T04:30:00Z,1238,consumo_MedidorAtlas7_minuto,COMPRESORES_AIRE
,,1,2025-12-16T21:41:38.5759694Z,2025-12-23T21:41:38.5759694Z,2025-12-19T05:00:00Z,1241,consumo_MedidorAtlas7_minuto,COMPRESORES_AIRE
,,1,2025-12-16T21:41:38.5759694Z,2025-12-23T21:41:38.5759694Z,2025-12-19T05:30:00Z,1151,consumo_MedidorAtlas7_minuto,COMPRESORES_AIRE
,,1,2025-12-16T21:41:38.5759694Z,2025-12-23T21:41:38.5759694Z,2025-12-19T06:00:00Z,1357,consumo_MedidorAtlas7_minuto,COMPRESORES_AIRE
,,1,2025-12-16T21:41:38.5759694Z,2025-12-23T21:41:38.5759694Z,2025-12-19T06:30:00Z,1583,consumo_MedidorAtlas7_minuto,COMPRESORES_AIRE
,,1,2025-12-16T21:41:38.5759694Z,2025-12-23T21:41:38.5759694Z,2025-12-19T07:00:00Z,1572,consumo_MedidorAtlas7_minuto,COMPRESORES_AIRE
,,1,2025-12-16T21:41:38.5759694Z,2025-12-23T21:41:38.5759694Z,2025-12-19T07:30:00Z,1569,consumo_MedidorAtlas7_minuto,COMPRESORES_AIRE
,,1,2025-12-16T21:41:38.5759694Z,2025-12-23T21:41:38.5759694Z,2025-12-19T08:00:00Z,1352,consumo_MedidorAtlas7_minuto,COMPRESORES_AIRE
,,1,2025-12-16T21:41:38.5759694Z,2025-12-23T21:41:38.5759694Z,2025-12-19T08:30:00Z,1207,consumo_MedidorAtlas7_minuto,COMPRESORES_AIRE
,,1,2025-12-16T21:41:38.5759694Z,2025-12-23T21:41:38.5759694Z,2025-12-19T09:00:00Z,1358,consumo_MedidorAtlas7_minuto,COMPRESORES_AIRE
,,1,2025-12-16T21:41:38.5759694Z,2025-12-23T21:41:38.5759694Z,2025-12-19T09:30:00Z,1485,consumo_MedidorAtlas7_minuto,COMPRESORES_AIRE
,,1,2025-12-16T21:41:38.5759694Z,2025-12-23T21:41:38.5759694Z,2025-12-19T10:00:00Z,1113,consumo_MedidorAtlas7_minuto,COMPRESORES_AIRE
,,1,2025-12-16T21:41:38.5759694Z,2025-12-23T21:41:38.5759694Z,2025-12-19T10:30:00Z,897,consumo_MedidorAtlas7_minuto,COMPRESORES_AIRE
,,1,2025-12-16T21:41:38.5759694Z,2025-12-23T21:41:38.5759694Z,2025-12-19T11:00:00Z,944,consumo_MedidorAtlas7_minuto,COMPRESORES_AIRE
,,1,2025-12-16T21:41:38.5759694Z,2025-12-23T21:41:38.5759694Z,2025-12-19T11:30:00Z,1183,consumo_MedidorAtlas7_minuto,COMPRESORES_AIRE
,,1,2025-12-16T21:41:38.5759694Z,2025-12-23T21:41:38.5759694Z,2025-12-19T12:00:00Z,1034,consumo_MedidorAtlas7_minuto,COMPRESORES_AIRE
,,1,2025-12-16T21:41:38.5759694Z,2025-12-23T21:41:38.5759694Z,2025-12-19T12:30:00Z,389,consumo_MedidorAtlas7_minuto,COMPRESORES_AIRE
,,1,2025-12-16T21:41:38.5759694Z,2025-12-23T21:41:38.5759694Z,2025-12-19T13:00:00Z,390,consumo_MedidorAtlas7_minuto,COMPRESORES_AIRE
,,1,2025-12-16T21:41:38.5759694Z,2025-12-23T21:41:38.5759694Z,2025-12-19T13:30:00Z,451,consumo_MedidorAtlas7_minuto,COMPRESORES_AIRE
,,1,2025-12-16T21:41:38.5759694Z,2025-12-23T21:41:38.5759694Z,2025-12-19T14:00:00Z,452,consumo_MedidorAtlas7_minuto,COMPRESORES_AIRE
,,1,2025-12-16T21:41:38.5759694Z,2025-12-23T21:41:38.5759694Z,2025-12-19T14:30:00Z,541,consumo_MedidorAtlas7_minuto,COMPRESORES_AIRE
,,1,2025-12-16T21:41:38.5759694Z,2025-12-23T21:41:38.5759694Z,2025-12-19T15:00:00Z,389,consumo_MedidorAtlas7_minuto,COMPRESORES_AIRE
,,1,2025-12-16T21:41:38.5759694Z,2025-12-23T21:41:38.5759694Z,2025-12-19T15:30:00Z,389,consumo_MedidorAtlas7_minuto,COMPRESORES_AIRE
,,1,2025-12-16T21:41:38.5759694Z,2025-12-23T21:41:38.5759694Z,2025-12-19T16:00:00Z,592,consumo_MedidorAtlas7_minuto,COMPRESORES_AIRE
,,1,2025-12-16T21:41:38.5759694Z,2025-12-23T21:41:38.5759694Z,2025-12-19T16:30:00Z,626,consumo_MedidorAtlas7_minuto,COMPRESORES_AIRE
,,1,2025-12-16T21:41:38.5759694Z,2025-12-23T21:41:38.5759694Z,2025-12-19T17:00:00Z,461,consumo_MedidorAtlas7_minuto,COMPRESORES_AIRE
,,1,2025-12-16T21:41:38.5759694Z,2025-12-23T21:41:38.5759694Z,2025-12-19T17:30:00Z,541,consumo_MedidorAtlas7_minuto,COMPRESORES_AIRE
,,1,2025-12-16T21:41:38.5759694Z,2025-12-23T21:41:38.5759694Z,2025-12-19T18:00:00Z,989,consumo_MedidorAtlas7_minuto,COMPRESORES_AIRE
,,1,2025-12-16T21:41:38.5759694Z,2025-12-23T21:41:38.5759694Z,2025-12-19T18:30:00Z,870,consumo_MedidorAtlas7_minuto,COMPRESORES_AIRE
,,1,2025-12-16T21:41:38.5759694Z,2025-12-23T21:41:38.5759694Z,2025-12-19T19:00:00Z,586,consumo_MedidorAtlas7_minuto,COMPRESORES_AIRE
,,1,2025-12-16T21:41:38.5759694Z,2025-12-23T21:41:38.5759694Z,2025-12-19T19:30:00Z,389,consumo_MedidorAtlas7_minuto,COMPRESORES_AIRE
,,1,2025-12-16T21:41:38.5759694Z,2025-12-23T21:41:38.5759694Z,2025-12-19T20:00:00Z,388,consumo_MedidorAtlas7_minuto,COMPRESORES_AIRE
,,1,2025-12-16T21:41:38.5759694Z,2025-12-23T21:41:38.5759694Z,2025-12-19T20:30:00Z,633,consumo_MedidorAtlas7_minuto,COMPRESORES_AIRE
,,1,2025-12-16T21:41:38.5759694Z,2025-12-23T21:41:38.5759694Z,2025-12-19T21:00:00Z,1106,consumo_MedidorAtlas7_minuto,COMPRESORES_AIRE
,,1,2025-12-16T21:41:38.5759694Z,2025-12-23T21:41:38.5759694Z,2025-12-19T21:30:00Z,1101,consumo_MedidorAtlas7_minuto,COMPRESORES_AIRE
,,1,2025-12-16T21:41:38.5759694Z,2025-12-23T21:41:38.5759694Z,2025-12-19T22:00:00Z,854,consumo_MedidorAtlas7_minuto,COMPRESORES_AIRE
,,1,2025-12-16T21:41:38.5759694Z,2025-12-23T21:41:38.5759694Z,2025-12-19T22:30:00Z,791,consumo_MedidorAtlas7_minuto,COMPRESORES_AIRE
,,1,2025-12-16T21:41:38.5759694Z,2025-12-23T21:41:38.5759694Z,2025-12-19T23:00:00Z,568,consumo_MedidorAtlas7_minuto,COMPRESORES_AIRE
,,1,2025-12-16T21:41:38.5759694Z,2025-12-23T21:41:38.5759694Z,2025-12-19T23:30:00Z,673,consumo_MedidorAtlas7_minuto,COMPRESORES_AIRE
,,1,2025-12-16T21:41:38.5759694Z,2025-12-23T21:41:38.5759694Z,2025-12-20T00:00:00Z,465,consumo_MedidorAtlas7_minuto,COMPRESORES_AIRE
,,1,2025-12-16T21:41:38.5759694Z,2025-12-23T21:41:38.5759694Z,2025-12-20T00:30:00Z,508,consumo_MedidorAtlas7_minuto,COMPRESORES_AIRE
,,1,2025-12-16T21:41:38.5759694Z,2025-12-23T21:41:38.5759694Z,2025-12-20T01:00:00Z,578,consumo_MedidorAtlas7_minuto,COMPRESORES_AIRE
,,1,2025-12-16T21:41:38.5759694Z,2025-12-23T21:41:38.5759694Z,2025-12-20T01:30:00Z,567,consumo_MedidorAtlas7_minuto,COMPRESORES_AIRE
,,1,2025-12-16T21:41:38.5759694Z,2025-12-23T21:41:38.5759694Z,2025-12-20T02:00:00Z,2,consumo_MedidorAtlas7_minuto,COMPRESORES_AIRE
,,1,2025-12-16T21:41:38.5759694Z,2025-12-23T21:41:38.5759694Z,2025-12-20T02:30:00Z,4,consumo_MedidorAtlas7_minuto,COMPRESORES_AIRE
,,1,2025-12-16T21:41:38.5759694Z,2025-12-23T21:41:38.5759694Z,2025-12-20T03:00:00Z,0,consumo_MedidorAtlas7_minuto,COMPRESORES_AIRE
,,1,2025-12-16T21:41:38.5759694Z,2025-12-23T21:41:38.5759694Z,2025-12-20T03:30:00Z,1,consumo_MedidorAtlas7_minuto,COMPRESORES_AIRE
,,1,2025-12-16T21:41:38.5759694Z,2025-12-23T21:41:38.5759694Z,2025-12-20T04:00:00Z,104,consumo_MedidorAtlas7_minuto,COMPRESORES_AIRE
,,1,2025-12-16T21:41:38.5759694Z,2025-12-23T21:41:38.5759694Z,2025-12-20T04:30:00Z,2,consumo_MedidorAtlas7_minuto,COMPRESORES_AIRE
,,1,2025-12-16T21:41:38.5759694Z,2025-12-23T21:41:38.5759694Z,2025-12-20T05:00:00Z,3,consumo_MedidorAtlas7_minuto,COMPRESORES_AIRE
,,1,2025-12-16T21:41:38.5759694Z,2025-12-23T21:41:38.5759694Z,2025-12-20T05:30:00Z,3,consumo_MedidorAtlas7_minuto,COMPRESORES_AIRE
,,1,2025-12-16T21:41:38.5759694Z,2025-12-23T21:41:38.5759694Z,2025-12-20T06:00:00Z,4,consumo_MedidorAtlas7_minuto,COMPRESORES_AIRE
,,1,2025-12-16T21:41:38.5759694Z,2025-12-23T21:41:38.5759694Z,2025-12-20T06:30:00Z,0,consumo_MedidorAtlas7_minuto,COMPRESORES_AIRE
,,1,2025-12-16T21:41:38.5759694Z,2025-12-23T21:41:38.5759694Z,2025-12-20T07:00:00Z,0,consumo_MedidorAtlas7_minuto,COMPRESORES_AIRE
,,1,2025-12-16T21:41:38.5759694Z,2025-12-23T21:41:38.5759694Z,2025-12-20T07:30:00Z,1,consumo_MedidorAtlas7_minuto,COMPRESORES_AIRE
,,1,2025-12-16T21:41:38.5759694Z,2025-12-23T21:41:38.5759694Z,2025-12-20T08:00:00Z,1,consumo_MedidorAtlas7_minuto,COMPRESORES_AIRE
,,1,2025-12-16T21:41:38.5759694Z,2025-12-23T21:41:38.5759694Z,2025-12-20T08:30:00Z,848,consumo_MedidorAtlas7_minuto,COMPRESORES_AIRE
,,1,2025-12-16T21:41:38.5759694Z,2025-12-23T21:41:38.5759694Z,2025-12-20T09:00:00Z,701,consumo_MedidorAtlas7_minuto,COMPRESORES_AIRE
,,1,2025-12-16T21:41:38.5759694Z,2025-12-23T21:41:38.5759694Z,2025-12-20T09:30:00Z,700,consumo_MedidorAtlas7_minuto,COMPRESORES_AIRE
,,1,2025-12-16T21:41:38.5759694Z,2025-12-23T21:41:38.5759694Z,2025-12-20T10:00:00Z,818,consumo_MedidorAtlas7_minuto,COMPRESORES_AIRE
,,1,2025-12-16T21:41:38.5759694Z,2025-12-23T21:41:38.5759694Z,2025-12-20T10:30:00Z,1066,consumo_MedidorAtlas7_minuto,COMPRESORES_AIRE
,,1,2025-12-16T21:41:38.5759694Z,2025-12-23T21:41:38.5759694Z,2025-12-20T11:00:00Z,815,consumo_MedidorAtlas7_minuto,COMPRESORES_AIRE
,,1,2025-12-16T21:41:38.5759694Z,2025-12-23T21:41:38.5759694Z,2025-12-20T11:30:00Z,814,consumo_MedidorAtlas7_minuto,COMPRESORES_AIRE
,,1,2025-12-16T21:41:38.5759694Z,2025-12-23T21:41:38.5759694Z,2025-12-20T12:00:00Z,930,consumo_MedidorAtlas7_minuto,COMPRESORES_AIRE
,,1,2025-12-16T21:41:38.5759694Z,2025-12-23T21:41:38.5759694Z,2025-12-20T12:30:00Z,1367,consumo_MedidorAtlas7_minuto,COMPRESORES_AIRE
,,1,2025-12-16T21:41:38.5759694Z,2025-12-23T21:41:38.5759694Z,2025-12-20T13:00:00Z,1021,consumo_MedidorAtlas7_minuto,COMPRESORES_AIRE
,,1,2025-12-16T21:41:38.5759694Z,2025-12-23T21:41:38.5759694Z,2025-12-20T13:30:00Z,1367,consumo_MedidorAtlas7_minuto,COMPRESORES_AIRE
,,1,2025-12-16T21:41:38.5759694Z,2025-12-23T21:41:38.5759694Z,2025-12-20T14:00:00Z,646,consumo_MedidorAtlas7_minuto,COMPRESORES_AIRE
,,1,2025-12-16T21:41:38.5759694Z,2025-12-23T21:41:38.5759694Z,2025-12-20T14:30:00Z,754,consumo_MedidorAtlas7_minuto,COMPRESORES_AIRE
,,1,2025-12-16T21:41:38.5759694Z,2025-12-23T21:41:38.5759694Z,2025-12-20T15:00:00Z,1031,consumo_MedidorAtlas7_minuto,COMPRESORES_AIRE
,,1,2025-12-16T21:41:38.5759694Z,2025-12-23T21:41:38.5759694Z,2025-12-20T15:30:00Z,679,consumo_MedidorAtlas7_minuto,COMPRESORES_AIRE
,,1,2025-12-16T21:41:38.5759694Z,2025-12-23T21:41:38.5759694Z,2025-12-20T16:00:00Z,484,consumo_MedidorAtlas7_minuto,COMPRESORES_AIRE
,,1,2025-12-16T21:41:38.5759694Z,2025-12-23T21:41:38.5759694Z,2025-12-20T16:30:00Z,627,consumo_MedidorAtlas7_minuto,COMPRESORES_AIRE
,,1,2025-12-16T21:41:38.5759694Z,2025-12-23T21:41:38.5759694Z,2025-12-20T17:00:00Z,538,consumo_MedidorAtlas7_minuto,COMPRESORES_AIRE
,,1,2025-12-16T21:41:38.5759694Z,2025-12-23T21:41:38.5759694Z,2025-12-20T17:30:00Z,698,consumo_MedidorAtlas7_minuto,COMPRESORES_AIRE
,,1,2025-12-16T21:41:38.5759694Z,2025-12-23T21:41:38.5759694Z,2025-12-20T18:00:00Z,519,consumo_MedidorAtlas7_minuto,COMPRESORES_AIRE
,,1,2025-12-16T21:41:38.5759694Z,2025-12-23T21:41:38.5759694Z,2025-12-20T18:30:00Z,817,consumo_MedidorAtlas7_minuto,COMPRESORES_AIRE
,,1,2025-12-16T21:41:38.5759694Z,2025-12-23T21:41:38.5759694Z,2025-12-20T19:00:00Z,759,consumo_MedidorAtlas7_minuto,COMPRESORES_AIRE
,,1,2025-12-16T21:41:38.5759694Z,2025-12-23T21:41:38.5759694Z,2025-12-20T19:30:00Z,636,consumo_MedidorAtlas7_minuto,COMPRESORES_AIRE
,,1,2025-12-16T21:41:38.5759694Z,2025-12-23T21:41:38.5759694Z,2025-12-20T20:00:00Z,1048,consumo_MedidorAtlas7_minuto,COMPRESORES_AIRE
,,1,2025-12-16T21:41:38.5759694Z,2025-12-23T21:41:38.5759694Z,2025-12-20T20:30:00Z,413,consumo_MedidorAtlas7_minuto,COMPRESORES_AIRE
,,1,2025-12-16T21:41:38.5759694Z,2025-12-23T21:41:38.5759694Z,2025-12-20T21:00:00Z,0,consumo_MedidorAtlas7_minuto,COMPRESORES_AIRE
,,1,2025-12-16T21:41:38.5759694Z,2025-12-23T21:41:38.5759694Z,2025-12-20T21:30:00Z,680,consumo_MedidorAtlas7_minuto,COMPRESORES_AIRE
,,1,2025-12-16T21:41:38.5759694Z,2025-12-23T21:41:38.5759694Z,2025-12-20T22:00:00Z,184,consumo_MedidorAtlas7_minuto,COMPRESORES_AIRE
,,1,2025-12-16T21:41:38.5759694Z,2025-12-23T21:41:38.5759694Z,2025-12-20T22:30:00Z,623,consumo_MedidorAtlas7_minuto,COMPRESORES_AIRE
,,1,2025-12-16T21:41:38.5759694Z,2025-12-23T21:41:38.5759694Z,2025-12-20T23:00:00Z,384,consumo_MedidorAtlas7_minuto,COMPRESORES_AIRE
,,1,2025-12-16T21:41:38.5759694Z,2025-12-23T21:41:38.5759694Z,2025-12-20T23:30:00Z,314,consumo_MedidorAtlas7_minuto,COMPRESORES_AIRE
,,1,2025-12-16T21:41:38.5759694Z,2025-12-23T21:41:38.5759694Z,2025-12-21T00:00:00Z,390,consumo_MedidorAtlas7_minuto,COMPRESORES_AIRE
,,1,2025-12-16T21:41:38.5759694Z,2025-12-23T21:41:38.5759694Z,2025-12-21T00:30:00Z,434,consumo_MedidorAtlas7_minuto,COMPRESORES_AIRE
,,1,2025-12-16T21:41:38.5759694Z,2025-12-23T21:41:38.5759694Z,2025-12-21T01:00:00Z,363,consumo_MedidorAtlas7_minuto,COMPRESORES_AIRE
,,1,2025-12-16T21:41:38.5759694Z,2025-12-23T21:41:38.5759694Z,2025-12-21T01:30:00Z,152,consumo_MedidorAtlas7_minuto,COMPRESORES_AIRE
,,1,2025-12-16T21:41:38.5759694Z,2025-12-23T21:41:38.5759694Z,2025-12-21T02:00:00Z,90,consumo_MedidorAtlas7_minuto,COMPRESORES_AIRE
,,1,2025-12-16T21:41:38.5759694Z,2025-12-23T21:41:38.5759694Z,2025-12-21T02:30:00Z,104,consumo_MedidorAtlas7_minuto,COMPRESORES_AIRE
,,1,2025-12-16T21:41:38.5759694Z,2025-12-23T21:41:38.5759694Z,2025-12-21T03:00:00Z,0,consumo_MedidorAtlas7_minuto,COMPRESORES_AIRE
,,1,2025-12-16T21:41:38.5759694Z,2025-12-23T21:41:38.5759694Z,2025-12-21T03:30:00Z,0,consumo_MedidorAtlas7_minuto,COMPRESORES_AIRE
,,1,2025-12-16T21:41:38.5759694Z,2025-12-23T21:41:38.5759694Z,2025-12-21T04:00:00Z,2,consumo_MedidorAtlas7_minuto,COMPRESORES_AIRE
,,1,2025-12-16T21:41:38.5759694Z,2025-12-23T21:41:38.5759694Z,2025-12-21T04:30:00Z,2,consumo_MedidorAtlas7_minuto,COMPRESORES_AIRE
,,1,2025-12-16T21:41:38.5759694Z,2025-12-23T21:41:38.5759694Z,2025-12-21T05:00:00Z,1,consumo_MedidorAtlas7_minuto,COMPRESORES_AIRE
,,1,2025-12-16T21:41:38.5759694Z,2025-12-23T21:41:38.5759694Z,2025-12-21T05:30:00Z,1,consumo_MedidorAtlas7_minuto,COMPRESORES_AIRE
,,1,2025-12-16T21:41:38.5759694Z,2025-12-23T21:41:38.5759694Z,2025-12-21T06:00:00Z,1316,consumo_MedidorAtlas7_minuto,COMPRESORES_AIRE
,,1,2025-12-16T21:41:38.5759694Z,2025-12-23T21:41:38.5759694Z,2025-12-21T06:30:00Z,1231,consumo_MedidorAtlas7_minuto,COMPRESORES_AIRE
,,1,2025-12-16T21:41:38.5759694Z,2025-12-23T21:41:38.5759694Z,2025-12-21T07:00:00Z,1257,consumo_MedidorAtlas7_minuto,COMPRESORES_AIRE
,,1,2025-12-16T21:41:38.5759694Z,2025-12-23T21:41:38.5759694Z,2025-12-21T07:30:00Z,2,consumo_MedidorAtlas7_minuto,COMPRESORES_AIRE
,,1,2025-12-16T21:41:38.5759694Z,2025-12-23T21:41:38.5759694Z,2025-12-21T08:00:00Z,1,consumo_MedidorAtlas7_minuto,COMPRESORES_AIRE
,,1,2025-12-16T21:41:38.5759694Z,2025-12-23T21:41:38.5759694Z,2025-12-21T08:30:00Z,0,consumo_MedidorAtlas7_minuto,COMPRESORES_AIRE
,,1,2025-12-16T21:41:38.5759694Z,2025-12-23T21:41:38.5759694Z,2025-12-21T09:00:00Z,0,consumo_MedidorAtlas7_minuto,COMPRESORES_AIRE
,,1,2025-12-16T21:41:38.5759694Z,2025-12-23T21:41:38.5759694Z,2025-12-21T09:30:00Z,2,consumo_MedidorAtlas7_minuto,COMPRESORES_AIRE
,,1,2025-12-16T21:41:38.5759694Z,2025-12-23T21:41:38.5759694Z,2025-12-21T10:00:00Z,1,consumo_MedidorAtlas7_minuto,COMPRESORES_AIRE
,,1,2025-12-16T21:41:38.5759694Z,2025-12-23T21:41:38.5759694Z,2025-12-21T10:30:00Z,2,consumo_MedidorAtlas7_minuto,COMPRESORES_AIRE
,,1,2025-12-16T21:41:38.5759694Z,2025-12-23T21:41:38.5759694Z,2025-12-21T11:00:00Z,3,consumo_MedidorAtlas7_minuto,COMPRESORES_AIRE
,,1,2025-12-16T21:41:38.5759694Z,2025-12-23T21:41:38.5759694Z,2025-12-21T11:30:00Z,1,consumo_MedidorAtlas7_minuto,COMPRESORES_AIRE
,,1,2025-12-16T21:41:38.5759694Z,2025-12-23T21:41:38.5759694Z,2025-12-21T12:00:00Z,2,consumo_MedidorAtlas7_minuto,COMPRESORES_AIRE
,,1,2025-12-16T21:41:38.5759694Z,2025-12-23T21:41:38.5759694Z,2025-12-21T12:30:00Z,0,consumo_MedidorAtlas7_minuto,COMPRESORES_AIRE
,,1,2025-12-16T21:41:38.5759694Z,2025-12-23T21:41:38.5759694Z,2025-12-21T13:00:00Z,0,consumo_MedidorAtlas7_minuto,COMPRESORES_AIRE
,,1,2025-12-16T21:41:38.5759694Z,2025-12-23T21:41:38.5759694Z,2025-12-21T13:30:00Z,175,consumo_MedidorAtlas7_minuto,COMPRESORES_AIRE
,,1,2025-12-16T21:41:38.5759694Z,2025-12-23T21:41:38.5759694Z,2025-12-21T14:00:00Z,1527,consumo_MedidorAtlas7_minuto,COMPRESORES_AIRE
,,1,2025-12-16T21:41:38.5759694Z,2025-12-23T21:41:38.5759694Z,2025-12-21T14:30:00Z,1526,consumo_MedidorAtlas7_minuto,COMPRESORES_AIRE
,,1,2025-12-16T21:41:38.5759694Z,2025-12-23T21:41:38.5759694Z,2025-12-21T15:00:00Z,0,consumo_MedidorAtlas7_minuto,COMPRESORES_AIRE
,,1,2025-12-16T21:41:38.5759694Z,2025-12-23T21:41:38.5759694Z,2025-12-21T15:30:00Z,1344,consumo_MedidorAtlas7_minuto,COMPRESORES_AIRE
,,1,2025-12-16T21:41:38.5759694Z,2025-12-23T21:41:38.5759694Z,2025-12-21T16:00:00Z,1582,consumo_MedidorAtlas7_minuto,COMPRESORES_AIRE
,,1,2025-12-16T21:41:38.5759694Z,2025-12-23T21:41:38.5759694Z,2025-12-21T16:30:00Z,1580,consumo_MedidorAtlas7_minuto,COMPRESORES_AIRE
,,1,2025-12-16T21:41:38.5759694Z,2025-12-23T21:41:38.5759694Z,2025-12-21T17:00:00Z,1365,consumo_MedidorAtlas7_minuto,COMPRESORES_AIRE
,,1,2025-12-16T21:41:38.5759694Z,2025-12-23T21:41:38.5759694Z,2025-12-21T17:30:00Z,1367,consumo_MedidorAtlas7_minuto,COMPRESORES_AIRE
,,1,2025-12-16T21:41:38.5759694Z,2025-12-23T21:41:38.5759694Z,2025-12-21T18:00:00Z,1598,consumo_MedidorAtlas7_minuto,COMPRESORES_AIRE
,,1,2025-12-16T21:41:38.5759694Z,2025-12-23T21:41:38.5759694Z,2025-12-21T18:30:00Z,1599,consumo_MedidorAtlas7_minuto,COMPRESORES_AIRE
,,1,2025-12-16T21:41:38.5759694Z,2025-12-23T21:41:38.5759694Z,2025-12-21T19:00:00Z,1299,consumo_MedidorAtlas7_minuto,COMPRESORES_AIRE
,,1,2025-12-16T21:41:38.5759694Z,2025-12-23T21:41:38.5759694Z,2025-12-21T19:30:00Z,1299,consumo_MedidorAtlas7_minuto,COMPRESORES_AIRE
,,1,2025-12-16T21:41:38.5759694Z,2025-12-23T21:41:38.5759694Z,2025-12-21T20:00:00Z,1356,consumo_MedidorAtlas7_minuto,COMPRESORES_AIRE
,,1,2025-12-16T21:41:38.5759694Z,2025-12-23T21:41:38.5759694Z,2025-12-21T20:30:00Z,1567,consumo_MedidorAtlas7_minuto,COMPRESORES_AIRE
,,1,2025-12-16T21:41:38.5759694Z,2025-12-23T21:41:38.5759694Z,2025-12-21T21:00:00Z,1561,consumo_MedidorAtlas7_minuto,COMPRESORES_AIRE
,,1,2025-12-16T21:41:38.5759694Z,2025-12-23T21:41:38.5759694Z,2025-12-21T21:30:00Z,1319,consumo_MedidorAtlas7_minuto,COMPRESORES_AIRE
,,1,2025-12-16T21:41:38.5759694Z,2025-12-23T21:41:38.5759694Z,2025-12-21T22:00:00Z,1335,consumo_MedidorAtlas7_minuto,COMPRESORES_AIRE
,,1,2025-12-16T21:41:38.5759694Z,2025-12-23T21:41:38.5759694Z,2025-12-21T22:30:00Z,1568,consumo_MedidorAtlas7_minuto,COMPRESORES_AIRE
,,1,2025-12-16T21:41:38.5759694Z,2025-12-23T21:41:38.5759694Z,2025-12-21T23:00:00Z,1574,consumo_MedidorAtlas7_minuto,COMPRESORES_AIRE
,,1,2025-12-16T21:41:38.5759694Z,2025-12-23T21:41:38.5759694Z,2025-12-21T23:30:00Z,1345,consumo_MedidorAtlas7_minuto,COMPRESORES_AIRE
,,1,2025-12-16T21:41:38.5759694Z,2025-12-23T21:41:38.5759694Z,2025-12-22T00:00:00Z,1343,consumo_MedidorAtlas7_minuto,COMPRESORES_AIRE
,,1,2025-12-16T21:41:38.5759694Z,2025-12-23T21:41:38.5759694Z,2025-12-22T00:30:00Z,1344,consumo_MedidorAtlas7_minuto,COMPRESORES_AIRE
,,1,2025-12-16T21:41:38.5759694Z,2025-12-23T21:41:38.5759694Z,2025-12-22T01:00:00Z,1549,consumo_MedidorAtlas7_minuto,COMPRESORES_AIRE
,,1,2025-12-16T21:41:38.5759694Z,2025-12-23T21:41:38.5759694Z,2025-12-22T01:30:00Z,1559,consumo_MedidorAtlas7_minuto,COMPRESORES_AIRE
,,1,2025-12-16T21:41:38.5759694Z,2025-12-23T21:41:38.5759694Z,2025-12-22T02:00:00Z,1350,consumo_MedidorAtlas7_minuto,COMPRESORES_AIRE
,,1,2025-12-16T21:41:38.5759694Z,2025-12-23T21:41:38.5759694Z,2025-12-22T02:30:00Z,1360,consumo_MedidorAtlas7_minuto,COMPRESORES_AIRE
,,1,2025-12-16T21:41:38.5759694Z,2025-12-23T21:41:38.5759694Z,2025-12-22T03:00:00Z,1571,consumo_MedidorAtlas7_minuto,COMPRESORES_AIRE
,,1,2025-12-16T21:41:38.5759694Z,2025-12-23T21:41:38.5759694Z,2025-12-22T03:30:00Z,1556,consumo_MedidorAtlas7_minuto,COMPRESORES_AIRE
,,1,2025-12-16T21:41:38.5759694Z,2025-12-23T21:41:38.5759694Z,2025-12-22T04:00:00Z,1552,consumo_MedidorAtlas7_minuto,COMPRESORES_AIRE
,,1,2025-12-16T21:41:38.5759694Z,2025-12-23T21:41:38.5759694Z,2025-12-22T04:30:00Z,1357,consumo_MedidorAtlas7_minuto,COMPRESORES_AIRE
,,1,2025-12-16T21:41:38.5759694Z,2025-12-23T21:41:38.5759694Z,2025-12-22T05:00:00Z,1346,consumo_MedidorAtlas7_minuto,COMPRESORES_AIRE
,,1,2025-12-16T21:41:38.5759694Z,2025-12-23T21:41:38.5759694Z,2025-12-22T05:30:00Z,1553,consumo_MedidorAtlas7_minuto,COMPRESORES_AIRE
,,1,2025-12-16T21:41:38.5759694Z,2025-12-23T21:41:38.5759694Z,2025-12-22T06:00:00Z,1545,consumo_MedidorAtlas7_minuto,COMPRESORES_AIRE
,,1,2025-12-16T21:41:38.5759694Z,2025-12-23T21:41:38.5759694Z,2025-12-22T06:30:00Z,1338,consumo_MedidorAtlas7_minuto,COMPRESORES_AIRE
,,1,2025-12-16T21:41:38.5759694Z,2025-12-23T21:41:38.5759694Z,2025-12-22T07:00:00Z,1313,consumo_MedidorAtlas7_minuto,COMPRESORES_AIRE
,,1,2025-12-16T21:41:38.5759694Z,2025-12-23T21:41:38.5759694Z,2025-12-22T07:30:00Z,1547,consumo_MedidorAtlas7_minuto,COMPRESORES_AIRE
,,1,2025-12-16T21:41:38.5759694Z,2025-12-23T21:41:38.5759694Z,2025-12-22T08:00:00Z,1550,consumo_MedidorAtlas7_minuto,COMPRESORES_AIRE
,,1,2025-12-16T21:41:38.5759694Z,2025-12-23T21:41:38.5759694Z,2025-12-22T08:30:00Z,1546,consumo_MedidorAtlas7_minuto,COMPRESORES_AIRE
,,1,2025-12-16T21:41:38.5759694Z,2025-12-23T21:41:38.5759694Z,2025-12-22T09:00:00Z,1314,consumo_MedidorAtlas7_minuto,COMPRESORES_AIRE
,,1,2025-12-16T21:41:38.5759694Z,2025-12-23T21:41:38.5759694Z,2025-12-22T09:30:00Z,1343,consumo_MedidorAtlas7_minuto,COMPRESORES_AIRE
,,1,2025-12-16T21:41:38.5759694Z,2025-12-23T21:41:38.5759694Z,2025-12-22T10:00:00Z,1550,consumo_MedidorAtlas7_minuto,COMPRESORES_AIRE
,,1,2025-12-16T21:41:38.5759694Z,2025-12-23T21:41:38.5759694Z,2025-12-22T10:30:00Z,1570,consumo_MedidorAtlas7_minuto,COMPRESORES_AIRE
,,1,2025-12-16T21:41:38.5759694Z,2025-12-23T21:41:38.5759694Z,2025-12-22T11:00:00Z,1338,consumo_MedidorAtlas7_minuto,COMPRESORES_AIRE
,,1,2025-12-16T21:41:38.5759694Z,2025-12-23T21:41:38.5759694Z,2025-12-22T11:30:00Z,1329,consumo_MedidorAtlas7_minuto,COMPRESORES_AIRE
,,1,2025-12-16T21:41:38.5759694Z,2025-12-23T21:41:38.5759694Z,2025-12-22T12:00:00Z,1282,consumo_MedidorAtlas7_minuto,COMPRESORES_AIRE
,,1,2025-12-16T21:41:38.5759694Z,2025-12-23T21:41:38.5759694Z,2025-12-22T12:30:00Z,1542,consumo_MedidorAtlas7_minuto,COMPRESORES_AIRE
,,1,2025-12-16T21:41:38.5759694Z,2025-12-23T21:41:38.5759694Z,2025-12-22T13:00:00Z,1548,consumo_MedidorAtlas7_minuto,COMPRESORES_AIRE
,,1,2025-12-16T21:41:38.5759694Z,2025-12-23T21:41:38.5759694Z,2025-12-22T13:30:00Z,1364,consumo_MedidorAtlas7_minuto,COMPRESORES_AIRE
,,1,2025-12-16T21:41:38.5759694Z,2025-12-23T21:41:38.5759694Z,2025-12-22T14:00:00Z,1348,consumo_MedidorAtlas7_minuto,COMPRESORES_AIRE
,,1,2025-12-16T21:41:38.5759694Z,2025-12-23T21:41:38.5759694Z,2025-12-22T14:30:00Z,1323,consumo_MedidorAtlas7_minuto,COMPRESORES_AIRE
,,1,2025-12-16T21:41:38.5759694Z,2025-12-23T21:41:38.5759694Z,2025-12-22T15:00:00Z,1318,consumo_MedidorAtlas7_minuto,COMPRESORES_AIRE
,,1,2025-12-16T21:41:38.5759694Z,2025-12-23T21:41:38.5759694Z,2025-12-22T15:30:00Z,475,consumo_MedidorAtlas7_minuto,COMPRESORES_AIRE
,,1,2025-12-16T21:41:38.5759694Z,2025-12-23T21:41:38.5759694Z,2025-12-22T16:00:00Z,586,consumo_MedidorAtlas7_minuto,COMPRESORES_AIRE
,,1,2025-12-16T21:41:38.5759694Z,2025-12-23T21:41:38.5759694Z,2025-12-22T16:30:00Z,748,consumo_MedidorAtlas7_minuto,COMPRESORES_AIRE
,,1,2025-12-16T21:41:38.5759694Z,2025-12-23T21:41:38.5759694Z,2025-12-22T17:00:00Z,843,consumo_MedidorAtlas7_minuto,COMPRESORES_AIRE
,,1,2025-12-16T21:41:38.5759694Z,2025-12-23T21:41:38.5759694Z,2025-12-22T17:30:00Z,688,consumo_MedidorAtlas7_minuto,COMPRESORES_AIRE
,,1,2025-12-16T21:41:38.5759694Z,2025-12-23T21:41:38.5759694Z,2025-12-22T18:00:00Z,687,consumo_MedidorAtlas7_minuto,COMPRESORES_AIRE
,,1,2025-12-16T21:41:38.5759694Z,2025-12-23T21:41:38.5759694Z,2025-12-22T18:30:00Z,734,consumo_MedidorAtlas7_minuto,COMPRESORES_AIRE
,,1,2025-12-16T21:41:38.5759694Z,2025-12-23T21:41:38.5759694Z,2025-12-22T19:00:00Z,882,consumo_MedidorAtlas7_minuto,COMPRESORES_AIRE
,,1,2025-12-16T21:41:38.5759694Z,2025-12-23T21:41:38.5759694Z,2025-12-22T19:30:00Z,817,consumo_MedidorAtlas7_minuto,COMPRESORES_AIRE
,,1,2025-12-16T21:41:38.5759694Z,2025-12-23T21:41:38.5759694Z,2025-12-22T20:00:00Z,1509,consumo_MedidorAtlas7_minuto,COMPRESORES_AIRE
,,1,2025-12-16T21:41:38.5759694Z,2025-12-23T21:41:38.5759694Z,2025-12-22T20:30:00Z,871,consumo_MedidorAtlas7_minuto,COMPRESORES_AIRE
,,1,2025-12-16T21:41:38.5759694Z,2025-12-23T21:41:38.5759694Z,2025-12-22T21:00:00Z,834,consumo_MedidorAtlas7_minuto,COMPRESORES_AIRE
,,1,2025-12-16T21:41:38.5759694Z,2025-12-23T21:41:38.5759694Z,2025-12-22T21:30:00Z,828,consumo_MedidorAtlas7_minuto,COMPRESORES_AIRE
,,1,2025-12-16T21:41:38.5759694Z,2025-12-23T21:41:38.5759694Z,2025-12-22T22:00:00Z,1041,consumo_MedidorAtlas7_minuto,COMPRESORES_AIRE
,,1,2025-12-16T21:41:38.5759694Z,2025-12-23T21:41:38.5759694Z,2025-12-22T22:30:00Z,619,consumo_MedidorAtlas7_minuto,COMPRESORES_AIRE
,,1,2025-12-16T21:41:38.5759694Z,2025-12-23T21:41:38.5759694Z,2025-12-22T23:00:00Z,671,consumo_MedidorAtlas7_minuto,COMPRESORES_AIRE
,,1,2025-12-16T21:41:38.5759694Z,2025-12-23T21:41:38.5759694Z,2025-12-22T23:30:00Z,817,consumo_MedidorAtlas7_minuto,COMPRESORES_AIRE
,,1,2025-12-16T21:41:38.5759694Z,2025-12-23T21:41:38.5759694Z,2025-12-23T00:00:00Z,990,consumo_MedidorAtlas7_minuto,COMPRESORES_AIRE
,,1,2025-12-16T21:41:38.5759694Z,2025-12-23T21:41:38.5759694Z,2025-12-23T00:30:00Z,917,consumo_MedidorAtlas7_minuto,COMPRESORES_AIRE
,,1,2025-12-16T21:41:38.5759694Z,2025-12-23T21:41:38.5759694Z,2025-12-23T01:00:00Z,670,consumo_MedidorAtlas7_minuto,COMPRESORES_AIRE
,,1,2025-12-16T21:41:38.5759694Z,2025-12-23T21:41:38.5759694Z,2025-12-23T01:30:00Z,559,consumo_MedidorAtlas7_minuto,COMPRESORES_AIRE
,,1,2025-12-16T21:41:38.5759694Z,2025-12-23T21:41:38.5759694Z,2025-12-23T02:00:00Z,758,consumo_MedidorAtlas7_minuto,COMPRESORES_AIRE
,,1,2025-12-16T21:41:38.5759694Z,2025-12-23T21:41:38.5759694Z,2025-12-23T02:30:00Z,543,consumo_MedidorAtlas7_minuto,COMPRESORES_AIRE
,,1,2025-12-16T21:41:38.5759694Z,2025-12-23T21:41:38.5759694Z,2025-12-23T03:00:00Z,718,consumo_MedidorAtlas7_minuto,COMPRESORES_AIRE
,,1,2025-12-16T21:41:38.5759694Z,2025-12-23T21:41:38.5759694Z,2025-12-23T03:30:00Z,464,consumo_MedidorAtlas7_minuto,COMPRESORES_AIRE
,,1,2025-12-16T21:41:38.5759694Z,2025-12-23T21:41:38.5759694Z,2025-12-23T04:00:00Z,440,consumo_MedidorAtlas7_minuto,COMPRESORES_AIRE
,,1,2025-12-16T21:41:38.5759694Z,2025-12-23T21:41:38.5759694Z,2025-12-23T04:30:00Z,401,consumo_MedidorAtlas7_minuto,COMPRESORES_AIRE
,,1,2025-12-16T21:41:38.5759694Z,2025-12-23T21:41:38.5759694Z,2025-12-23T05:00:00Z,1459,consumo_MedidorAtlas7_minuto,COMPRESORES_AIRE
,,1,2025-12-16T21:41:38.5759694Z,2025-12-23T21:41:38.5759694Z,2025-12-23T05:30:00Z,957,consumo_MedidorAtlas7_minuto,COMPRESORES_AIRE
,,1,2025-12-16T21:41:38.5759694Z,2025-12-23T21:41:38.5759694Z,2025-12-23T06:00:00Z,934,consumo_MedidorAtlas7_minuto,COMPRESORES_AIRE
,,1,2025-12-16T21:41:38.5759694Z,2025-12-23T21:41:38.5759694Z,2025-12-23T06:30:00Z,748,consumo_MedidorAtlas7_minuto,COMPRESORES_AIRE
,,1,2025-12-16T21:41:38.5759694Z,2025-12-23T21:41:38.5759694Z,2025-12-23T07:00:00Z,712,consumo_MedidorAtlas7_minuto,COMPRESORES_AIRE
,,1,2025-12-16T21:41:38.5759694Z,2025-12-23T21:41:38.5759694Z,2025-12-23T07:30:00Z,1045,consumo_MedidorAtlas7_minuto,COMPRESORES_AIRE
,,1,2025-12-16T21:41:38.5759694Z,2025-12-23T21:41:38.5759694Z,2025-12-23T08:00:00Z,1022,consumo_MedidorAtlas7_minuto,COMPRESORES_AIRE
,,1,2025-12-16T21:41:38.5759694Z,2025-12-23T21:41:38.5759694Z,2025-12-23T08:30:00Z,742,consumo_MedidorAtlas7_minuto,COMPRESORES_AIRE
,,1,2025-12-16T21:41:38.5759694Z,2025-12-23T21:41:38.5759694Z,2025-12-23T09:00:00Z,833,consumo_MedidorAtlas7_minuto,COMPRESORES_AIRE
,,1,2025-12-16T21:41:38.5759694Z,2025-12-23T21:41:38.5759694Z,2025-12-23T09:30:00Z,647,consumo_MedidorAtlas7_minuto,COMPRESORES_AIRE
,,1,2025-12-16T21:41:38.5759694Z,2025-12-23T21:41:38.5759694Z,2025-12-23T10:00:00Z,821,consumo_MedidorAtlas7_minuto,COMPRESORES_AIRE
,,1,2025-12-16T21:41:38.5759694Z,2025-12-23T21:41:38.5759694Z,2025-12-23T10:30:00Z,731,consumo_MedidorAtlas7_minuto,COMPRESORES_AIRE
,,1,2025-12-16T21:41:38.5759694Z,2025-12-23T21:41:38.5759694Z,2025-12-23T11:00:00Z,741,consumo_MedidorAtlas7_minuto,COMPRESORES_AIRE
,,1,2025-12-16T21:41:38.5759694Z,2025-12-23T21:41:38.5759694Z,2025-12-23T11:30:00Z,739,consumo_MedidorAtlas7_minuto,COMPRESORES_AIRE
,,1,2025-12-16T21:41:38.5759694Z,2025-12-23T21:41:38.5759694Z,2025-12-23T12:00:00Z,821,consumo_MedidorAtlas7_minuto,COMPRESORES_AIRE
,,1,2025-12-16T21:41:38.5759694Z,2025-12-23T21:41:38.5759694Z,2025-12-23T12:30:00Z,773,consumo_MedidorAtlas7_minuto,COMPRESORES_AIRE
,,1,2025-12-16T21:41:38.5759694Z,2025-12-23T21:41:38.5759694Z,2025-12-23T13:00:00Z,971,consumo_MedidorAtlas7_minuto,COMPRESORES_AIRE
,,1,2025-12-16T21:41:38.5759694Z,2025-12-23T21:41:38.5759694Z,2025-12-23T13:30:00Z,851,consumo_MedidorAtlas7_minuto,COMPRESORES_AIRE
,,1,2025-12-16T21:41:38.5759694Z,2025-12-23T21:41:38.5759694Z,2025-12-23T14:00:00Z,734,consumo_MedidorAtlas7_minuto,COMPRESORES_AIRE
,,1,2025-12-16T21:41:38.5759694Z,2025-12-23T21:41:38.5759694Z,2025-12-23T14:30:00Z,661,consumo_MedidorAtlas7_minuto,COMPRESORES_AIRE
,,1,2025-12-16T21:41:38.5759694Z,2025-12-23T21:41:38.5759694Z,2025-12-23T15:00:00Z,1160,consumo_MedidorAtlas7_minuto,COMPRESORES_AIRE
,,1,2025-12-16T21:41:38.5759694Z,2025-12-23T21:41:38.5759694Z,2025-12-23T15:30:00Z,912,consumo_MedidorAtlas7_minuto,COMPRESORES_AIRE
,,1,2025-12-16T21:41:38.5759694Z,2025-12-23T21:41:38.5759694Z,2025-12-23T16:00:00Z,927,consumo_MedidorAtlas7_minuto,COMPRESORES_AIRE
,,1,2025-12-16T21:41:38.5759694Z,2025-12-23T21:41:38.5759694Z,2025-12-23T16:30:00Z,852,consumo_MedidorAtlas7_minuto,COMPRESORES_AIRE
,,1,2025-12-16T21:41:38.5759694Z,2025-12-23T21:41:38.5759694Z,2025-12-23T17:00:00Z,760,consumo_MedidorAtlas7_minuto,COMPRESORES_AIRE
,,1,2025-12-16T21:41:38.5759694Z,2025-12-23T21:41:38.5759694Z,2025-12-23T17:30:00Z,585,consumo_MedidorAtlas7_minuto,COMPRESORES_AIRE
,,1,2025-12-16T21:41:38.5759694Z,2025-12-23T21:41:38.5759694Z,2025-12-23T18:00:00Z,578,consumo_MedidorAtlas7_minuto,COMPRESORES_AIRE
,,1,2025-12-16T21:41:38.5759694Z,2025-12-23T21:41:38.5759694Z,2025-12-23T18:30:00Z,787,consumo_MedidorAtlas7_minuto,COMPRESORES_AIRE
,,1,2025-12-16T21:41:38.5759694Z,2025-12-23T21:41:38.5759694Z,2025-12-23T19:00:00Z,1108,consumo_MedidorAtlas7_minuto,COMPRESORES_AIRE
,,1,2025-12-16T21:41:38.5759694Z,2025-12-23T21:41:38.5759694Z,2025-12-23T19:30:00Z,856,consumo_MedidorAtlas7_minuto,COMPRESORES_AIRE
,,1,2025-12-16T21:41:38.5759694Z,2025-12-23T21:41:38.5759694Z,2025-12-23T20:00:00Z,556,consumo_MedidorAtlas7_minuto,COMPRESORES_AIRE
,,1,2025-12-16T21:41:38.5759694Z,2025-12-23T21:41:38.5759694Z,2025-12-23T20:30:00Z,875,consumo_MedidorAtlas7_minuto,COMPRESORES_AIRE
,,1,2025-12-16T21:41:38.5759694Z,2025-12-23T21:41:38.5759694Z,2025-12-23T21:00:00Z,696,consumo_MedidorAtlas7_minuto,COMPRESORES_AIRE
,,1,2025-12-16T21:41:38.5759694Z,2025-12-23T21:41:38.5759694Z,2025-12-23T21:30:00Z,638,consumo_MedidorAtlas7_minuto,COMPRESORES_AIRE
,,1,2025-12-16T21:41:38.5759694Z,2025-12-23T21:41:38.5759694Z,2025-12-23T21:41:38.5759694Z,429,consumo_MedidorAtlas7_minuto,COMPRESORES_AIRE
,,2,2025-12-16T21:41:38.5759694Z,2025-12-23T21:41:38.5759694Z,2025-12-16T22:00:00Z,1387,consumo_MedidorAtlas8_hora,COMPRESORES_AIRE
,,2,2025-12-16T21:41:38.5759694Z,2025-12-23T21:41:38.5759694Z,2025-12-16T22:30:00Z,717,consumo_MedidorAtlas8_hora,COMPRESORES_AIRE
,,2,2025-12-16T21:41:38.5759694Z,2025-12-23T21:41:38.5759694Z,2025-12-16T23:00:00Z,717,consumo_MedidorAtlas8_hora,COMPRESORES_AIRE
,,2,2025-12-16T21:41:38.5759694Z,2025-12-23T21:41:38.5759694Z,2025-12-16T23:30:00Z,16,consumo_MedidorAtlas8_hora,COMPRESORES_AIRE
,,2,2025-12-16T21:41:38.5759694Z,2025-12-23T21:41:38.5759694Z,2025-12-17T00:00:00Z,16,consumo_MedidorAtlas8_hora,COMPRESORES_AIRE
,,2,2025-12-16T21:41:38.5759694Z,2025-12-23T21:41:38.5759694Z,2025-12-17T00:30:00Z,0,consumo_MedidorAtlas8_hora,COMPRESORES_AIRE
,,2,2025-12-16T21:41:38.5759694Z,2025-12-23T21:41:38.5759694Z,2025-12-17T01:00:00Z,0,consumo_MedidorAtlas8_hora,COMPRESORES_AIRE
,,2,2025-12-16T21:41:38.5759694Z,2025-12-23T21:41:38.5759694Z,2025-12-17T01:30:00Z,6,consumo_MedidorAtlas8_hora,COMPRESORES_AIRE
,,2,2025-12-16T21:41:38.5759694Z,2025-12-23T21:41:38.5759694Z,2025-12-17T02:00:00Z,6,consumo_MedidorAtlas8_hora,COMPRESORES_AIRE
,,2,2025-12-16T21:41:38.5759694Z,2025-12-23T21:41:38.5759694Z,2025-12-17T02:30:00Z,15,consumo_MedidorAtlas8_hora,COMPRESORES_AIRE
,,2,2025-12-16T21:41:38.5759694Z,2025-12-23T21:41:38.5759694Z,2025-12-17T03:00:00Z,15,consumo_MedidorAtlas8_hora,COMPRESORES_AIRE
,,2,2025-12-16T21:41:38.5759694Z,2025-12-23T21:41:38.5759694Z,2025-12-17T03:30:00Z,87,consumo_MedidorAtlas8_hora,COMPRESORES_AIRE
,,2,2025-12-16T21:41:38.5759694Z,2025-12-23T21:41:38.5759694Z,2025-12-17T04:00:00Z,87,consumo_MedidorAtlas8_hora,COMPRESORES_AIRE
,,2,2025-12-16T21:41:38.5759694Z,2025-12-23T21:41:38.5759694Z,2025-12-17T04:30:00Z,20,consumo_MedidorAtlas8_hora,COMPRESORES_AIRE
,,2,2025-12-16T21:41:38.5759694Z,2025-12-23T21:41:38.5759694Z,2025-12-17T05:00:00Z,20,consumo_MedidorAtlas8_hora,COMPRESORES_AIRE
,,2,2025-12-16T21:41:38.5759694Z,2025-12-23T21:41:38.5759694Z,2025-12-17T05:30:00Z,53,consumo_MedidorAtlas8_hora,COMPRESORES_AIRE
,,2,2025-12-16T21:41:38.5759694Z,2025-12-23T21:41:38.5759694Z,2025-12-17T06:00:00Z,53,consumo_MedidorAtlas8_hora,COMPRESORES_AIRE
,,2,2025-12-16T21:41:38.5759694Z,2025-12-23T21:41:38.5759694Z,2025-12-17T06:30:00Z,53,consumo_MedidorAtlas8_hora,COMPRESORES_AIRE
,,2,2025-12-16T21:41:38.5759694Z,2025-12-23T21:41:38.5759694Z,2025-12-17T07:00:00Z,53,consumo_MedidorAtlas8_hora,COMPRESORES_AIRE
,,2,2025-12-16T21:41:38.5759694Z,2025-12-23T21:41:38.5759694Z,2025-12-17T07:30:00Z,387,consumo_MedidorAtlas8_hora,COMPRESORES_AIRE
,,2,2025-12-16T21:41:38.5759694Z,2025-12-23T21:41:38.5759694Z,2025-12-17T08:00:00Z,387,consumo_MedidorAtlas8_hora,COMPRESORES_AIRE
,,2,2025-12-16T21:41:38.5759694Z,2025-12-23T21:41:38.5759694Z,2025-12-17T08:30:00Z,67,consumo_MedidorAtlas8_hora,COMPRESORES_AIRE
,,2,2025-12-16T21:41:38.5759694Z,2025-12-23T21:41:38.5759694Z,2025-12-17T09:00:00Z,67,consumo_MedidorAtlas8_hora,COMPRESORES_AIRE
,,2,2025-12-16T21:41:38.5759694Z,2025-12-23T21:41:38.5759694Z,2025-12-17T09:30:00Z,4,consumo_MedidorAtlas8_hora,COMPRESORES_AIRE
,,2,2025-12-16T21:41:38.5759694Z,2025-12-23T21:41:38.5759694Z,2025-12-17T10:00:00Z,4,consumo_MedidorAtlas8_hora,COMPRESORES_AIRE
,,2,2025-12-16T21:41:38.5759694Z,2025-12-23T21:41:38.5759694Z,2025-12-17T10:30:00Z,61,consumo_MedidorAtlas8_hora,COMPRESORES_AIRE
,,2,2025-12-16T21:41:38.5759694Z,2025-12-23T21:41:38.5759694Z,2025-12-17T11:00:00Z,61,consumo_MedidorAtlas8_hora,COMPRESORES_AIRE
,,2,2025-12-16T21:41:38.5759694Z,2025-12-23T21:41:38.5759694Z,2025-12-17T11:30:00Z,172,consumo_MedidorAtlas8_hora,COMPRESORES_AIRE
,,2,2025-12-16T21:41:38.5759694Z,2025-12-23T21:41:38.5759694Z,2025-12-17T12:00:00Z,172,consumo_MedidorAtlas8_hora,COMPRESORES_AIRE
,,2,2025-12-16T21:41:38.5759694Z,2025-12-23T21:41:38.5759694Z,2025-12-17T12:30:00Z,29,consumo_MedidorAtlas8_hora,COMPRESORES_AIRE
,,2,2025-12-16T21:41:38.5759694Z,2025-12-23T21:41:38.5759694Z,2025-12-17T13:00:00Z,29,consumo_MedidorAtlas8_hora,COMPRESORES_AIRE
,,2,2025-12-16T21:41:38.5759694Z,2025-12-23T21:41:38.5759694Z,2025-12-17T13:30:00Z,39,consumo_MedidorAtlas8_hora,COMPRESORES_AIRE
,,2,2025-12-16T21:41:38.5759694Z,2025-12-23T21:41:38.5759694Z,2025-12-17T14:00:00Z,39,consumo_MedidorAtlas8_hora,COMPRESORES_AIRE
,,2,2025-12-16T21:41:38.5759694Z,2025-12-23T21:41:38.5759694Z,2025-12-17T14:30:00Z,217,consumo_MedidorAtlas8_hora,COMPRESORES_AIRE
,,2,2025-12-16T21:41:38.5759694Z,2025-12-23T21:41:38.5759694Z,2025-12-17T15:00:00Z,217,consumo_MedidorAtlas8_hora,COMPRESORES_AIRE
,,2,2025-12-16T21:41:38.5759694Z,2025-12-23T21:41:38.5759694Z,2025-12-17T15:30:00Z,28,consumo_MedidorAtlas8_hora,COMPRESORES_AIRE
,,2,2025-12-16T21:41:38.5759694Z,2025-12-23T21:41:38.5759694Z,2025-12-17T16:00:00Z,28,consumo_MedidorAtlas8_hora,COMPRESORES_AIRE
,,2,2025-12-16T21:41:38.5759694Z,2025-12-23T21:41:38.5759694Z,2025-12-17T16:30:00Z,50,consumo_MedidorAtlas8_hora,COMPRESORES_AIRE
,,2,2025-12-16T21:41:38.5759694Z,2025-12-23T21:41:38.5759694Z,2025-12-17T17:00:00Z,50,consumo_MedidorAtlas8_hora,COMPRESORES_AIRE
,,2,2025-12-16T21:41:38.5759694Z,2025-12-23T21:41:38.5759694Z,2025-12-17T17:30:00Z,29,consumo_MedidorAtlas8_hora,COMPRESORES_AIRE
,,2,2025-12-16T21:41:38.5759694Z,2025-12-23T21:41:38.5759694Z,2025-12-17T18:00:00Z,29,consumo_MedidorAtlas8_hora,COMPRESORES_AIRE
,,2,2025-12-16T21:41:38.5759694Z,2025-12-23T21:41:38.5759694Z,2025-12-17T18:30:00Z,6,consumo_MedidorAtlas8_hora,COMPRESORES_AIRE
,,2,2025-12-16T21:41:38.5759694Z,2025-12-23T21:41:38.5759694Z,2025-12-17T19:00:00Z,6,consumo_MedidorAtlas8_hora,COMPRESORES_AIRE
,,2,2025-12-16T21:41:38.5759694Z,2025-12-23T21:41:38.5759694Z,2025-12-17T19:30:00Z,46,consumo_MedidorAtlas8_hora,COMPRESORES_AIRE
,,2,2025-12-16T21:41:38.5759694Z,2025-12-23T21:41:38.5759694Z,2025-12-17T20:00:00Z,46,consumo_MedidorAtlas8_hora,COMPRESORES_AIRE
,,2,2025-12-16T21:41:38.5759694Z,2025-12-23T21:41:38.5759694Z,2025-12-17T20:30:00Z,50,consumo_MedidorAtlas8_hora,COMPRESORES_AIRE
,,2,2025-12-16T21:41:38.5759694Z,2025-12-23T21:41:38.5759694Z,2025-12-17T21:00:00Z,50,consumo_MedidorAtlas8_hora,COMPRESORES_AIRE
,,2,2025-12-16T21:41:38.5759694Z,2025-12-23T21:41:38.5759694Z,2025-12-17T21:30:00Z,23,consumo_MedidorAtlas8_hora,COMPRESORES_AIRE
,,2,2025-12-16T21:41:38.5759694Z,2025-12-23T21:41:38.5759694Z,2025-12-17T22:00:00Z,23,consumo_MedidorAtlas8_hora,COMPRESORES_AIRE
,,2,2025-12-16T21:41:38.5759694Z,2025-12-23T21:41:38.5759694Z,2025-12-17T22:30:00Z,5,consumo_MedidorAtlas8_hora,COMPRESORES_AIRE
,,2,2025-12-16T21:41:38.5759694Z,2025-12-23T21:41:38.5759694Z,2025-12-17T23:00:00Z,5,consumo_MedidorAtlas8_hora,COMPRESORES_AIRE
,,2,2025-12-16T21:41:38.5759694Z,2025-12-23T21:41:38.5759694Z,2025-12-17T23:30:00Z,2,consumo_MedidorAtlas8_hora,COMPRESORES_AIRE
,,2,2025-12-16T21:41:38.5759694Z,2025-12-23T21:41:38.5759694Z,2025-12-18T17:00:00Z,0,consumo_MedidorAtlas8_hora,COMPRESORES_AIRE
,,2,2025-12-16T21:41:38.5759694Z,2025-12-23T21:41:38.5759694Z,2025-12-18T17:30:00Z,0,consumo_MedidorAtlas8_hora,COMPRESORES_AIRE
,,2,2025-12-16T21:41:38.5759694Z,2025-12-23T21:41:38.5759694Z,2025-12-18T18:00:00Z,0,consumo_MedidorAtlas8_hora,COMPRESORES_AIRE
,,2,2025-12-16T21:41:38.5759694Z,2025-12-23T21:41:38.5759694Z,2025-12-18T18:30:00Z,0,consumo_MedidorAtlas8_hora,COMPRESORES_AIRE
,,2,2025-12-16T21:41:38.5759694Z,2025-12-23T21:41:38.5759694Z,2025-12-18T19:00:00Z,0,consumo_MedidorAtlas8_hora,COMPRESORES_AIRE
,,2,2025-12-16T21:41:38.5759694Z,2025-12-23T21:41:38.5759694Z,2025-12-18T19:30:00Z,1,consumo_MedidorAtlas8_hora,COMPRESORES_AIRE
,,2,2025-12-16T21:41:38.5759694Z,2025-12-23T21:41:38.5759694Z,2025-12-18T20:00:00Z,1,consumo_MedidorAtlas8_hora,COMPRESORES_AIRE
,,2,2025-12-16T21:41:38.5759694Z,2025-12-23T21:41:38.5759694Z,2025-12-18T20:30:00Z,0,consumo_MedidorAtlas8_hora,COMPRESORES_AIRE
,,2,2025-12-16T21:41:38.5759694Z,2025-12-23T21:41:38.5759694Z,2025-12-18T21:00:00Z,0,consumo_MedidorAtlas8_hora,COMPRESORES_AIRE
,,2,2025-12-16T21:41:38.5759694Z,2025-12-23T21:41:38.5759694Z,2025-12-18T21:30:00Z,0,consumo_MedidorAtlas8_hora,COMPRESORES_AIRE
,,2,2025-12-16T21:41:38.5759694Z,2025-12-23T21:41:38.5759694Z,2025-12-18T22:00:00Z,0,consumo_MedidorAtlas8_hora,COMPRESORES_AIRE
,,2,2025-12-16T21:41:38.5759694Z,2025-12-23T21:41:38.5759694Z,2025-12-18T22:30:00Z,0,consumo_MedidorAtlas8_hora,COMPRESORES_AIRE
,,2,2025-12-16T21:41:38.5759694Z,2025-12-23T21:41:38.5759694Z,2025-12-18T23:00:00Z,0,consumo_MedidorAtlas8_hora,COMPRESORES_AIRE
,,2,2025-12-16T21:41:38.5759694Z,2025-12-23T21:41:38.5759694Z,2025-12-18T23:30:00Z,0,consumo_MedidorAtlas8_hora,COMPRESORES_AIRE
,,2,2025-12-16T21:41:38.5759694Z,2025-12-23T21:41:38.5759694Z,2025-12-19T00:00:00Z,0,consumo_MedidorAtlas8_hora,COMPRESORES_AIRE
,,2,2025-12-16T21:41:38.5759694Z,2025-12-23T21:41:38.5759694Z,2025-12-19T00:30:00Z,0,consumo_MedidorAtlas8_hora,COMPRESORES_AIRE
,,2,2025-12-16T21:41:38.5759694Z,2025-12-23T21:41:38.5759694Z,2025-12-19T01:00:00Z,0,consumo_MedidorAtlas8_hora,COMPRESORES_AIRE
,,2,2025-12-16T21:41:38.5759694Z,2025-12-23T21:41:38.5759694Z,2025-12-19T01:30:00Z,0,consumo_MedidorAtlas8_hora,COMPRESORES_AIRE
,,2,2025-12-16T21:41:38.5759694Z,2025-12-23T21:41:38.5759694Z,2025-12-19T02:00:00Z,0,consumo_MedidorAtlas8_hora,COMPRESORES_AIRE
,,2,2025-12-16T21:41:38.5759694Z,2025-12-23T21:41:38.5759694Z,2025-12-19T02:30:00Z,3,consumo_MedidorAtlas8_hora,COMPRESORES_AIRE
,,2,2025-12-16T21:41:38.5759694Z,2025-12-23T21:41:38.5759694Z,2025-12-19T03:00:00Z,3,consumo_MedidorAtlas8_hora,COMPRESORES_AIRE
,,2,2025-12-16T21:41:38.5759694Z,2025-12-23T21:41:38.5759694Z,2025-12-19T03:30:00Z,0,consumo_MedidorAtlas8_hora,COMPRESORES_AIRE
,,2,2025-12-16T21:41:38.5759694Z,2025-12-23T21:41:38.5759694Z,2025-12-19T04:00:00Z,0,consumo_MedidorAtlas8_hora,COMPRESORES_AIRE
,,2,2025-12-16T21:41:38.5759694Z,2025-12-23T21:41:38.5759694Z,2025-12-19T04:30:00Z,9,consumo_MedidorAtlas8_hora,COMPRESORES_AIRE
,,2,2025-12-16T21:41:38.5759694Z,2025-12-23T21:41:38.5759694Z,2025-12-19T05:00:00Z,9,consumo_MedidorAtlas8_hora,COMPRESORES_AIRE
,,2,2025-12-16T21:41:38.5759694Z,2025-12-23T21:41:38.5759694Z,2025-12-19T05:30:00Z,0,consumo_MedidorAtlas8_hora,COMPRESORES_AIRE
,,2,2025-12-16T21:41:38.5759694Z,2025-12-23T21:41:38.5759694Z,2025-12-19T06:00:00Z,0,consumo_MedidorAtlas8_hora,COMPRESORES_AIRE
,,2,2025-12-16T21:41:38.5759694Z,2025-12-23T21:41:38.5759694Z,2025-12-19T06:30:00Z,0,consumo_MedidorAtlas8_hora,COMPRESORES_AIRE
,,2,2025-12-16T21:41:38.5759694Z,2025-12-23T21:41:38.5759694Z,2025-12-19T07:00:00Z,0,consumo_MedidorAtlas8_hora,COMPRESORES_AIRE
,,2,2025-12-16T21:41:38.5759694Z,2025-12-23T21:41:38.5759694Z,2025-12-19T07:30:00Z,2,consumo_MedidorAtlas8_hora,COMPRESORES_AIRE
,,2,2025-12-16T21:41:38.5759694Z,2025-12-23T21:41:38.5759694Z,2025-12-19T08:00:00Z,2,consumo_MedidorAtlas8_hora,COMPRESORES_AIRE
,,2,2025-12-16T21:41:38.5759694Z,2025-12-23T21:41:38.5759694Z,2025-12-19T08:30:00Z,0,consumo_MedidorAtlas8_hora,COMPRESORES_AIRE
,,2,2025-12-16T21:41:38.5759694Z,2025-12-23T21:41:38.5759694Z,2025-12-19T09:00:00Z,0,consumo_MedidorAtlas8_hora,COMPRESORES_AIRE
,,2,2025-12-16T21:41:38.5759694Z,2025-12-23T21:41:38.5759694Z,2025-12-19T09:30:00Z,0,consumo_MedidorAtlas8_hora,COMPRESORES_AIRE
,,2,2025-12-16T21:41:38.5759694Z,2025-12-23T21:41:38.5759694Z,2025-12-19T10:00:00Z,0,consumo_MedidorAtlas8_hora,COMPRESORES_AIRE
,,2,2025-12-16T21:41:38.5759694Z,2025-12-23T21:41:38.5759694Z,2025-12-19T10:30:00Z,0,consumo_MedidorAtlas8_hora,COMPRESORES_AIRE
,,2,2025-12-16T21:41:38.5759694Z,2025-12-23T21:41:38.5759694Z,2025-12-19T11:00:00Z,0,consumo_MedidorAtlas8_hora,COMPRESORES_AIRE
,,2,2025-12-16T21:41:38.5759694Z,2025-12-23T21:41:38.5759694Z,2025-12-19T11:30:00Z,0,consumo_MedidorAtlas8_hora,COMPRESORES_AIRE
,,2,2025-12-16T21:41:38.5759694Z,2025-12-23T21:41:38.5759694Z,2025-12-19T12:00:00Z,0,consumo_MedidorAtlas8_hora,COMPRESORES_AIRE
,,2,2025-12-16T21:41:38.5759694Z,2025-12-23T21:41:38.5759694Z,2025-12-19T12:30:00Z,1243,consumo_MedidorAtlas8_hora,COMPRESORES_AIRE
,,2,2025-12-16T21:41:38.5759694Z,2025-12-23T21:41:38.5759694Z,2025-12-19T13:00:00Z,1243,consumo_MedidorAtlas8_hora,COMPRESORES_AIRE
,,2,2025-12-16T21:41:38.5759694Z,2025-12-23T21:41:38.5759694Z,2025-12-19T13:30:00Z,0,consumo_MedidorAtlas8_hora,COMPRESORES_AIRE
,,2,2025-12-16T21:41:38.5759694Z,2025-12-23T21:41:38.5759694Z,2025-12-19T14:00:00Z,0,consumo_MedidorAtlas8_hora,COMPRESORES_AIRE
,,2,2025-12-16T21:41:38.5759694Z,2025-12-23T21:41:38.5759694Z,2025-12-19T14:30:00Z,0,consumo_MedidorAtlas8_hora,COMPRESORES_AIRE
,,2,2025-12-16T21:41:38.5759694Z,2025-12-23T21:41:38.5759694Z,2025-12-19T15:00:00Z,0,consumo_MedidorAtlas8_hora,COMPRESORES_AIRE
,,2,2025-12-16T21:41:38.5759694Z,2025-12-23T21:41:38.5759694Z,2025-12-19T15:30:00Z,0,consumo_MedidorAtlas8_hora,COMPRESORES_AIRE
,,2,2025-12-16T21:41:38.5759694Z,2025-12-23T21:41:38.5759694Z,2025-12-19T16:00:00Z,0,consumo_MedidorAtlas8_hora,COMPRESORES_AIRE
,,2,2025-12-16T21:41:38.5759694Z,2025-12-23T21:41:38.5759694Z,2025-12-19T16:30:00Z,0,consumo_MedidorAtlas8_hora,COMPRESORES_AIRE
,,2,2025-12-16T21:41:38.5759694Z,2025-12-23T21:41:38.5759694Z,2025-12-19T17:00:00Z,0,consumo_MedidorAtlas8_hora,COMPRESORES_AIRE
,,2,2025-12-16T21:41:38.5759694Z,2025-12-23T21:41:38.5759694Z,2025-12-19T17:30:00Z,0,consumo_MedidorAtlas8_hora,COMPRESORES_AIRE
,,2,2025-12-16T21:41:38.5759694Z,2025-12-23T21:41:38.5759694Z,2025-12-19T18:00:00Z,0,consumo_MedidorAtlas8_hora,COMPRESORES_AIRE
,,2,2025-12-16T21:41:38.5759694Z,2025-12-23T21:41:38.5759694Z,2025-12-19T18:30:00Z,0,consumo_MedidorAtlas8_hora,COMPRESORES_AIRE
,,2,2025-12-16T21:41:38.5759694Z,2025-12-23T21:41:38.5759694Z,2025-12-19T19:00:00Z,0,consumo_MedidorAtlas8_hora,COMPRESORES_AIRE
,,2,2025-12-16T21:41:38.5759694Z,2025-12-23T21:41:38.5759694Z,2025-12-19T19:30:00Z,0,consumo_MedidorAtlas8_hora,COMPRESORES_AIRE
,,2,2025-12-16T21:41:38.5759694Z,2025-12-23T21:41:38.5759694Z,2025-12-19T20:00:00Z,0,consumo_MedidorAtlas8_hora,COMPRESORES_AIRE
,,2,2025-12-16T21:41:38.5759694Z,2025-12-23T21:41:38.5759694Z,2025-12-19T20:30:00Z,0,consumo_MedidorAtlas8_hora,COMPRESORES_AIRE
,,2,2025-12-16T21:41:38.5759694Z,2025-12-23T21:41:38.5759694Z,2025-12-19T21:00:00Z,0,consumo_MedidorAtlas8_hora,COMPRESORES_AIRE
,,2,2025-12-16T21:41:38.5759694Z,2025-12-23T21:41:38.5759694Z,2025-12-19T21:30:00Z,0,consumo_MedidorAtlas8_hora,COMPRESORES_AIRE
,,2,2025-12-16T21:41:38.5759694Z,2025-12-23T21:41:38.5759694Z,2025-12-19T22:00:00Z,0,consumo_MedidorAtlas8_hora,COMPRESORES_AIRE
,,2,2025-12-16T21:41:38.5759694Z,2025-12-23T21:41:38.5759694Z,2025-12-19T22:30:00Z,0,consumo_MedidorAtlas8_hora,COMPRESORES_AIRE
,,2,2025-12-16T21:41:38.5759694Z,2025-12-23T21:41:38.5759694Z,2025-12-19T23:00:00Z,0,consumo_MedidorAtlas8_hora,COMPRESORES_AIRE
,,2,2025-12-16T21:41:38.5759694Z,2025-12-23T21:41:38.5759694Z,2025-12-19T23:30:00Z,0,consumo_MedidorAtlas8_hora,COMPRESORES_AIRE
,,2,2025-12-16T21:41:38.5759694Z,2025-12-23T21:41:38.5759694Z,2025-12-20T00:00:00Z,0,consumo_MedidorAtlas8_hora,COMPRESORES_AIRE
,,2,2025-12-16T21:41:38.5759694Z,2025-12-23T21:41:38.5759694Z,2025-12-20T00:30:00Z,0,consumo_MedidorAtlas8_hora,COMPRESORES_AIRE
,,2,2025-12-16T21:41:38.5759694Z,2025-12-23T21:41:38.5759694Z,2025-12-20T01:00:00Z,0,consumo_MedidorAtlas8_hora,COMPRESORES_AIRE
,,2,2025-12-16T21:41:38.5759694Z,2025-12-23T21:41:38.5759694Z,2025-12-20T01:30:00Z,0,consumo_MedidorAtlas8_hora,COMPRESORES_AIRE
,,2,2025-12-16T21:41:38.5759694Z,2025-12-23T21:41:38.5759694Z,2025-12-20T02:00:00Z,0,consumo_MedidorAtlas8_hora,COMPRESORES_AIRE
,,2,2025-12-16T21:41:38.5759694Z,2025-12-23T21:41:38.5759694Z,2025-12-20T02:30:00Z,8,consumo_MedidorAtlas8_hora,COMPRESORES_AIRE
,,2,2025-12-16T21:41:38.5759694Z,2025-12-23T21:41:38.5759694Z,2025-12-20T03:00:00Z,8,consumo_MedidorAtlas8_hora,COMPRESORES_AIRE
,,2,2025-12-16T21:41:38.5759694Z,2025-12-23T21:41:38.5759694Z,2025-12-20T03:30:00Z,0,consumo_MedidorAtlas8_hora,COMPRESORES_AIRE
,,2,2025-12-16T21:41:38.5759694Z,2025-12-23T21:41:38.5759694Z,2025-12-20T04:00:00Z,0,consumo_MedidorAtlas8_hora,COMPRESORES_AIRE
,,2,2025-12-16T21:41:38.5759694Z,2025-12-23T21:41:38.5759694Z,2025-12-20T04:30:00Z,0,consumo_MedidorAtlas8_hora,COMPRESORES_AIRE
,,2,2025-12-16T21:41:38.5759694Z,2025-12-23T21:41:38.5759694Z,2025-12-20T05:00:00Z,0,consumo_MedidorAtlas8_hora,COMPRESORES_AIRE
,,2,2025-12-16T21:41:38.5759694Z,2025-12-23T21:41:38.5759694Z,2025-12-20T05:30:00Z,1,consumo_MedidorAtlas8_hora,COMPRESORES_AIRE
,,2,2025-12-16T21:41:38.5759694Z,2025-12-23T21:41:38.5759694Z,2025-12-20T06:00:00Z,1,consumo_MedidorAtlas8_hora,COMPRESORES_AIRE
,,2,2025-12-16T21:41:38.5759694Z,2025-12-23T21:41:38.5759694Z,2025-12-20T06:30:00Z,1,consumo_MedidorAtlas8_hora,COMPRESORES_AIRE
,,2,2025-12-16T21:41:38.5759694Z,2025-12-23T21:41:38.5759694Z,2025-12-20T07:00:00Z,1,consumo_MedidorAtlas8_hora,COMPRESORES_AIRE
,,2,2025-12-16T21:41:38.5759694Z,2025-12-23T21:41:38.5759694Z,2025-12-20T07:30:00Z,699,consumo_MedidorAtlas8_hora,COMPRESORES_AIRE
,,2,2025-12-16T21:41:38.5759694Z,2025-12-23T21:41:38.5759694Z,2025-12-20T08:00:00Z,699,consumo_MedidorAtlas8_hora,COMPRESORES_AIRE
,,2,2025-12-16T21:41:38.5759694Z,2025-12-23T21:41:38.5759694Z,2025-12-20T08:30:00Z,218,consumo_MedidorAtlas8_hora,COMPRESORES_AIRE
,,2,2025-12-16T21:41:38.5759694Z,2025-12-23T21:41:38.5759694Z,2025-12-20T09:00:00Z,218,consumo_MedidorAtlas8_hora,COMPRESORES_AIRE
,,2,2025-12-16T21:41:38.5759694Z,2025-12-23T21:41:38.5759694Z,2025-12-20T09:30:00Z,128,consumo_MedidorAtlas8_hora,COMPRESORES_AIRE
,,2,2025-12-16T21:41:38.5759694Z,2025-12-23T21:41:38.5759694Z,2025-12-20T10:00:00Z,128,consumo_MedidorAtlas8_hora,COMPRESORES_AIRE
,,2,2025-12-16T21:41:38.5759694Z,2025-12-23T21:41:38.5759694Z,2025-12-20T10:30:00Z,87,consumo_MedidorAtlas8_hora,COMPRESORES_AIRE
,,2,2025-12-16T21:41:38.5759694Z,2025-12-23T21:41:38.5759694Z,2025-12-20T11:00:00Z,87,consumo_MedidorAtlas8_hora,COMPRESORES_AIRE
,,2,2025-12-16T21:41:38.5759694Z,2025-12-23T21:41:38.5759694Z,2025-12-20T11:30:00Z,5,consumo_MedidorAtlas8_hora,COMPRESORES_AIRE
,,2,2025-12-16T21:41:38.5759694Z,2025-12-23T21:41:38.5759694Z,2025-12-20T12:00:00Z,5,consumo_MedidorAtlas8_hora,COMPRESORES_AIRE
,,2,2025-12-16T21:41:38.5759694Z,2025-12-23T21:41:38.5759694Z,2025-12-20T12:30:00Z,0,consumo_MedidorAtlas8_hora,COMPRESORES_AIRE
,,2,2025-12-16T21:41:38.5759694Z,2025-12-23T21:41:38.5759694Z,2025-12-20T13:00:00Z,0,consumo_MedidorAtlas8_hora,COMPRESORES_AIRE
,,2,2025-12-16T21:41:38.5759694Z,2025-12-23T21:41:38.5759694Z,2025-12-20T13:30:00Z,0,consumo_MedidorAtlas8_hora,COMPRESORES_AIRE
,,2,2025-12-16T21:41:38.5759694Z,2025-12-23T21:41:38.5759694Z,2025-12-20T14:00:00Z,0,consumo_MedidorAtlas8_hora,COMPRESORES_AIRE
,,2,2025-12-16T21:41:38.5759694Z,2025-12-23T21:41:38.5759694Z,2025-12-20T14:30:00Z,0,consumo_MedidorAtlas8_hora,COMPRESORES_AIRE
,,2,2025-12-16T21:41:38.5759694Z,2025-12-23T21:41:38.5759694Z,2025-12-20T15:00:00Z,0,consumo_MedidorAtlas8_hora,COMPRESORES_AIRE
,,2,2025-12-16T21:41:38.5759694Z,2025-12-23T21:41:38.5759694Z,2025-12-20T15:30:00Z,0,consumo_MedidorAtlas8_hora,COMPRESORES_AIRE
,,2,2025-12-16T21:41:38.5759694Z,2025-12-23T21:41:38.5759694Z,2025-12-20T16:00:00Z,0,consumo_MedidorAtlas8_hora,COMPRESORES_AIRE
,,2,2025-12-16T21:41:38.5759694Z,2025-12-23T21:41:38.5759694Z,2025-12-20T16:30:00Z,0,consumo_MedidorAtlas8_hora,COMPRESORES_AIRE
,,2,2025-12-16T21:41:38.5759694Z,2025-12-23T21:41:38.5759694Z,2025-12-20T17:00:00Z,0,consumo_MedidorAtlas8_hora,COMPRESORES_AIRE
,,2,2025-12-16T21:41:38.5759694Z,2025-12-23T21:41:38.5759694Z,2025-12-20T17:30:00Z,0,consumo_MedidorAtlas8_hora,COMPRESORES_AIRE
,,2,2025-12-16T21:41:38.5759694Z,2025-12-23T21:41:38.5759694Z,2025-12-20T18:00:00Z,0,consumo_MedidorAtlas8_hora,COMPRESORES_AIRE
,,2,2025-12-16T21:41:38.5759694Z,2025-12-23T21:41:38.5759694Z,2025-12-20T18:30:00Z,0,consumo_MedidorAtlas8_hora,COMPRESORES_AIRE
,,2,2025-12-16T21:41:38.5759694Z,2025-12-23T21:41:38.5759694Z,2025-12-20T19:00:00Z,0,consumo_MedidorAtlas8_hora,COMPRESORES_AIRE
,,2,2025-12-16T21:41:38.5759694Z,2025-12-23T21:41:38.5759694Z,2025-12-20T19:30:00Z,0,consumo_MedidorAtlas8_hora,COMPRESORES_AIRE
,,2,2025-12-16T21:41:38.5759694Z,2025-12-23T21:41:38.5759694Z,2025-12-20T20:00:00Z,0,consumo_MedidorAtlas8_hora,COMPRESORES_AIRE
,,2,2025-12-16T21:41:38.5759694Z,2025-12-23T21:41:38.5759694Z,2025-12-20T20:30:00Z,0,consumo_MedidorAtlas8_hora,COMPRESORES_AIRE
,,2,2025-12-16T21:41:38.5759694Z,2025-12-23T21:41:38.5759694Z,2025-12-20T21:00:00Z,0,consumo_MedidorAtlas8_hora,COMPRESORES_AIRE
,,2,2025-12-16T21:41:38.5759694Z,2025-12-23T21:41:38.5759694Z,2025-12-20T21:30:00Z,0,consumo_MedidorAtlas8_hora,COMPRESORES_AIRE
,,2,2025-12-16T21:41:38.5759694Z,2025-12-23T21:41:38.5759694Z,2025-12-20T22:00:00Z,0,consumo_MedidorAtlas8_hora,COMPRESORES_AIRE
,,2,2025-12-16T21:41:38.5759694Z,2025-12-23T21:41:38.5759694Z,2025-12-20T22:30:00Z,0,consumo_MedidorAtlas8_hora,COMPRESORES_AIRE
,,2,2025-12-16T21:41:38.5759694Z,2025-12-23T21:41:38.5759694Z,2025-12-20T23:00:00Z,0,consumo_MedidorAtlas8_hora,COMPRESORES_AIRE
,,2,2025-12-16T21:41:38.5759694Z,2025-12-23T21:41:38.5759694Z,2025-12-20T23:30:00Z,0,consumo_MedidorAtlas8_hora,COMPRESORES_AIRE
,,2,2025-12-16T21:41:38.5759694Z,2025-12-23T21:41:38.5759694Z,2025-12-21T00:00:00Z,0,consumo_MedidorAtlas8_hora,COMPRESORES_AIRE
,,2,2025-12-16T21:41:38.5759694Z,2025-12-23T21:41:38.5759694Z,2025-12-21T00:30:00Z,0,consumo_MedidorAtlas8_hora,COMPRESORES_AIRE
,,2,2025-12-16T21:41:38.5759694Z,2025-12-23T21:41:38.5759694Z,2025-12-21T01:00:00Z,0,consumo_MedidorAtlas8_hora,COMPRESORES_AIRE
,,2,2025-12-16T21:41:38.5759694Z,2025-12-23T21:41:38.5759694Z,2025-12-21T01:30:00Z,0,consumo_MedidorAtlas8_hora,COMPRESORES_AIRE
,,2,2025-12-16T21:41:38.5759694Z,2025-12-23T21:41:38.5759694Z,2025-12-21T02:00:00Z,0,consumo_MedidorAtlas8_hora,COMPRESORES_AIRE
,,2,2025-12-16T21:41:38.5759694Z,2025-12-23T21:41:38.5759694Z,2025-12-21T02:30:00Z,0,consumo_MedidorAtlas8_hora,COMPRESORES_AIRE
,,2,2025-12-16T21:41:38.5759694Z,2025-12-23T21:41:38.5759694Z,2025-12-21T03:00:00Z,0,consumo_MedidorAtlas8_hora,COMPRESORES_AIRE
,,2,2025-12-16T21:41:38.5759694Z,2025-12-23T21:41:38.5759694Z,2025-12-21T03:30:00Z,0,consumo_MedidorAtlas8_hora,COMPRESORES_AIRE
,,2,2025-12-16T21:41:38.5759694Z,2025-12-23T21:41:38.5759694Z,2025-12-21T04:00:00Z,0,consumo_MedidorAtlas8_hora,COMPRESORES_AIRE
,,2,2025-12-16T21:41:38.5759694Z,2025-12-23T21:41:38.5759694Z,2025-12-21T04:30:00Z,0,consumo_MedidorAtlas8_hora,COMPRESORES_AIRE
,,2,2025-12-16T21:41:38.5759694Z,2025-12-23T21:41:38.5759694Z,2025-12-21T05:00:00Z,0,consumo_MedidorAtlas8_hora,COMPRESORES_AIRE
,,2,2025-12-16T21:41:38.5759694Z,2025-12-23T21:41:38.5759694Z,2025-12-21T05:30:00Z,18,consumo_MedidorAtlas8_hora,COMPRESORES_AIRE
,,2,2025-12-16T21:41:38.5759694Z,2025-12-23T21:41:38.5759694Z,2025-12-21T06:00:00Z,18,consumo_MedidorAtlas8_hora,COMPRESORES_AIRE
,,2,2025-12-16T21:41:38.5759694Z,2025-12-23T21:41:38.5759694Z,2025-12-21T06:30:00Z,18,consumo_MedidorAtlas8_hora,COMPRESORES_AIRE
,,2,2025-12-16T21:41:38.5759694Z,2025-12-23T21:41:38.5759694Z,2025-12-21T07:00:00Z,18,consumo_MedidorAtlas8_hora,COMPRESORES_AIRE
,,2,2025-12-16T21:41:38.5759694Z,2025-12-23T21:41:38.5759694Z,2025-12-21T07:30:00Z,1301,consumo_MedidorAtlas8_hora,COMPRESORES_AIRE
,,2,2025-12-16T21:41:38.5759694Z,2025-12-23T21:41:38.5759694Z,2025-12-21T08:00:00Z,1301,consumo_MedidorAtlas8_hora,COMPRESORES_AIRE
,,2,2025-12-16T21:41:38.5759694Z,2025-12-23T21:41:38.5759694Z,2025-12-21T08:30:00Z,185,consumo_MedidorAtlas8_hora,COMPRESORES_AIRE
,,2,2025-12-16T21:41:38.5759694Z,2025-12-23T21:41:38.5759694Z,2025-12-21T09:00:00Z,185,consumo_MedidorAtlas8_hora,COMPRESORES_AIRE
,,2,2025-12-16T21:41:38.5759694Z,2025-12-23T21:41:38.5759694Z,2025-12-21T09:30:00Z,178,consumo_MedidorAtlas8_hora,COMPRESORES_AIRE
,,2,2025-12-16T21:41:38.5759694Z,2025-12-23T21:41:38.5759694Z,2025-12-21T10:00:00Z,178,consumo_MedidorAtlas8_hora,COMPRESORES_AIRE
,,2,2025-12-16T21:41:38.5759694Z,2025-12-23T21:41:38.5759694Z,2025-12-21T10:30:00Z,17,consumo_MedidorAtlas8_hora,COMPRESORES_AIRE
,,2,2025-12-16T21:41:38.5759694Z,2025-12-23T21:41:38.5759694Z,2025-12-21T11:00:00Z,17,consumo_MedidorAtlas8_hora,COMPRESORES_AIRE
,,2,2025-12-16T21:41:38.5759694Z,2025-12-23T21:41:38.5759694Z,2025-12-21T11:30:00Z,0,consumo_MedidorAtlas8_hora,COMPRESORES_AIRE
,,2,2025-12-16T21:41:38.5759694Z,2025-12-23T21:41:38.5759694Z,2025-12-21T12:00:00Z,0,consumo_MedidorAtlas8_hora,COMPRESORES_AIRE
,,2,2025-12-16T21:41:38.5759694Z,2025-12-23T21:41:38.5759694Z,2025-12-21T12:30:00Z,0,consumo_MedidorAtlas8_hora,COMPRESORES_AIRE
,,2,2025-12-16T21:41:38.5759694Z,2025-12-23T21:41:38.5759694Z,2025-12-21T13:00:00Z,0,consumo_MedidorAtlas8_hora,COMPRESORES_AIRE
,,2,2025-12-16T21:41:38.5759694Z,2025-12-23T21:41:38.5759694Z,2025-12-21T13:30:00Z,0,consumo_MedidorAtlas8_hora,COMPRESORES_AIRE
,,2,2025-12-16T21:41:38.5759694Z,2025-12-23T21:41:38.5759694Z,2025-12-21T14:00:00Z,0,consumo_MedidorAtlas8_hora,COMPRESORES_AIRE
,,2,2025-12-16T21:41:38.5759694Z,2025-12-23T21:41:38.5759694Z,2025-12-21T14:30:00Z,0,consumo_MedidorAtlas8_hora,COMPRESORES_AIRE
,,2,2025-12-16T21:41:38.5759694Z,2025-12-23T21:41:38.5759694Z,2025-12-21T15:00:00Z,0,consumo_MedidorAtlas8_hora,COMPRESORES_AIRE
,,2,2025-12-16T21:41:38.5759694Z,2025-12-23T21:41:38.5759694Z,2025-12-21T15:30:00Z,22,consumo_MedidorAtlas8_hora,COMPRESORES_AIRE
,,2,2025-12-16T21:41:38.5759694Z,2025-12-23T21:41:38.5759694Z,2025-12-21T16:00:00Z,22,consumo_MedidorAtlas8_hora,COMPRESORES_AIRE
,,2,2025-12-16T21:41:38.5759694Z,2025-12-23T21:41:38.5759694Z,2025-12-21T16:30:00Z,0,consumo_MedidorAtlas8_hora,COMPRESORES_AIRE
,,2,2025-12-16T21:41:38.5759694Z,2025-12-23T21:41:38.5759694Z,2025-12-21T17:00:00Z,0,consumo_MedidorAtlas8_hora,COMPRESORES_AIRE
,,2,2025-12-16T21:41:38.5759694Z,2025-12-23T21:41:38.5759694Z,2025-12-21T17:30:00Z,0,consumo_MedidorAtlas8_hora,COMPRESORES_AIRE
,,2,2025-12-16T21:41:38.5759694Z,2025-12-23T21:41:38.5759694Z,2025-12-21T18:00:00Z,0,consumo_MedidorAtlas8_hora,COMPRESORES_AIRE
,,2,2025-12-16T21:41:38.5759694Z,2025-12-23T21:41:38.5759694Z,2025-12-21T18:30:00Z,0,consumo_MedidorAtlas8_hora,COMPRESORES_AIRE
,,2,2025-12-16T21:41:38.5759694Z,2025-12-23T21:41:38.5759694Z,2025-12-21T19:00:00Z,0,consumo_MedidorAtlas8_hora,COMPRESORES_AIRE
,,2,2025-12-16T21:41:38.5759694Z,2025-12-23T21:41:38.5759694Z,2025-12-21T19:30:00Z,0,consumo_MedidorAtlas8_hora,COMPRESORES_AIRE
,,2,2025-12-16T21:41:38.5759694Z,2025-12-23T21:41:38.5759694Z,2025-12-21T20:00:00Z,0,consumo_MedidorAtlas8_hora,COMPRESORES_AIRE
,,2,2025-12-16T21:41:38.5759694Z,2025-12-23T21:41:38.5759694Z,2025-12-21T20:30:00Z,0,consumo_MedidorAtlas8_hora,COMPRESORES_AIRE
,,2,2025-12-16T21:41:38.5759694Z,2025-12-23T21:41:38.5759694Z,2025-12-21T21:00:00Z,0,consumo_MedidorAtlas8_hora,COMPRESORES_AIRE
,,2,2025-12-16T21:41:38.5759694Z,2025-12-23T21:41:38.5759694Z,2025-12-21T21:30:00Z,0,consumo_MedidorAtlas8_hora,COMPRESORES_AIRE
,,2,2025-12-16T21:41:38.5759694Z,2025-12-23T21:41:38.5759694Z,2025-12-21T22:00:00Z,0,consumo_MedidorAtlas8_hora,COMPRESORES_AIRE
,,2,2025-12-16T21:41:38.5759694Z,2025-12-23T21:41:38.5759694Z,2025-12-21T22:30:00Z,0,consumo_MedidorAtlas8_hora,COMPRESORES_AIRE
,,2,2025-12-16T21:41:38.5759694Z,2025-12-23T21:41:38.5759694Z,2025-12-21T23:00:00Z,0,consumo_MedidorAtlas8_hora,COMPRESORES_AIRE
,,2,2025-12-16T21:41:38.5759694Z,2025-12-23T21:41:38.5759694Z,2025-12-21T23:30:00Z,0,consumo_MedidorAtlas8_hora,COMPRESORES_AIRE
,,2,2025-12-16T21:41:38.5759694Z,2025-12-23T21:41:38.5759694Z,2025-12-22T00:00:00Z,0,consumo_MedidorAtlas8_hora,COMPRESORES_AIRE
,,2,2025-12-16T21:41:38.5759694Z,2025-12-23T21:41:38.5759694Z,2025-12-22T00:30:00Z,0,consumo_MedidorAtlas8_hora,COMPRESORES_AIRE
,,2,2025-12-16T21:41:38.5759694Z,2025-12-23T21:41:38.5759694Z,2025-12-22T01:00:00Z,0,consumo_MedidorAtlas8_hora,COMPRESORES_AIRE
,,2,2025-12-16T21:41:38.5759694Z,2025-12-23T21:41:38.5759694Z,2025-12-22T01:30:00Z,0,consumo_MedidorAtlas8_hora,COMPRESORES_AIRE
,,2,2025-12-16T21:41:38.5759694Z,2025-12-23T21:41:38.5759694Z,2025-12-22T02:00:00Z,0,consumo_MedidorAtlas8_hora,COMPRESORES_AIRE
,,2,2025-12-16T21:41:38.5759694Z,2025-12-23T21:41:38.5759694Z,2025-12-22T02:30:00Z,0,consumo_MedidorAtlas8_hora,COMPRESORES_AIRE
,,2,2025-12-16T21:41:38.5759694Z,2025-12-23T21:41:38.5759694Z,2025-12-22T03:00:00Z,0,consumo_MedidorAtlas8_hora,COMPRESORES_AIRE
,,2,2025-12-16T21:41:38.5759694Z,2025-12-23T21:41:38.5759694Z,2025-12-22T03:30:00Z,231,consumo_MedidorAtlas8_hora,COMPRESORES_AIRE
,,2,2025-12-16T21:41:38.5759694Z,2025-12-23T21:41:38.5759694Z,2025-12-22T04:00:00Z,231,consumo_MedidorAtlas8_hora,COMPRESORES_AIRE
,,2,2025-12-16T21:41:38.5759694Z,2025-12-23T21:41:38.5759694Z,2025-12-22T04:30:00Z,435,consumo_MedidorAtlas8_hora,COMPRESORES_AIRE
,,2,2025-12-16T21:41:38.5759694Z,2025-12-23T21:41:38.5759694Z,2025-12-22T05:00:00Z,435,consumo_MedidorAtlas8_hora,COMPRESORES_AIRE
,,2,2025-12-16T21:41:38.5759694Z,2025-12-23T21:41:38.5759694Z,2025-12-22T05:30:00Z,0,consumo_MedidorAtlas8_hora,COMPRESORES_AIRE
,,2,2025-12-16T21:41:38.5759694Z,2025-12-23T21:41:38.5759694Z,2025-12-22T06:00:00Z,0,consumo_MedidorAtlas8_hora,COMPRESORES_AIRE
,,2,2025-12-16T21:41:38.5759694Z,2025-12-23T21:41:38.5759694Z,2025-12-22T06:30:00Z,0,consumo_MedidorAtlas8_hora,COMPRESORES_AIRE
,,2,2025-12-16T21:41:38.5759694Z,2025-12-23T21:41:38.5759694Z,2025-12-22T07:00:00Z,0,consumo_MedidorAtlas8_hora,COMPRESORES_AIRE
,,2,2025-12-16T21:41:38.5759694Z,2025-12-23T21:41:38.5759694Z,2025-12-22T07:30:00Z,1196,consumo_MedidorAtlas8_hora,COMPRESORES_AIRE
,,2,2025-12-16T21:41:38.5759694Z,2025-12-23T21:41:38.5759694Z,2025-12-22T08:00:00Z,1196,consumo_MedidorAtlas8_hora,COMPRESORES_AIRE
,,2,2025-12-16T21:41:38.5759694Z,2025-12-23T21:41:38.5759694Z,2025-12-22T08:30:00Z,464,consumo_MedidorAtlas8_hora,COMPRESORES_AIRE
,,2,2025-12-16T21:41:38.5759694Z,2025-12-23T21:41:38.5759694Z,2025-12-22T09:00:00Z,464,consumo_MedidorAtlas8_hora,COMPRESORES_AIRE
,,2,2025-12-16T21:41:38.5759694Z,2025-12-23T21:41:38.5759694Z,2025-12-22T09:30:00Z,692,consumo_MedidorAtlas8_hora,COMPRESORES_AIRE
,,2,2025-12-16T21:41:38.5759694Z,2025-12-23T21:41:38.5759694Z,2025-12-22T10:00:00Z,692,consumo_MedidorAtlas8_hora,COMPRESORES_AIRE
,,2,2025-12-16T21:41:38.5759694Z,2025-12-23T21:41:38.5759694Z,2025-12-22T10:30:00Z,42,consumo_MedidorAtlas8_hora,COMPRESORES_AIRE
,,2,2025-12-16T21:41:38.5759694Z,2025-12-23T21:41:38.5759694Z,2025-12-22T11:00:00Z,42,consumo_MedidorAtlas8_hora,COMPRESORES_AIRE
,,2,2025-12-16T21:41:38.5759694Z,2025-12-23T21:41:38.5759694Z,2025-12-22T11:30:00Z,0,consumo_MedidorAtlas8_hora,COMPRESORES_AIRE
,,2,2025-12-16T21:41:38.5759694Z,2025-12-23T21:41:38.5759694Z,2025-12-22T12:00:00Z,0,consumo_MedidorAtlas8_hora,COMPRESORES_AIRE
,,2,2025-12-16T21:41:38.5759694Z,2025-12-23T21:41:38.5759694Z,2025-12-22T12:30:00Z,385,consumo_MedidorAtlas8_hora,COMPRESORES_AIRE
,,2,2025-12-16T21:41:38.5759694Z,2025-12-23T21:41:38.5759694Z,2025-12-22T13:00:00Z,385,consumo_MedidorAtlas8_hora,COMPRESORES_AIRE
,,2,2025-12-16T21:41:38.5759694Z,2025-12-23T21:41:38.5759694Z,2025-12-22T13:30:00Z,1,consumo_MedidorAtlas8_hora,COMPRESORES_AIRE
,,2,2025-12-16T21:41:38.5759694Z,2025-12-23T21:41:38.5759694Z,2025-12-22T14:00:00Z,1,consumo_MedidorAtlas8_hora,COMPRESORES_AIRE
,,2,2025-12-16T21:41:38.5759694Z,2025-12-23T21:41:38.5759694Z,2025-12-22T14:30:00Z,0,consumo_MedidorAtlas8_hora,COMPRESORES_AIRE
,,2,2025-12-16T21:41:38.5759694Z,2025-12-23T21:41:38.5759694Z,2025-12-22T15:00:00Z,0,consumo_MedidorAtlas8_hora,COMPRESORES_AIRE
,,2,2025-12-16T21:41:38.5759694Z,2025-12-23T21:41:38.5759694Z,2025-12-22T15:30:00Z,1,consumo_MedidorAtlas8_hora,COMPRESORES_AIRE
,,2,2025-12-16T21:41:38.5759694Z,2025-12-23T21:41:38.5759694Z,2025-12-22T16:00:00Z,1,consumo_MedidorAtlas8_hora,COMPRESORES_AIRE
,,2,2025-12-16T21:41:38.5759694Z,2025-12-23T21:41:38.5759694Z,2025-12-22T16:30:00Z,0,consumo_MedidorAtlas8_hora,COMPRESORES_AIRE
,,2,2025-12-16T21:41:38.5759694Z,2025-12-23T21:41:38.5759694Z,2025-12-22T17:00:00Z,0,consumo_MedidorAtlas8_hora,COMPRESORES_AIRE
,,2,2025-12-16T21:41:38.5759694Z,2025-12-23T21:41:38.5759694Z,2025-12-22T17:30:00Z,0,consumo_MedidorAtlas8_hora,COMPRESORES_AIRE
,,2,2025-12-16T21:41:38.5759694Z,2025-12-23T21:41:38.5759694Z,2025-12-22T18:00:00Z,0,consumo_MedidorAtlas8_hora,COMPRESORES_AIRE
,,2,2025-12-16T21:41:38.5759694Z,2025-12-23T21:41:38.5759694Z,2025-12-22T18:30:00Z,0,consumo_MedidorAtlas8_hora,COMPRESORES_AIRE
,,2,2025-12-16T21:41:38.5759694Z,2025-12-23T21:41:38.5759694Z,2025-12-22T19:00:00Z,0,consumo_MedidorAtlas8_hora,COMPRESORES_AIRE
,,2,2025-12-16T21:41:38.5759694Z,2025-12-23T21:41:38.5759694Z,2025-12-22T19:30:00Z,0,consumo_MedidorAtlas8_hora,COMPRESORES_AIRE
,,2,2025-12-16T21:41:38.5759694Z,2025-12-23T21:41:38.5759694Z,2025-12-22T20:00:00Z,0,consumo_MedidorAtlas8_hora,COMPRESORES_AIRE
,,2,2025-12-16T21:41:38.5759694Z,2025-12-23T21:41:38.5759694Z,2025-12-22T20:30:00Z,0,consumo_MedidorAtlas8_hora,COMPRESORES_AIRE
,,2,2025-12-16T21:41:38.5759694Z,2025-12-23T21:41:38.5759694Z,2025-12-22T21:00:00Z,0,consumo_MedidorAtlas8_hora,COMPRESORES_AIRE
,,2,2025-12-16T21:41:38.5759694Z,2025-12-23T21:41:38.5759694Z,2025-12-22T21:30:00Z,0,consumo_MedidorAtlas8_hora,COMPRESORES_AIRE
,,2,2025-12-16T21:41:38.5759694Z,2025-12-23T21:41:38.5759694Z,2025-12-22T22:00:00Z,0,consumo_MedidorAtlas8_hora,COMPRESORES_AIRE
,,2,2025-12-16T21:41:38.5759694Z,2025-12-23T21:41:38.5759694Z,2025-12-22T22:30:00Z,0,consumo_MedidorAtlas8_hora,COMPRESORES_AIRE
,,2,2025-12-16T21:41:38.5759694Z,2025-12-23T21:41:38.5759694Z,2025-12-22T23:00:00Z,0,consumo_MedidorAtlas8_hora,COMPRESORES_AIRE
,,2,2025-12-16T21:41:38.5759694Z,2025-12-23T21:41:38.5759694Z,2025-12-22T23:30:00Z,0,consumo_MedidorAtlas8_hora,COMPRESORES_AIRE
,,2,2025-12-16T21:41:38.5759694Z,2025-12-23T21:41:38.5759694Z,2025-12-23T00:00:00Z,0,consumo_MedidorAtlas8_hora,COMPRESORES_AIRE
,,2,2025-12-16T21:41:38.5759694Z,2025-12-23T21:41:38.5759694Z,2025-12-23T00:30:00Z,0,consumo_MedidorAtlas8_hora,COMPRESORES_AIRE
,,2,2025-12-16T21:41:38.5759694Z,2025-12-23T21:41:38.5759694Z,2025-12-23T01:00:00Z,0,consumo_MedidorAtlas8_hora,COMPRESORES_AIRE
,,2,2025-12-16T21:41:38.5759694Z,2025-12-23T21:41:38.5759694Z,2025-12-23T01:30:00Z,150,consumo_MedidorAtlas8_hora,COMPRESORES_AIRE
,,2,2025-12-16T21:41:38.5759694Z,2025-12-23T21:41:38.5759694Z,2025-12-23T02:00:00Z,150,consumo_MedidorAtlas8_hora,COMPRESORES_AIRE
,,2,2025-12-16T21:41:38.5759694Z,2025-12-23T21:41:38.5759694Z,2025-12-23T02:30:00Z,466,consumo_MedidorAtlas8_hora,COMPRESORES_AIRE
,,2,2025-12-16T21:41:38.5759694Z,2025-12-23T21:41:38.5759694Z,2025-12-23T03:00:00Z,466,consumo_MedidorAtlas8_hora,COMPRESORES_AIRE
,,2,2025-12-16T21:41:38.5759694Z,2025-12-23T21:41:38.5759694Z,2025-12-23T03:30:00Z,10,consumo_MedidorAtlas8_hora,COMPRESORES_AIRE
,,2,2025-12-16T21:41:38.5759694Z,2025-12-23T21:41:38.5759694Z,2025-12-23T04:00:00Z,10,consumo_MedidorAtlas8_hora,COMPRESORES_AIRE
,,2,2025-12-16T21:41:38.5759694Z,2025-12-23T21:41:38.5759694Z,2025-12-23T04:30:00Z,27,consumo_MedidorAtlas8_hora,COMPRESORES_AIRE
,,2,2025-12-16T21:41:38.5759694Z,2025-12-23T21:41:38.5759694Z,2025-12-23T05:00:00Z,27,consumo_MedidorAtlas8_hora,COMPRESORES_AIRE
,,2,2025-12-16T21:41:38.5759694Z,2025-12-23T21:41:38.5759694Z,2025-12-23T05:30:00Z,9,consumo_MedidorAtlas8_hora,COMPRESORES_AIRE
,,2,2025-12-16T21:41:38.5759694Z,2025-12-23T21:41:38.5759694Z,2025-12-23T06:00:00Z,9,consumo_MedidorAtlas8_hora,COMPRESORES_AIRE
,,2,2025-12-16T21:41:38.5759694Z,2025-12-23T21:41:38.5759694Z,2025-12-23T06:30:00Z,9,consumo_MedidorAtlas8_hora,COMPRESORES_AIRE
,,2,2025-12-16T21:41:38.5759694Z,2025-12-23T21:41:38.5759694Z,2025-12-23T07:00:00Z,9,consumo_MedidorAtlas8_hora,COMPRESORES_AIRE
,,2,2025-12-16T21:41:38.5759694Z,2025-12-23T21:41:38.5759694Z,2025-12-23T07:30:00Z,182,consumo_MedidorAtlas8_hora,COMPRESORES_AIRE
,,2,2025-12-16T21:41:38.5759694Z,2025-12-23T21:41:38.5759694Z,2025-12-23T08:00:00Z,182,consumo_MedidorAtlas8_hora,COMPRESORES_AIRE
,,2,2025-12-16T21:41:38.5759694Z,2025-12-23T21:41:38.5759694Z,2025-12-23T08:30:00Z,261,consumo_MedidorAtlas8_hora,COMPRESORES_AIRE
,,2,2025-12-16T21:41:38.5759694Z,2025-12-23T21:41:38.5759694Z,2025-12-23T09:00:00Z,261,consumo_MedidorAtlas8_hora,COMPRESORES_AIRE
,,2,2025-12-16T21:41:38.5759694Z,2025-12-23T21:41:38.5759694Z,2025-12-23T09:30:00Z,170,consumo_MedidorAtlas8_hora,COMPRESORES_AIRE
,,2,2025-12-16T21:41:38.5759694Z,2025-12-23T21:41:38.5759694Z,2025-12-23T10:00:00Z,170,consumo_MedidorAtlas8_hora,COMPRESORES_AIRE
,,2,2025-12-16T21:41:38.5759694Z,2025-12-23T21:41:38.5759694Z,2025-12-23T10:30:00Z,1,consumo_MedidorAtlas8_hora,COMPRESORES_AIRE
,,2,2025-12-16T21:41:38.5759694Z,2025-12-23T21:41:38.5759694Z,2025-12-23T11:00:00Z,1,consumo_MedidorAtlas8_hora,COMPRESORES_AIRE
,,2,2025-12-16T21:41:38.5759694Z,2025-12-23T21:41:38.5759694Z,2025-12-23T11:30:00Z,918,consumo_MedidorAtlas8_hora,COMPRESORES_AIRE
,,2,2025-12-16T21:41:38.5759694Z,2025-12-23T21:41:38.5759694Z,2025-12-23T12:00:00Z,918,consumo_MedidorAtlas8_hora,COMPRESORES_AIRE
,,2,2025-12-16T21:41:38.5759694Z,2025-12-23T21:41:38.5759694Z,2025-12-23T12:30:00Z,1591,consumo_MedidorAtlas8_hora,COMPRESORES_AIRE
,,2,2025-12-16T21:41:38.5759694Z,2025-12-23T21:41:38.5759694Z,2025-12-23T13:00:00Z,1591,consumo_MedidorAtlas8_hora,COMPRESORES_AIRE
,,2,2025-12-16T21:41:38.5759694Z,2025-12-23T21:41:38.5759694Z,2025-12-23T13:30:00Z,1054,consumo_MedidorAtlas8_hora,COMPRESORES_AIRE
,,2,2025-12-16T21:41:38.5759694Z,2025-12-23T21:41:38.5759694Z,2025-12-23T14:00:00Z,1054,consumo_MedidorAtlas8_hora,COMPRESORES_AIRE
,,2,2025-12-16T21:41:38.5759694Z,2025-12-23T21:41:38.5759694Z,2025-12-23T14:30:00Z,0,consumo_MedidorAtlas8_hora,COMPRESORES_AIRE
,,2,2025-12-16T21:41:38.5759694Z,2025-12-23T21:41:38.5759694Z,2025-12-23T15:00:00Z,0,consumo_MedidorAtlas8_hora,COMPRESORES_AIRE
,,2,2025-12-16T21:41:38.5759694Z,2025-12-23T21:41:38.5759694Z,2025-12-23T15:30:00Z,4,consumo_MedidorAtlas8_hora,COMPRESORES_AIRE
,,2,2025-12-16T21:41:38.5759694Z,2025-12-23T21:41:38.5759694Z,2025-12-23T16:00:00Z,4,consumo_MedidorAtlas8_hora,COMPRESORES_AIRE
,,2,2025-12-16T21:41:38.5759694Z,2025-12-23T21:41:38.5759694Z,2025-12-23T16:30:00Z,23,consumo_MedidorAtlas8_hora,COMPRESORES_AIRE
,,2,2025-12-16T21:41:38.5759694Z,2025-12-23T21:41:38.5759694Z,2025-12-23T17:00:00Z,23,consumo_MedidorAtlas8_hora,COMPRESORES_AIRE
,,2,2025-12-16T21:41:38.5759694Z,2025-12-23T21:41:38.5759694Z,2025-12-23T17:30:00Z,48,consumo_MedidorAtlas8_hora,COMPRESORES_AIRE
,,2,2025-12-16T21:41:38.5759694Z,2025-12-23T21:41:38.5759694Z,2025-12-23T18:00:00Z,48,consumo_MedidorAtlas8_hora,COMPRESORES_AIRE
,,2,2025-12-16T21:41:38.5759694Z,2025-12-23T21:41:38.5759694Z,2025-12-23T18:30:00Z,8,consumo_MedidorAtlas8_hora,COMPRESORES_AIRE
,,2,2025-12-16T21:41:38.5759694Z,2025-12-23T21:41:38.5759694Z,2025-12-23T19:00:00Z,8,consumo_MedidorAtlas8_hora,COMPRESORES_AIRE
,,2,2025-12-16T21:41:38.5759694Z,2025-12-23T21:41:38.5759694Z,2025-12-23T19:30:00Z,39,consumo_MedidorAtlas8_hora,COMPRESORES_AIRE
,,2,2025-12-16T21:41:38.5759694Z,2025-12-23T21:41:38.5759694Z,2025-12-23T20:00:00Z,39,consumo_MedidorAtlas8_hora,COMPRESORES_AIRE
,,2,2025-12-16T21:41:38.5759694Z,2025-12-23T21:41:38.5759694Z,2025-12-23T20:30:00Z,9,consumo_MedidorAtlas8_hora,COMPRESORES_AIRE
,,2,2025-12-16T21:41:38.5759694Z,2025-12-23T21:41:38.5759694Z,2025-12-23T21:00:00Z,9,consumo_MedidorAtlas8_hora,COMPRESORES_AIRE
,,2,2025-12-16T21:41:38.5759694Z,2025-12-23T21:41:38.5759694Z,2025-12-23T21:30:00Z,3,consumo_MedidorAtlas8_hora,COMPRESORES_AIRE
,,2,2025-12-16T21:41:38.5759694Z,2025-12-23T21:41:38.5759694Z,2025-12-23T21:41:38.5759694Z,3,consumo_MedidorAtlas8_hora,COMPRESORES_AIRE
,,3,2025-12-16T21:41:38.5759694Z,2025-12-23T21:41:38.5759694Z,2025-12-16T22:00:00Z,0,consumo_MedidorAtlas8_minuto,COMPRESORES_AIRE
,,3,2025-12-16T21:41:38.5759694Z,2025-12-23T21:41:38.5759694Z,2025-12-16T22:30:00Z,1,consumo_MedidorAtlas8_minuto,COMPRESORES_AIRE
,,3,2025-12-16T21:41:38.5759694Z,2025-12-23T21:41:38.5759694Z,2025-12-16T23:00:00Z,0,consumo_MedidorAtlas8_minuto,COMPRESORES_AIRE
,,3,2025-12-16T21:41:38.5759694Z,2025-12-23T21:41:38.5759694Z,2025-12-16T23:30:00Z,0,consumo_MedidorAtlas8_minuto,COMPRESORES_AIRE
,,3,2025-12-16T21:41:38.5759694Z,2025-12-23T21:41:38.5759694Z,2025-12-17T00:00:00Z,0,consumo_MedidorAtlas8_minuto,COMPRESORES_AIRE
,,3,2025-12-16T21:41:38.5759694Z,2025-12-23T21:41:38.5759694Z,2025-12-17T00:30:00Z,0,consumo_MedidorAtlas8_minuto,COMPRESORES_AIRE
,,3,2025-12-16T21:41:38.5759694Z,2025-12-23T21:41:38.5759694Z,2025-12-17T01:00:00Z,0,consumo_MedidorAtlas8_minuto,COMPRESORES_AIRE
,,3,2025-12-16T21:41:38.5759694Z,2025-12-23T21:41:38.5759694Z,2025-12-17T01:30:00Z,0,consumo_MedidorAtlas8_minuto,COMPRESORES_AIRE
,,3,2025-12-16T21:41:38.5759694Z,2025-12-23T21:41:38.5759694Z,2025-12-17T02:00:00Z,1,consumo_MedidorAtlas8_minuto,COMPRESORES_AIRE
,,3,2025-12-16T21:41:38.5759694Z,2025-12-23T21:41:38.5759694Z,2025-12-17T02:30:00Z,1,consumo_MedidorAtlas8_minuto,COMPRESORES_AIRE
,,3,2025-12-16T21:41:38.5759694Z,2025-12-23T21:41:38.5759694Z,2025-12-17T03:00:00Z,1,consumo_MedidorAtlas8_minuto,COMPRESORES_AIRE
,,3,2025-12-16T21:41:38.5759694Z,2025-12-23T21:41:38.5759694Z,2025-12-17T03:30:00Z,0,consumo_MedidorAtlas8_minuto,COMPRESORES_AIRE
,,3,2025-12-16T21:41:38.5759694Z,2025-12-23T21:41:38.5759694Z,2025-12-17T04:00:00Z,1,consumo_MedidorAtlas8_minuto,COMPRESORES_AIRE
,,3,2025-12-16T21:41:38.5759694Z,2025-12-23T21:41:38.5759694Z,2025-12-17T04:30:00Z,0,consumo_MedidorAtlas8_minuto,COMPRESORES_AIRE
,,3,2025-12-16T21:41:38.5759694Z,2025-12-23T21:41:38.5759694Z,2025-12-17T05:00:00Z,0,consumo_MedidorAtlas8_minuto,COMPRESORES_AIRE
,,3,2025-12-16T21:41:38.5759694Z,2025-12-23T21:41:38.5759694Z,2025-12-17T05:30:00Z,3,consumo_MedidorAtlas8_minuto,COMPRESORES_AIRE
,,3,2025-12-16T21:41:38.5759694Z,2025-12-23T21:41:38.5759694Z,2025-12-17T06:00:00Z,3,consumo_MedidorAtlas8_minuto,COMPRESORES_AIRE
,,3,2025-12-16T21:41:38.5759694Z,2025-12-23T21:41:38.5759694Z,2025-12-17T06:30:00Z,0,consumo_MedidorAtlas8_minuto,COMPRESORES_AIRE
,,3,2025-12-16T21:41:38.5759694Z,2025-12-23T21:41:38.5759694Z,2025-12-17T07:00:00Z,0,consumo_MedidorAtlas8_minuto,COMPRESORES_AIRE
,,3,2025-12-16T21:41:38.5759694Z,2025-12-23T21:41:38.5759694Z,2025-12-17T07:30:00Z,0,consumo_MedidorAtlas8_minuto,COMPRESORES_AIRE
,,3,2025-12-16T21:41:38.5759694Z,2025-12-23T21:41:38.5759694Z,2025-12-17T08:00:00Z,0,consumo_MedidorAtlas8_minuto,COMPRESORES_AIRE
,,3,2025-12-16T21:41:38.5759694Z,2025-12-23T21:41:38.5759694Z,2025-12-17T08:30:00Z,0,consumo_MedidorAtlas8_minuto,COMPRESORES_AIRE
,,3,2025-12-16T21:41:38.5759694Z,2025-12-23T21:41:38.5759694Z,2025-12-17T09:00:00Z,0,consumo_MedidorAtlas8_minuto,COMPRESORES_AIRE
,,3,2025-12-16T21:41:38.5759694Z,2025-12-23T21:41:38.5759694Z,2025-12-17T09:30:00Z,2,consumo_MedidorAtlas8_minuto,COMPRESORES_AIRE
,,3,2025-12-16T21:41:38.5759694Z,2025-12-23T21:41:38.5759694Z,2025-12-17T10:00:00Z,1,consumo_MedidorAtlas8_minuto,COMPRESORES_AIRE
,,3,2025-12-16T21:41:38.5759694Z,2025-12-23T21:41:38.5759694Z,2025-12-17T10:30:00Z,3,consumo_MedidorAtlas8_minuto,COMPRESORES_AIRE
,,3,2025-12-16T21:41:38.5759694Z,2025-12-23T21:41:38.5759694Z,2025-12-17T11:00:00Z,0,consumo_MedidorAtlas8_minuto,COMPRESORES_AIRE
,,3,2025-12-16T21:41:38.5759694Z,2025-12-23T21:41:38.5759694Z,2025-12-17T11:30:00Z,0,consumo_MedidorAtlas8_minuto,COMPRESORES_AIRE
,,3,2025-12-16T21:41:38.5759694Z,2025-12-23T21:41:38.5759694Z,2025-12-17T12:00:00Z,0,consumo_MedidorAtlas8_minuto,COMPRESORES_AIRE
,,3,2025-12-16T21:41:38.5759694Z,2025-12-23T21:41:38.5759694Z,2025-12-17T12:30:00Z,0,consumo_MedidorAtlas8_minuto,COMPRESORES_AIRE
,,3,2025-12-16T21:41:38.5759694Z,2025-12-23T21:41:38.5759694Z,2025-12-17T13:00:00Z,2,consumo_MedidorAtlas8_minuto,COMPRESORES_AIRE
,,3,2025-12-16T21:41:38.5759694Z,2025-12-23T21:41:38.5759694Z,2025-12-17T13:30:00Z,7,consumo_MedidorAtlas8_minuto,COMPRESORES_AIRE
,,3,2025-12-16T21:41:38.5759694Z,2025-12-23T21:41:38.5759694Z,2025-12-17T14:00:00Z,1,consumo_MedidorAtlas8_minuto,COMPRESORES_AIRE
,,3,2025-12-16T21:41:38.5759694Z,2025-12-23T21:41:38.5759694Z,2025-12-17T14:30:00Z,0,consumo_MedidorAtlas8_minuto,COMPRESORES_AIRE
,,3,2025-12-16T21:41:38.5759694Z,2025-12-23T21:41:38.5759694Z,2025-12-17T15:00:00Z,1,consumo_MedidorAtlas8_minuto,COMPRESORES_AIRE
,,3,2025-12-16T21:41:38.5759694Z,2025-12-23T21:41:38.5759694Z,2025-12-17T15:30:00Z,0,consumo_MedidorAtlas8_minuto,COMPRESORES_AIRE
,,3,2025-12-16T21:41:38.5759694Z,2025-12-23T21:41:38.5759694Z,2025-12-17T16:00:00Z,0,consumo_MedidorAtlas8_minuto,COMPRESORES_AIRE
,,3,2025-12-16T21:41:38.5759694Z,2025-12-23T21:41:38.5759694Z,2025-12-17T16:30:00Z,0,consumo_MedidorAtlas8_minuto,COMPRESORES_AIRE
,,3,2025-12-16T21:41:38.5759694Z,2025-12-23T21:41:38.5759694Z,2025-12-17T17:00:00Z,0,consumo_MedidorAtlas8_minuto,COMPRESORES_AIRE
,,3,2025-12-16T21:41:38.5759694Z,2025-12-23T21:41:38.5759694Z,2025-12-17T17:30:00Z,0,consumo_MedidorAtlas8_minuto,COMPRESORES_AIRE
,,3,2025-12-16T21:41:38.5759694Z,2025-12-23T21:41:38.5759694Z,2025-12-17T18:00:00Z,0,consumo_MedidorAtlas8_minuto,COMPRESORES_AIRE
,,3,2025-12-16T21:41:38.5759694Z,2025-12-23T21:41:38.5759694Z,2025-12-17T18:30:00Z,0,consumo_MedidorAtlas8_minuto,COMPRESORES_AIRE
,,3,2025-12-16T21:41:38.5759694Z,2025-12-23T21:41:38.5759694Z,2025-12-17T19:00:00Z,0,consumo_MedidorAtlas8_minuto,COMPRESORES_AIRE
,,3,2025-12-16T21:41:38.5759694Z,2025-12-23T21:41:38.5759694Z,2025-12-17T19:30:00Z,0,consumo_MedidorAtlas8_minuto,COMPRESORES_AIRE
,,3,2025-12-16T21:41:38.5759694Z,2025-12-23T21:41:38.5759694Z,2025-12-17T20:00:00Z,1,consumo_MedidorAtlas8_minuto,COMPRESORES_AIRE
,,3,2025-12-16T21:41:38.5759694Z,2025-12-23T21:41:38.5759694Z,2025-12-17T20:30:00Z,0,consumo_MedidorAtlas8_minuto,COMPRESORES_AIRE
,,3,2025-12-16T21:41:38.5759694Z,2025-12-23T21:41:38.5759694Z,2025-12-17T21:00:00Z,0,consumo_MedidorAtlas8_minuto,COMPRESORES_AIRE
,,3,2025-12-16T21:41:38.5759694Z,2025-12-23T21:41:38.5759694Z,2025-12-17T21:30:00Z,0,consumo_MedidorAtlas8_minuto,COMPRESORES_AIRE
,,3,2025-12-16T21:41:38.5759694Z,2025-12-23T21:41:38.5759694Z,2025-12-17T22:00:00Z,0,consumo_MedidorAtlas8_minuto,COMPRESORES_AIRE
,,3,2025-12-16T21:41:38.5759694Z,2025-12-23T21:41:38.5759694Z,2025-12-17T22:30:00Z,0,consumo_MedidorAtlas8_minuto,COMPRESORES_AIRE
,,3,2025-12-16T21:41:38.5759694Z,2025-12-23T21:41:38.5759694Z,2025-12-17T23:00:00Z,1,consumo_MedidorAtlas8_minuto,COMPRESORES_AIRE
,,3,2025-12-16T21:41:38.5759694Z,2025-12-23T21:41:38.5759694Z,2025-12-17T23:30:00Z,6,consumo_MedidorAtlas8_minuto,COMPRESORES_AIRE
,,3,2025-12-16T21:41:38.5759694Z,2025-12-23T21:41:38.5759694Z,2025-12-18T17:00:00Z,0,consumo_MedidorAtlas8_minuto,COMPRESORES_AIRE
,,3,2025-12-16T21:41:38.5759694Z,2025-12-23T21:41:38.5759694Z,2025-12-18T17:30:00Z,0,consumo_MedidorAtlas8_minuto,COMPRESORES_AIRE
,,3,2025-12-16T21:41:38.5759694Z,2025-12-23T21:41:38.5759694Z,2025-12-18T18:00:00Z,0,consumo_MedidorAtlas8_minuto,COMPRESORES_AIRE
,,3,2025-12-16T21:41:38.5759694Z,2025-12-23T21:41:38.5759694Z,2025-12-18T18:30:00Z,0,consumo_MedidorAtlas8_minuto,COMPRESORES_AIRE
,,3,2025-12-16T21:41:38.5759694Z,2025-12-23T21:41:38.5759694Z,2025-12-18T19:00:00Z,0,consumo_MedidorAtlas8_minuto,COMPRESORES_AIRE
,,3,2025-12-16T21:41:38.5759694Z,2025-12-23T21:41:38.5759694Z,2025-12-18T19:30:00Z,0,consumo_MedidorAtlas8_minuto,COMPRESORES_AIRE
,,3,2025-12-16T21:41:38.5759694Z,2025-12-23T21:41:38.5759694Z,2025-12-18T20:00:00Z,0,consumo_MedidorAtlas8_minuto,COMPRESORES_AIRE
,,3,2025-12-16T21:41:38.5759694Z,2025-12-23T21:41:38.5759694Z,2025-12-18T20:30:00Z,0,consumo_MedidorAtlas8_minuto,COMPRESORES_AIRE
,,3,2025-12-16T21:41:38.5759694Z,2025-12-23T21:41:38.5759694Z,2025-12-18T21:00:00Z,0,consumo_MedidorAtlas8_minuto,COMPRESORES_AIRE
,,3,2025-12-16T21:41:38.5759694Z,2025-12-23T21:41:38.5759694Z,2025-12-18T21:30:00Z,0,consumo_MedidorAtlas8_minuto,COMPRESORES_AIRE
,,3,2025-12-16T21:41:38.5759694Z,2025-12-23T21:41:38.5759694Z,2025-12-18T22:00:00Z,0,consumo_MedidorAtlas8_minuto,COMPRESORES_AIRE
,,3,2025-12-16T21:41:38.5759694Z,2025-12-23T21:41:38.5759694Z,2025-12-18T22:30:00Z,0,consumo_MedidorAtlas8_minuto,COMPRESORES_AIRE
,,3,2025-12-16T21:41:38.5759694Z,2025-12-23T21:41:38.5759694Z,2025-12-18T23:00:00Z,0,consumo_MedidorAtlas8_minuto,COMPRESORES_AIRE
,,3,2025-12-16T21:41:38.5759694Z,2025-12-23T21:41:38.5759694Z,2025-12-18T23:30:00Z,0,consumo_MedidorAtlas8_minuto,COMPRESORES_AIRE
,,3,2025-12-16T21:41:38.5759694Z,2025-12-23T21:41:38.5759694Z,2025-12-19T00:00:00Z,0,consumo_MedidorAtlas8_minuto,COMPRESORES_AIRE
,,3,2025-12-16T21:41:38.5759694Z,2025-12-23T21:41:38.5759694Z,2025-12-19T00:30:00Z,0,consumo_MedidorAtlas8_minuto,COMPRESORES_AIRE
,,3,2025-12-16T21:41:38.5759694Z,2025-12-23T21:41:38.5759694Z,2025-12-19T01:00:00Z,0,consumo_MedidorAtlas8_minuto,COMPRESORES_AIRE
,,3,2025-12-16T21:41:38.5759694Z,2025-12-23T21:41:38.5759694Z,2025-12-19T01:30:00Z,0,consumo_MedidorAtlas8_minuto,COMPRESORES_AIRE
,,3,2025-12-16T21:41:38.5759694Z,2025-12-23T21:41:38.5759694Z,2025-12-19T02:00:00Z,0,consumo_MedidorAtlas8_minuto,COMPRESORES_AIRE
,,3,2025-12-16T21:41:38.5759694Z,2025-12-23T21:41:38.5759694Z,2025-12-19T02:30:00Z,0,consumo_MedidorAtlas8_minuto,COMPRESORES_AIRE
,,3,2025-12-16T21:41:38.5759694Z,2025-12-23T21:41:38.5759694Z,2025-12-19T03:00:00Z,0,consumo_MedidorAtlas8_minuto,COMPRESORES_AIRE
,,3,2025-12-16T21:41:38.5759694Z,2025-12-23T21:41:38.5759694Z,2025-12-19T03:30:00Z,0,consumo_MedidorAtlas8_minuto,COMPRESORES_AIRE
,,3,2025-12-16T21:41:38.5759694Z,2025-12-23T21:41:38.5759694Z,2025-12-19T04:00:00Z,0,consumo_MedidorAtlas8_minuto,COMPRESORES_AIRE
,,3,2025-12-16T21:41:38.5759694Z,2025-12-23T21:41:38.5759694Z,2025-12-19T04:30:00Z,0,consumo_MedidorAtlas8_minuto,COMPRESORES_AIRE
,,3,2025-12-16T21:41:38.5759694Z,2025-12-23T21:41:38.5759694Z,2025-12-19T05:00:00Z,0,consumo_MedidorAtlas8_minuto,COMPRESORES_AIRE
,,3,2025-12-16T21:41:38.5759694Z,2025-12-23T21:41:38.5759694Z,2025-12-19T05:30:00Z,0,consumo_MedidorAtlas8_minuto,COMPRESORES_AIRE
,,3,2025-12-16T21:41:38.5759694Z,2025-12-23T21:41:38.5759694Z,2025-12-19T06:00:00Z,0,consumo_MedidorAtlas8_minuto,COMPRESORES_AIRE
,,3,2025-12-16T21:41:38.5759694Z,2025-12-23T21:41:38.5759694Z,2025-12-19T06:30:00Z,0,consumo_MedidorAtlas8_minuto,COMPRESORES_AIRE
,,3,2025-12-16T21:41:38.5759694Z,2025-12-23T21:41:38.5759694Z,2025-12-19T07:00:00Z,0,consumo_MedidorAtlas8_minuto,COMPRESORES_AIRE
,,3,2025-12-16T21:41:38.5759694Z,2025-12-23T21:41:38.5759694Z,2025-12-19T07:30:00Z,0,consumo_MedidorAtlas8_minuto,COMPRESORES_AIRE
,,3,2025-12-16T21:41:38.5759694Z,2025-12-23T21:41:38.5759694Z,2025-12-19T08:00:00Z,0,consumo_MedidorAtlas8_minuto,COMPRESORES_AIRE
,,3,2025-12-16T21:41:38.5759694Z,2025-12-23T21:41:38.5759694Z,2025-12-19T08:30:00Z,0,consumo_MedidorAtlas8_minuto,COMPRESORES_AIRE
,,3,2025-12-16T21:41:38.5759694Z,2025-12-23T21:41:38.5759694Z,2025-12-19T09:00:00Z,0,consumo_MedidorAtlas8_minuto,COMPRESORES_AIRE
,,3,2025-12-16T21:41:38.5759694Z,2025-12-23T21:41:38.5759694Z,2025-12-19T09:30:00Z,0,consumo_MedidorAtlas8_minuto,COMPRESORES_AIRE
,,3,2025-12-16T21:41:38.5759694Z,2025-12-23T21:41:38.5759694Z,2025-12-19T10:00:00Z,0,consumo_MedidorAtlas8_minuto,COMPRESORES_AIRE
,,3,2025-12-16T21:41:38.5759694Z,2025-12-23T21:41:38.5759694Z,2025-12-19T10:30:00Z,0,consumo_MedidorAtlas8_minuto,COMPRESORES_AIRE
,,3,2025-12-16T21:41:38.5759694Z,2025-12-23T21:41:38.5759694Z,2025-12-19T11:00:00Z,0,consumo_MedidorAtlas8_minuto,COMPRESORES_AIRE
,,3,2025-12-16T21:41:38.5759694Z,2025-12-23T21:41:38.5759694Z,2025-12-19T11:30:00Z,0,consumo_MedidorAtlas8_minuto,COMPRESORES_AIRE
,,3,2025-12-16T21:41:38.5759694Z,2025-12-23T21:41:38.5759694Z,2025-12-19T12:00:00Z,0,consumo_MedidorAtlas8_minuto,COMPRESORES_AIRE
,,3,2025-12-16T21:41:38.5759694Z,2025-12-23T21:41:38.5759694Z,2025-12-19T12:30:00Z,0,consumo_MedidorAtlas8_minuto,COMPRESORES_AIRE
,,3,2025-12-16T21:41:38.5759694Z,2025-12-23T21:41:38.5759694Z,2025-12-19T13:00:00Z,0,consumo_MedidorAtlas8_minuto,COMPRESORES_AIRE
,,3,2025-12-16T21:41:38.5759694Z,2025-12-23T21:41:38.5759694Z,2025-12-19T13:30:00Z,0,consumo_MedidorAtlas8_minuto,COMPRESORES_AIRE
,,3,2025-12-16T21:41:38.5759694Z,2025-12-23T21:41:38.5759694Z,2025-12-19T14:00:00Z,0,consumo_MedidorAtlas8_minuto,COMPRESORES_AIRE
,,3,2025-12-16T21:41:38.5759694Z,2025-12-23T21:41:38.5759694Z,2025-12-19T14:30:00Z,0,consumo_MedidorAtlas8_minuto,COMPRESORES_AIRE
,,3,2025-12-16T21:41:38.5759694Z,2025-12-23T21:41:38.5759694Z,2025-12-19T15:00:00Z,0,consumo_MedidorAtlas8_minuto,COMPRESORES_AIRE
,,3,2025-12-16T21:41:38.5759694Z,2025-12-23T21:41:38.5759694Z,2025-12-19T15:30:00Z,0,consumo_MedidorAtlas8_minuto,COMPRESORES_AIRE
,,3,2025-12-16T21:41:38.5759694Z,2025-12-23T21:41:38.5759694Z,2025-12-19T16:00:00Z,0,consumo_MedidorAtlas8_minuto,COMPRESORES_AIRE
,,3,2025-12-16T21:41:38.5759694Z,2025-12-23T21:41:38.5759694Z,2025-12-19T16:30:00Z,0,consumo_MedidorAtlas8_minuto,COMPRESORES_AIRE
,,3,2025-12-16T21:41:38.5759694Z,2025-12-23T21:41:38.5759694Z,2025-12-19T17:00:00Z,0,consumo_MedidorAtlas8_minuto,COMPRESORES_AIRE
,,3,2025-12-16T21:41:38.5759694Z,2025-12-23T21:41:38.5759694Z,2025-12-19T17:30:00Z,0,consumo_MedidorAtlas8_minuto,COMPRESORES_AIRE
,,3,2025-12-16T21:41:38.5759694Z,2025-12-23T21:41:38.5759694Z,2025-12-19T18:00:00Z,0,consumo_MedidorAtlas8_minuto,COMPRESORES_AIRE
,,3,2025-12-16T21:41:38.5759694Z,2025-12-23T21:41:38.5759694Z,2025-12-19T18:30:00Z,0,consumo_MedidorAtlas8_minuto,COMPRESORES_AIRE
,,3,2025-12-16T21:41:38.5759694Z,2025-12-23T21:41:38.5759694Z,2025-12-19T19:00:00Z,0,consumo_MedidorAtlas8_minuto,COMPRESORES_AIRE
,,3,2025-12-16T21:41:38.5759694Z,2025-12-23T21:41:38.5759694Z,2025-12-19T19:30:00Z,0,consumo_MedidorAtlas8_minuto,COMPRESORES_AIRE
,,3,2025-12-16T21:41:38.5759694Z,2025-12-23T21:41:38.5759694Z,2025-12-19T20:00:00Z,0,consumo_MedidorAtlas8_minuto,COMPRESORES_AIRE
,,3,2025-12-16T21:41:38.5759694Z,2025-12-23T21:41:38.5759694Z,2025-12-19T20:30:00Z,0,consumo_MedidorAtlas8_minuto,COMPRESORES_AIRE
,,3,2025-12-16T21:41:38.5759694Z,2025-12-23T21:41:38.5759694Z,2025-12-19T21:00:00Z,0,consumo_MedidorAtlas8_minuto,COMPRESORES_AIRE
,,3,2025-12-16T21:41:38.5759694Z,2025-12-23T21:41:38.5759694Z,2025-12-19T21:30:00Z,0,consumo_MedidorAtlas8_minuto,COMPRESORES_AIRE
,,3,2025-12-16T21:41:38.5759694Z,2025-12-23T21:41:38.5759694Z,2025-12-19T22:00:00Z,0,consumo_MedidorAtlas8_minuto,COMPRESORES_AIRE
,,3,2025-12-16T21:41:38.5759694Z,2025-12-23T21:41:38.5759694Z,2025-12-19T22:30:00Z,0,consumo_MedidorAtlas8_minuto,COMPRESORES_AIRE
,,3,2025-12-16T21:41:38.5759694Z,2025-12-23T21:41:38.5759694Z,2025-12-19T23:00:00Z,0,consumo_MedidorAtlas8_minuto,COMPRESORES_AIRE
,,3,2025-12-16T21:41:38.5759694Z,2025-12-23T21:41:38.5759694Z,2025-12-19T23:30:00Z,0,consumo_MedidorAtlas8_minuto,COMPRESORES_AIRE
,,3,2025-12-16T21:41:38.5759694Z,2025-12-23T21:41:38.5759694Z,2025-12-20T00:00:00Z,0,consumo_MedidorAtlas8_minuto,COMPRESORES_AIRE
,,3,2025-12-16T21:41:38.5759694Z,2025-12-23T21:41:38.5759694Z,2025-12-20T00:30:00Z,0,consumo_MedidorAtlas8_minuto,COMPRESORES_AIRE
,,3,2025-12-16T21:41:38.5759694Z,2025-12-23T21:41:38.5759694Z,2025-12-20T01:00:00Z,0,consumo_MedidorAtlas8_minuto,COMPRESORES_AIRE
,,3,2025-12-16T21:41:38.5759694Z,2025-12-23T21:41:38.5759694Z,2025-12-20T01:30:00Z,0,consumo_MedidorAtlas8_minuto,COMPRESORES_AIRE
,,3,2025-12-16T21:41:38.5759694Z,2025-12-23T21:41:38.5759694Z,2025-12-20T02:00:00Z,0,consumo_MedidorAtlas8_minuto,COMPRESORES_AIRE
,,3,2025-12-16T21:41:38.5759694Z,2025-12-23T21:41:38.5759694Z,2025-12-20T02:30:00Z,0,consumo_MedidorAtlas8_minuto,COMPRESORES_AIRE
,,3,2025-12-16T21:41:38.5759694Z,2025-12-23T21:41:38.5759694Z,2025-12-20T03:00:00Z,0,consumo_MedidorAtlas8_minuto,COMPRESORES_AIRE
,,3,2025-12-16T21:41:38.5759694Z,2025-12-23T21:41:38.5759694Z,2025-12-20T03:30:00Z,0,consumo_MedidorAtlas8_minuto,COMPRESORES_AIRE
,,3,2025-12-16T21:41:38.5759694Z,2025-12-23T21:41:38.5759694Z,2025-12-20T04:00:00Z,0,consumo_MedidorAtlas8_minuto,COMPRESORES_AIRE
,,3,2025-12-16T21:41:38.5759694Z,2025-12-23T21:41:38.5759694Z,2025-12-20T04:30:00Z,0,consumo_MedidorAtlas8_minuto,COMPRESORES_AIRE
,,3,2025-12-16T21:41:38.5759694Z,2025-12-23T21:41:38.5759694Z,2025-12-20T05:00:00Z,0,consumo_MedidorAtlas8_minuto,COMPRESORES_AIRE
,,3,2025-12-16T21:41:38.5759694Z,2025-12-23T21:41:38.5759694Z,2025-12-20T05:30:00Z,0,consumo_MedidorAtlas8_minuto,COMPRESORES_AIRE
,,3,2025-12-16T21:41:38.5759694Z,2025-12-23T21:41:38.5759694Z,2025-12-20T06:00:00Z,1,consumo_MedidorAtlas8_minuto,COMPRESORES_AIRE
,,3,2025-12-16T21:41:38.5759694Z,2025-12-23T21:41:38.5759694Z,2025-12-20T06:30:00Z,2,consumo_MedidorAtlas8_minuto,COMPRESORES_AIRE
,,3,2025-12-16T21:41:38.5759694Z,2025-12-23T21:41:38.5759694Z,2025-12-20T07:00:00Z,3,consumo_MedidorAtlas8_minuto,COMPRESORES_AIRE
,,3,2025-12-16T21:41:38.5759694Z,2025-12-23T21:41:38.5759694Z,2025-12-20T07:30:00Z,4,consumo_MedidorAtlas8_minuto,COMPRESORES_AIRE
,,3,2025-12-16T21:41:38.5759694Z,2025-12-23T21:41:38.5759694Z,2025-12-20T08:00:00Z,0,consumo_MedidorAtlas8_minuto,COMPRESORES_AIRE
,,3,2025-12-16T21:41:38.5759694Z,2025-12-23T21:41:38.5759694Z,2025-12-20T08:30:00Z,3,consumo_MedidorAtlas8_minuto,COMPRESORES_AIRE
,,3,2025-12-16T21:41:38.5759694Z,2025-12-23T21:41:38.5759694Z,2025-12-20T09:00:00Z,2,consumo_MedidorAtlas8_minuto,COMPRESORES_AIRE
,,3,2025-12-16T21:41:38.5759694Z,2025-12-23T21:41:38.5759694Z,2025-12-20T09:30:00Z,0,consumo_MedidorAtlas8_minuto,COMPRESORES_AIRE
,,3,2025-12-16T21:41:38.5759694Z,2025-12-23T21:41:38.5759694Z,2025-12-20T10:00:00Z,1,consumo_MedidorAtlas8_minuto,COMPRESORES_AIRE
,,3,2025-12-16T21:41:38.5759694Z,2025-12-23T21:41:38.5759694Z,2025-12-20T10:30:00Z,0,consumo_MedidorAtlas8_minuto,COMPRESORES_AIRE
,,3,2025-12-16T21:41:38.5759694Z,2025-12-23T21:41:38.5759694Z,2025-12-20T11:00:00Z,0,consumo_MedidorAtlas8_minuto,COMPRESORES_AIRE
,,3,2025-12-16T21:41:38.5759694Z,2025-12-23T21:41:38.5759694Z,2025-12-20T11:30:00Z,0,consumo_MedidorAtlas8_minuto,COMPRESORES_AIRE
,,3,2025-12-16T21:41:38.5759694Z,2025-12-23T21:41:38.5759694Z,2025-12-20T12:00:00Z,0,consumo_MedidorAtlas8_minuto,COMPRESORES_AIRE
,,3,2025-12-16T21:41:38.5759694Z,2025-12-23T21:41:38.5759694Z,2025-12-20T12:30:00Z,0,consumo_MedidorAtlas8_minuto,COMPRESORES_AIRE
,,3,2025-12-16T21:41:38.5759694Z,2025-12-23T21:41:38.5759694Z,2025-12-20T13:00:00Z,0,consumo_MedidorAtlas8_minuto,COMPRESORES_AIRE
,,3,2025-12-16T21:41:38.5759694Z,2025-12-23T21:41:38.5759694Z,2025-12-20T13:30:00Z,0,consumo_MedidorAtlas8_minuto,COMPRESORES_AIRE
,,3,2025-12-16T21:41:38.5759694Z,2025-12-23T21:41:38.5759694Z,2025-12-20T14:00:00Z,0,consumo_MedidorAtlas8_minuto,COMPRESORES_AIRE
,,3,2025-12-16T21:41:38.5759694Z,2025-12-23T21:41:38.5759694Z,2025-12-20T14:30:00Z,0,consumo_MedidorAtlas8_minuto,COMPRESORES_AIRE
,,3,2025-12-16T21:41:38.5759694Z,2025-12-23T21:41:38.5759694Z,2025-12-20T15:00:00Z,0,consumo_MedidorAtlas8_minuto,COMPRESORES_AIRE
,,3,2025-12-16T21:41:38.5759694Z,2025-12-23T21:41:38.5759694Z,2025-12-20T15:30:00Z,0,consumo_MedidorAtlas8_minuto,COMPRESORES_AIRE
,,3,2025-12-16T21:41:38.5759694Z,2025-12-23T21:41:38.5759694Z,2025-12-20T16:00:00Z,0,consumo_MedidorAtlas8_minuto,COMPRESORES_AIRE
,,3,2025-12-16T21:41:38.5759694Z,2025-12-23T21:41:38.5759694Z,2025-12-20T16:30:00Z,0,consumo_MedidorAtlas8_minuto,COMPRESORES_AIRE
,,3,2025-12-16T21:41:38.5759694Z,2025-12-23T21:41:38.5759694Z,2025-12-20T17:00:00Z,0,consumo_MedidorAtlas8_minuto,COMPRESORES_AIRE
,,3,2025-12-16T21:41:38.5759694Z,2025-12-23T21:41:38.5759694Z,2025-12-20T17:30:00Z,0,consumo_MedidorAtlas8_minuto,COMPRESORES_AIRE
,,3,2025-12-16T21:41:38.5759694Z,2025-12-23T21:41:38.5759694Z,2025-12-20T18:00:00Z,0,consumo_MedidorAtlas8_minuto,COMPRESORES_AIRE
,,3,2025-12-16T21:41:38.5759694Z,2025-12-23T21:41:38.5759694Z,2025-12-20T18:30:00Z,0,consumo_MedidorAtlas8_minuto,COMPRESORES_AIRE
,,3,2025-12-16T21:41:38.5759694Z,2025-12-23T21:41:38.5759694Z,2025-12-20T19:00:00Z,0,consumo_MedidorAtlas8_minuto,COMPRESORES_AIRE
,,3,2025-12-16T21:41:38.5759694Z,2025-12-23T21:41:38.5759694Z,2025-12-20T19:30:00Z,0,consumo_MedidorAtlas8_minuto,COMPRESORES_AIRE
,,3,2025-12-16T21:41:38.5759694Z,2025-12-23T21:41:38.5759694Z,2025-12-20T20:00:00Z,0,consumo_MedidorAtlas8_minuto,COMPRESORES_AIRE
,,3,2025-12-16T21:41:38.5759694Z,2025-12-23T21:41:38.5759694Z,2025-12-20T20:30:00Z,0,consumo_MedidorAtlas8_minuto,COMPRESORES_AIRE
,,3,2025-12-16T21:41:38.5759694Z,2025-12-23T21:41:38.5759694Z,2025-12-20T21:00:00Z,0,consumo_MedidorAtlas8_minuto,COMPRESORES_AIRE
,,3,2025-12-16T21:41:38.5759694Z,2025-12-23T21:41:38.5759694Z,2025-12-20T21:30:00Z,0,consumo_MedidorAtlas8_minuto,COMPRESORES_AIRE
,,3,2025-12-16T21:41:38.5759694Z,2025-12-23T21:41:38.5759694Z,2025-12-20T22:00:00Z,0,consumo_MedidorAtlas8_minuto,COMPRESORES_AIRE
,,3,2025-12-16T21:41:38.5759694Z,2025-12-23T21:41:38.5759694Z,2025-12-20T22:30:00Z,0,consumo_MedidorAtlas8_minuto,COMPRESORES_AIRE
,,3,2025-12-16T21:41:38.5759694Z,2025-12-23T21:41:38.5759694Z,2025-12-20T23:00:00Z,0,consumo_MedidorAtlas8_minuto,COMPRESORES_AIRE
,,3,2025-12-16T21:41:38.5759694Z,2025-12-23T21:41:38.5759694Z,2025-12-20T23:30:00Z,0,consumo_MedidorAtlas8_minuto,COMPRESORES_AIRE
,,3,2025-12-16T21:41:38.5759694Z,2025-12-23T21:41:38.5759694Z,2025-12-21T00:00:00Z,0,consumo_MedidorAtlas8_minuto,COMPRESORES_AIRE
,,3,2025-12-16T21:41:38.5759694Z,2025-12-23T21:41:38.5759694Z,2025-12-21T00:30:00Z,0,consumo_MedidorAtlas8_minuto,COMPRESORES_AIRE
,,3,2025-12-16T21:41:38.5759694Z,2025-12-23T21:41:38.5759694Z,2025-12-21T01:00:00Z,0,consumo_MedidorAtlas8_minuto,COMPRESORES_AIRE
,,3,2025-12-16T21:41:38.5759694Z,2025-12-23T21:41:38.5759694Z,2025-12-21T01:30:00Z,0,consumo_MedidorAtlas8_minuto,COMPRESORES_AIRE
,,3,2025-12-16T21:41:38.5759694Z,2025-12-23T21:41:38.5759694Z,2025-12-21T02:00:00Z,0,consumo_MedidorAtlas8_minuto,COMPRESORES_AIRE
,,3,2025-12-16T21:41:38.5759694Z,2025-12-23T21:41:38.5759694Z,2025-12-21T02:30:00Z,0,consumo_MedidorAtlas8_minuto,COMPRESORES_AIRE
,,3,2025-12-16T21:41:38.5759694Z,2025-12-23T21:41:38.5759694Z,2025-12-21T03:00:00Z,0,consumo_MedidorAtlas8_minuto,COMPRESORES_AIRE
,,3,2025-12-16T21:41:38.5759694Z,2025-12-23T21:41:38.5759694Z,2025-12-21T03:30:00Z,0,consumo_MedidorAtlas8_minuto,COMPRESORES_AIRE
,,3,2025-12-16T21:41:38.5759694Z,2025-12-23T21:41:38.5759694Z,2025-12-21T04:00:00Z,0,consumo_MedidorAtlas8_minuto,COMPRESORES_AIRE
,,3,2025-12-16T21:41:38.5759694Z,2025-12-23T21:41:38.5759694Z,2025-12-21T04:30:00Z,0,consumo_MedidorAtlas8_minuto,COMPRESORES_AIRE
,,3,2025-12-16T21:41:38.5759694Z,2025-12-23T21:41:38.5759694Z,2025-12-21T05:00:00Z,7,consumo_MedidorAtlas8_minuto,COMPRESORES_AIRE
,,3,2025-12-16T21:41:38.5759694Z,2025-12-23T21:41:38.5759694Z,2025-12-21T05:30:00Z,8,consumo_MedidorAtlas8_minuto,COMPRESORES_AIRE
,,3,2025-12-16T21:41:38.5759694Z,2025-12-23T21:41:38.5759694Z,2025-12-21T06:00:00Z,14,consumo_MedidorAtlas8_minuto,COMPRESORES_AIRE
,,3,2025-12-16T21:41:38.5759694Z,2025-12-23T21:41:38.5759694Z,2025-12-21T06:30:00Z,9,consumo_MedidorAtlas8_minuto,COMPRESORES_AIRE
,,3,2025-12-16T21:41:38.5759694Z,2025-12-23T21:41:38.5759694Z,2025-12-21T07:00:00Z,10,consumo_MedidorAtlas8_minuto,COMPRESORES_AIRE
,,3,2025-12-16T21:41:38.5759694Z,2025-12-23T21:41:38.5759694Z,2025-12-21T07:30:00Z,0,consumo_MedidorAtlas8_minuto,COMPRESORES_AIRE
,,3,2025-12-16T21:41:38.5759694Z,2025-12-23T21:41:38.5759694Z,2025-12-21T08:00:00Z,3,consumo_MedidorAtlas8_minuto,COMPRESORES_AIRE
,,3,2025-12-16T21:41:38.5759694Z,2025-12-23T21:41:38.5759694Z,2025-12-21T08:30:00Z,4,consumo_MedidorAtlas8_minuto,COMPRESORES_AIRE
,,3,2025-12-16T21:41:38.5759694Z,2025-12-23T21:41:38.5759694Z,2025-12-21T09:00:00Z,0,consumo_MedidorAtlas8_minuto,COMPRESORES_AIRE
,,3,2025-12-16T21:41:38.5759694Z,2025-12-23T21:41:38.5759694Z,2025-12-21T09:30:00Z,0,consumo_MedidorAtlas8_minuto,COMPRESORES_AIRE
,,3,2025-12-16T21:41:38.5759694Z,2025-12-23T21:41:38.5759694Z,2025-12-21T10:00:00Z,0,consumo_MedidorAtlas8_minuto,COMPRESORES_AIRE
,,3,2025-12-16T21:41:38.5759694Z,2025-12-23T21:41:38.5759694Z,2025-12-21T10:30:00Z,0,consumo_MedidorAtlas8_minuto,COMPRESORES_AIRE
,,3,2025-12-16T21:41:38.5759694Z,2025-12-23T21:41:38.5759694Z,2025-12-21T11:00:00Z,0,consumo_MedidorAtlas8_minuto,COMPRESORES_AIRE
,,3,2025-12-16T21:41:38.5759694Z,2025-12-23T21:41:38.5759694Z,2025-12-21T11:30:00Z,0,consumo_MedidorAtlas8_minuto,COMPRESORES_AIRE
,,3,2025-12-16T21:41:38.5759694Z,2025-12-23T21:41:38.5759694Z,2025-12-21T12:00:00Z,0,consumo_MedidorAtlas8_minuto,COMPRESORES_AIRE
,,3,2025-12-16T21:41:38.5759694Z,2025-12-23T21:41:38.5759694Z,2025-12-21T12:30:00Z,0,consumo_MedidorAtlas8_minuto,COMPRESORES_AIRE
,,3,2025-12-16T21:41:38.5759694Z,2025-12-23T21:41:38.5759694Z,2025-12-21T13:00:00Z,0,consumo_MedidorAtlas8_minuto,COMPRESORES_AIRE
,,3,2025-12-16T21:41:38.5759694Z,2025-12-23T21:41:38.5759694Z,2025-12-21T13:30:00Z,0,consumo_MedidorAtlas8_minuto,COMPRESORES_AIRE
,,3,2025-12-16T21:41:38.5759694Z,2025-12-23T21:41:38.5759694Z,2025-12-21T14:00:00Z,0,consumo_MedidorAtlas8_minuto,COMPRESORES_AIRE
,,3,2025-12-16T21:41:38.5759694Z,2025-12-23T21:41:38.5759694Z,2025-12-21T14:30:00Z,0,consumo_MedidorAtlas8_minuto,COMPRESORES_AIRE
,,3,2025-12-16T21:41:38.5759694Z,2025-12-23T21:41:38.5759694Z,2025-12-21T15:00:00Z,0,consumo_MedidorAtlas8_minuto,COMPRESORES_AIRE
,,3,2025-12-16T21:41:38.5759694Z,2025-12-23T21:41:38.5759694Z,2025-12-21T15:30:00Z,0,consumo_MedidorAtlas8_minuto,COMPRESORES_AIRE
,,3,2025-12-16T21:41:38.5759694Z,2025-12-23T21:41:38.5759694Z,2025-12-21T16:00:00Z,0,consumo_MedidorAtlas8_minuto,COMPRESORES_AIRE
,,3,2025-12-16T21:41:38.5759694Z,2025-12-23T21:41:38.5759694Z,2025-12-21T16:30:00Z,0,consumo_MedidorAtlas8_minuto,COMPRESORES_AIRE
,,3,2025-12-16T21:41:38.5759694Z,2025-12-23T21:41:38.5759694Z,2025-12-21T17:00:00Z,0,consumo_MedidorAtlas8_minuto,COMPRESORES_AIRE
,,3,2025-12-16T21:41:38.5759694Z,2025-12-23T21:41:38.5759694Z,2025-12-21T17:30:00Z,0,consumo_MedidorAtlas8_minuto,COMPRESORES_AIRE
,,3,2025-12-16T21:41:38.5759694Z,2025-12-23T21:41:38.5759694Z,2025-12-21T18:00:00Z,0,consumo_MedidorAtlas8_minuto,COMPRESORES_AIRE
,,3,2025-12-16T21:41:38.5759694Z,2025-12-23T21:41:38.5759694Z,2025-12-21T18:30:00Z,0,consumo_MedidorAtlas8_minuto,COMPRESORES_AIRE
,,3,2025-12-16T21:41:38.5759694Z,2025-12-23T21:41:38.5759694Z,2025-12-21T19:00:00Z,0,consumo_MedidorAtlas8_minuto,COMPRESORES_AIRE
,,3,2025-12-16T21:41:38.5759694Z,2025-12-23T21:41:38.5759694Z,2025-12-21T19:30:00Z,0,consumo_MedidorAtlas8_minuto,COMPRESORES_AIRE
,,3,2025-12-16T21:41:38.5759694Z,2025-12-23T21:41:38.5759694Z,2025-12-21T20:00:00Z,0,consumo_MedidorAtlas8_minuto,COMPRESORES_AIRE
,,3,2025-12-16T21:41:38.5759694Z,2025-12-23T21:41:38.5759694Z,2025-12-21T20:30:00Z,0,consumo_MedidorAtlas8_minuto,COMPRESORES_AIRE
,,3,2025-12-16T21:41:38.5759694Z,2025-12-23T21:41:38.5759694Z,2025-12-21T21:00:00Z,0,consumo_MedidorAtlas8_minuto,COMPRESORES_AIRE
,,3,2025-12-16T21:41:38.5759694Z,2025-12-23T21:41:38.5759694Z,2025-12-21T21:30:00Z,0,consumo_MedidorAtlas8_minuto,COMPRESORES_AIRE
,,3,2025-12-16T21:41:38.5759694Z,2025-12-23T21:41:38.5759694Z,2025-12-21T22:00:00Z,0,consumo_MedidorAtlas8_minuto,COMPRESORES_AIRE
,,3,2025-12-16T21:41:38.5759694Z,2025-12-23T21:41:38.5759694Z,2025-12-21T22:30:00Z,0,consumo_MedidorAtlas8_minuto,COMPRESORES_AIRE
,,3,2025-12-16T21:41:38.5759694Z,2025-12-23T21:41:38.5759694Z,2025-12-21T23:00:00Z,0,consumo_MedidorAtlas8_minuto,COMPRESORES_AIRE
,,3,2025-12-16T21:41:38.5759694Z,2025-12-23T21:41:38.5759694Z,2025-12-21T23:30:00Z,0,consumo_MedidorAtlas8_minuto,COMPRESORES_AIRE
,,3,2025-12-16T21:41:38.5759694Z,2025-12-23T21:41:38.5759694Z,2025-12-22T00:00:00Z,0,consumo_MedidorAtlas8_minuto,COMPRESORES_AIRE
,,3,2025-12-16T21:41:38.5759694Z,2025-12-23T21:41:38.5759694Z,2025-12-22T00:30:00Z,0,consumo_MedidorAtlas8_minuto,COMPRESORES_AIRE
,,3,2025-12-16T21:41:38.5759694Z,2025-12-23T21:41:38.5759694Z,2025-12-22T01:00:00Z,0,consumo_MedidorAtlas8_minuto,COMPRESORES_AIRE
,,3,2025-12-16T21:41:38.5759694Z,2025-12-23T21:41:38.5759694Z,2025-12-22T01:30:00Z,0,consumo_MedidorAtlas8_minuto,COMPRESORES_AIRE
,,3,2025-12-16T21:41:38.5759694Z,2025-12-23T21:41:38.5759694Z,2025-12-22T02:00:00Z,0,consumo_MedidorAtlas8_minuto,COMPRESORES_AIRE
,,3,2025-12-16T21:41:38.5759694Z,2025-12-23T21:41:38.5759694Z,2025-12-22T02:30:00Z,0,consumo_MedidorAtlas8_minuto,COMPRESORES_AIRE
,,3,2025-12-16T21:41:38.5759694Z,2025-12-23T21:41:38.5759694Z,2025-12-22T03:00:00Z,6,consumo_MedidorAtlas8_minuto,COMPRESORES_AIRE
,,3,2025-12-16T21:41:38.5759694Z,2025-12-23T21:41:38.5759694Z,2025-12-22T03:30:00Z,7,consumo_MedidorAtlas8_minuto,COMPRESORES_AIRE
,,3,2025-12-16T21:41:38.5759694Z,2025-12-23T21:41:38.5759694Z,2025-12-22T04:00:00Z,0,consumo_MedidorAtlas8_minuto,COMPRESORES_AIRE
,,3,2025-12-16T21:41:38.5759694Z,2025-12-23T21:41:38.5759694Z,2025-12-22T04:30:00Z,0,consumo_MedidorAtlas8_minuto,COMPRESORES_AIRE
,,3,2025-12-16T21:41:38.5759694Z,2025-12-23T21:41:38.5759694Z,2025-12-22T05:00:00Z,0,consumo_MedidorAtlas8_minuto,COMPRESORES_AIRE
,,3,2025-12-16T21:41:38.5759694Z,2025-12-23T21:41:38.5759694Z,2025-12-22T05:30:00Z,0,consumo_MedidorAtlas8_minuto,COMPRESORES_AIRE
,,3,2025-12-16T21:41:38.5759694Z,2025-12-23T21:41:38.5759694Z,2025-12-22T06:00:00Z,13,consumo_MedidorAtlas8_minuto,COMPRESORES_AIRE
,,3,2025-12-16T21:41:38.5759694Z,2025-12-23T21:41:38.5759694Z,2025-12-22T06:30:00Z,12,consumo_MedidorAtlas8_minuto,COMPRESORES_AIRE
,,3,2025-12-16T21:41:38.5759694Z,2025-12-23T21:41:38.5759694Z,2025-12-22T07:00:00Z,9,consumo_MedidorAtlas8_minuto,COMPRESORES_AIRE
,,3,2025-12-16T21:41:38.5759694Z,2025-12-23T21:41:38.5759694Z,2025-12-22T07:30:00Z,0,consumo_MedidorAtlas8_minuto,COMPRESORES_AIRE
,,3,2025-12-16T21:41:38.5759694Z,2025-12-23T21:41:38.5759694Z,2025-12-22T08:00:00Z,5,consumo_MedidorAtlas8_minuto,COMPRESORES_AIRE
,,3,2025-12-16T21:41:38.5759694Z,2025-12-23T21:41:38.5759694Z,2025-12-22T08:30:00Z,18,consumo_MedidorAtlas8_minuto,COMPRESORES_AIRE
,,3,2025-12-16T21:41:38.5759694Z,2025-12-23T21:41:38.5759694Z,2025-12-22T09:00:00Z,8,consumo_MedidorAtlas8_minuto,COMPRESORES_AIRE
,,3,2025-12-16T21:41:38.5759694Z,2025-12-23T21:41:38.5759694Z,2025-12-22T09:30:00Z,0,consumo_MedidorAtlas8_minuto,COMPRESORES_AIRE
,,3,2025-12-16T21:41:38.5759694Z,2025-12-23T21:41:38.5759694Z,2025-12-22T10:00:00Z,0,consumo_MedidorAtlas8_minuto,COMPRESORES_AIRE
,,3,2025-12-16T21:41:38.5759694Z,2025-12-23T21:41:38.5759694Z,2025-12-22T10:30:00Z,0,consumo_MedidorAtlas8_minuto,COMPRESORES_AIRE
,,3,2025-12-16T21:41:38.5759694Z,2025-12-23T21:41:38.5759694Z,2025-12-22T11:00:00Z,0,consumo_MedidorAtlas8_minuto,COMPRESORES_AIRE
,,3,2025-12-16T21:41:38.5759694Z,2025-12-23T21:41:38.5759694Z,2025-12-22T11:30:00Z,10,consumo_MedidorAtlas8_minuto,COMPRESORES_AIRE
,,3,2025-12-16T21:41:38.5759694Z,2025-12-23T21:41:38.5759694Z,2025-12-22T12:00:00Z,7,consumo_MedidorAtlas8_minuto,COMPRESORES_AIRE
,,3,2025-12-16T21:41:38.5759694Z,2025-12-23T21:41:38.5759694Z,2025-12-22T12:30:00Z,0,consumo_MedidorAtlas8_minuto,COMPRESORES_AIRE
,,3,2025-12-16T21:41:38.5759694Z,2025-12-23T21:41:38.5759694Z,2025-12-22T13:00:00Z,0,consumo_MedidorAtlas8_minuto,COMPRESORES_AIRE
,,3,2025-12-16T21:41:38.5759694Z,2025-12-23T21:41:38.5759694Z,2025-12-22T13:30:00Z,0,consumo_MedidorAtlas8_minuto,COMPRESORES_AIRE
,,3,2025-12-16T21:41:38.5759694Z,2025-12-23T21:41:38.5759694Z,2025-12-22T14:00:00Z,0,consumo_MedidorAtlas8_minuto,COMPRESORES_AIRE
,,3,2025-12-16T21:41:38.5759694Z,2025-12-23T21:41:38.5759694Z,2025-12-22T14:30:00Z,0,consumo_MedidorAtlas8_minuto,COMPRESORES_AIRE
,,3,2025-12-16T21:41:38.5759694Z,2025-12-23T21:41:38.5759694Z,2025-12-22T15:00:00Z,0,consumo_MedidorAtlas8_minuto,COMPRESORES_AIRE
,,3,2025-12-16T21:41:38.5759694Z,2025-12-23T21:41:38.5759694Z,2025-12-22T15:30:00Z,0,consumo_MedidorAtlas8_minuto,COMPRESORES_AIRE
,,3,2025-12-16T21:41:38.5759694Z,2025-12-23T21:41:38.5759694Z,2025-12-22T16:00:00Z,0,consumo_MedidorAtlas8_minuto,COMPRESORES_AIRE
,,3,2025-12-16T21:41:38.5759694Z,2025-12-23T21:41:38.5759694Z,2025-12-22T16:30:00Z,0,consumo_MedidorAtlas8_minuto,COMPRESORES_AIRE
,,3,2025-12-16T21:41:38.5759694Z,2025-12-23T21:41:38.5759694Z,2025-12-22T17:00:00Z,0,consumo_MedidorAtlas8_minuto,COMPRESORES_AIRE
,,3,2025-12-16T21:41:38.5759694Z,2025-12-23T21:41:38.5759694Z,2025-12-22T17:30:00Z,0,consumo_MedidorAtlas8_minuto,COMPRESORES_AIRE
,,3,2025-12-16T21:41:38.5759694Z,2025-12-23T21:41:38.5759694Z,2025-12-22T18:00:00Z,0,consumo_MedidorAtlas8_minuto,COMPRESORES_AIRE
,,3,2025-12-16T21:41:38.5759694Z,2025-12-23T21:41:38.5759694Z,2025-12-22T18:30:00Z,0,consumo_MedidorAtlas8_minuto,COMPRESORES_AIRE
,,3,2025-12-16T21:41:38.5759694Z,2025-12-23T21:41:38.5759694Z,2025-12-22T19:00:00Z,0,consumo_MedidorAtlas8_minuto,COMPRESORES_AIRE
,,3,2025-12-16T21:41:38.5759694Z,2025-12-23T21:41:38.5759694Z,2025-12-22T19:30:00Z,0,consumo_MedidorAtlas8_minuto,COMPRESORES_AIRE
,,3,2025-12-16T21:41:38.5759694Z,2025-12-23T21:41:38.5759694Z,2025-12-22T20:00:00Z,0,consumo_MedidorAtlas8_minuto,COMPRESORES_AIRE
,,3,2025-12-16T21:41:38.5759694Z,2025-12-23T21:41:38.5759694Z,2025-12-22T20:30:00Z,0,consumo_MedidorAtlas8_minuto,COMPRESORES_AIRE
,,3,2025-12-16T21:41:38.5759694Z,2025-12-23T21:41:38.5759694Z,2025-12-22T21:00:00Z,0,consumo_MedidorAtlas8_minuto,COMPRESORES_AIRE
,,3,2025-12-16T21:41:38.5759694Z,2025-12-23T21:41:38.5759694Z,2025-12-22T21:30:00Z,0,consumo_MedidorAtlas8_minuto,COMPRESORES_AIRE
,,3,2025-12-16T21:41:38.5759694Z,2025-12-23T21:41:38.5759694Z,2025-12-22T22:00:00Z,0,consumo_MedidorAtlas8_minuto,COMPRESORES_AIRE
,,3,2025-12-16T21:41:38.5759694Z,2025-12-23T21:41:38.5759694Z,2025-12-22T22:30:00Z,0,consumo_MedidorAtlas8_minuto,COMPRESORES_AIRE
,,3,2025-12-16T21:41:38.5759694Z,2025-12-23T21:41:38.5759694Z,2025-12-22T23:00:00Z,0,consumo_MedidorAtlas8_minuto,COMPRESORES_AIRE
,,3,2025-12-16T21:41:38.5759694Z,2025-12-23T21:41:38.5759694Z,2025-12-22T23:30:00Z,0,consumo_MedidorAtlas8_minuto,COMPRESORES_AIRE
,,3,2025-12-16T21:41:38.5759694Z,2025-12-23T21:41:38.5759694Z,2025-12-23T00:00:00Z,0,consumo_MedidorAtlas8_minuto,COMPRESORES_AIRE
,,3,2025-12-16T21:41:38.5759694Z,2025-12-23T21:41:38.5759694Z,2025-12-23T00:30:00Z,0,consumo_MedidorAtlas8_minuto,COMPRESORES_AIRE
,,3,2025-12-16T21:41:38.5759694Z,2025-12-23T21:41:38.5759694Z,2025-12-23T01:00:00Z,17,consumo_MedidorAtlas8_minuto,COMPRESORES_AIRE
,,3,2025-12-16T21:41:38.5759694Z,2025-12-23T21:41:38.5759694Z,2025-12-23T01:30:00Z,0,consumo_MedidorAtlas8_minuto,COMPRESORES_AIRE
,,3,2025-12-16T21:41:38.5759694Z,2025-12-23T21:41:38.5759694Z,2025-12-23T02:00:00Z,0,consumo_MedidorAtlas8_minuto,COMPRESORES_AIRE
,,3,2025-12-16T21:41:38.5759694Z,2025-12-23T21:41:38.5759694Z,2025-12-23T02:30:00Z,0,consumo_MedidorAtlas8_minuto,COMPRESORES_AIRE
,,3,2025-12-16T21:41:38.5759694Z,2025-12-23T21:41:38.5759694Z,2025-12-23T03:00:00Z,0,consumo_MedidorAtlas8_minuto,COMPRESORES_AIRE
,,3,2025-12-16T21:41:38.5759694Z,2025-12-23T21:41:38.5759694Z,2025-12-23T03:30:00Z,0,consumo_MedidorAtlas8_minuto,COMPRESORES_AIRE
,,3,2025-12-16T21:41:38.5759694Z,2025-12-23T21:41:38.5759694Z,2025-12-23T04:00:00Z,1,consumo_MedidorAtlas8_minuto,COMPRESORES_AIRE
,,3,2025-12-16T21:41:38.5759694Z,2025-12-23T21:41:38.5759694Z,2025-12-23T04:30:00Z,0,consumo_MedidorAtlas8_minuto,COMPRESORES_AIRE
,,3,2025-12-16T21:41:38.5759694Z,2025-12-23T21:41:38.5759694Z,2025-12-23T05:00:00Z,0,consumo_MedidorAtlas8_minuto,COMPRESORES_AIRE
,,3,2025-12-16T21:41:38.5759694Z,2025-12-23T21:41:38.5759694Z,2025-12-23T05:30:00Z,0,consumo_MedidorAtlas8_minuto,COMPRESORES_AIRE
,,3,2025-12-16T21:41:38.5759694Z,2025-12-23T21:41:38.5759694Z,2025-12-23T06:00:00Z,0,consumo_MedidorAtlas8_minuto,COMPRESORES_AIRE
,,3,2025-12-16T21:41:38.5759694Z,2025-12-23T21:41:38.5759694Z,2025-12-23T06:30:00Z,1,consumo_MedidorAtlas8_minuto,COMPRESORES_AIRE
,,3,2025-12-16T21:41:38.5759694Z,2025-12-23T21:41:38.5759694Z,2025-12-23T07:00:00Z,0,consumo_MedidorAtlas8_minuto,COMPRESORES_AIRE
,,3,2025-12-16T21:41:38.5759694Z,2025-12-23T21:41:38.5759694Z,2025-12-23T07:30:00Z,6,consumo_MedidorAtlas8_minuto,COMPRESORES_AIRE
,,3,2025-12-16T21:41:38.5759694Z,2025-12-23T21:41:38.5759694Z,2025-12-23T08:00:00Z,2,consumo_MedidorAtlas8_minuto,COMPRESORES_AIRE
,,3,2025-12-16T21:41:38.5759694Z,2025-12-23T21:41:38.5759694Z,2025-12-23T08:30:00Z,2,consumo_MedidorAtlas8_minuto,COMPRESORES_AIRE
,,3,2025-12-16T21:41:38.5759694Z,2025-12-23T21:41:38.5759694Z,2025-12-23T09:00:00Z,0,consumo_MedidorAtlas8_minuto,COMPRESORES_AIRE
,,3,2025-12-16T21:41:38.5759694Z,2025-12-23T21:41:38.5759694Z,2025-12-23T09:30:00Z,0,consumo_MedidorAtlas8_minuto,COMPRESORES_AIRE
,,3,2025-12-16T21:41:38.5759694Z,2025-12-23T21:41:38.5759694Z,2025-12-23T10:00:00Z,0,consumo_MedidorAtlas8_minuto,COMPRESORES_AIRE
,,3,2025-12-16T21:41:38.5759694Z,2025-12-23T21:41:38.5759694Z,2025-12-23T10:30:00Z,0,consumo_MedidorAtlas8_minuto,COMPRESORES_AIRE
,,3,2025-12-16T21:41:38.5759694Z,2025-12-23T21:41:38.5759694Z,2025-12-23T11:00:00Z,32,consumo_MedidorAtlas8_minuto,COMPRESORES_AIRE
,,3,2025-12-16T21:41:38.5759694Z,2025-12-23T21:41:38.5759694Z,2025-12-23T11:30:00Z,26,consumo_MedidorAtlas8_minuto,COMPRESORES_AIRE
,,3,2025-12-16T21:41:38.5759694Z,2025-12-23T21:41:38.5759694Z,2025-12-23T12:00:00Z,23,consumo_MedidorAtlas8_minuto,COMPRESORES_AIRE
,,3,2025-12-16T21:41:38.5759694Z,2025-12-23T21:41:38.5759694Z,2025-12-23T12:30:00Z,27,consumo_MedidorAtlas8_minuto,COMPRESORES_AIRE
,,3,2025-12-16T21:41:38.5759694Z,2025-12-23T21:41:38.5759694Z,2025-12-23T13:00:00Z,0,consumo_MedidorAtlas8_minuto,COMPRESORES_AIRE
,,3,2025-12-16T21:41:38.5759694Z,2025-12-23T21:41:38.5759694Z,2025-12-23T13:30:00Z,0,consumo_MedidorAtlas8_minuto,COMPRESORES_AIRE
,,3,2025-12-16T21:41:38.5759694Z,2025-12-23T21:41:38.5759694Z,2025-12-23T14:00:00Z,0,consumo_MedidorAtlas8_minuto,COMPRESORES_AIRE
,,3,2025-12-16T21:41:38.5759694Z,2025-12-23T21:41:38.5759694Z,2025-12-23T14:30:00Z,0,consumo_MedidorAtlas8_minuto,COMPRESORES_AIRE
,,3,2025-12-16T21:41:38.5759694Z,2025-12-23T21:41:38.5759694Z,2025-12-23T15:00:00Z,1,consumo_MedidorAtlas8_minuto,COMPRESORES_AIRE
,,3,2025-12-16T21:41:38.5759694Z,2025-12-23T21:41:38.5759694Z,2025-12-23T15:30:00Z,1,consumo_MedidorAtlas8_minuto,COMPRESORES_AIRE
,,3,2025-12-16T21:41:38.5759694Z,2025-12-23T21:41:38.5759694Z,2025-12-23T16:00:00Z,1,consumo_MedidorAtlas8_minuto,COMPRESORES_AIRE
,,3,2025-12-16T21:41:38.5759694Z,2025-12-23T21:41:38.5759694Z,2025-12-23T16:30:00Z,0,consumo_MedidorAtlas8_minuto,COMPRESORES_AIRE
,,3,2025-12-16T21:41:38.5759694Z,2025-12-23T21:41:38.5759694Z,2025-12-23T17:00:00Z,1,consumo_MedidorAtlas8_minuto,COMPRESORES_AIRE
,,3,2025-12-16T21:41:38.5759694Z,2025-12-23T21:41:38.5759694Z,2025-12-23T17:30:00Z,0,consumo_MedidorAtlas8_minuto,COMPRESORES_AIRE
,,3,2025-12-16T21:41:38.5759694Z,2025-12-23T21:41:38.5759694Z,2025-12-23T18:00:00Z,0,consumo_MedidorAtlas8_minuto,COMPRESORES_AIRE
,,3,2025-12-16T21:41:38.5759694Z,2025-12-23T21:41:38.5759694Z,2025-12-23T18:30:00Z,0,consumo_MedidorAtlas8_minuto,COMPRESORES_AIRE
,,3,2025-12-16T21:41:38.5759694Z,2025-12-23T21:41:38.5759694Z,2025-12-23T19:00:00Z,0,consumo_MedidorAtlas8_minuto,COMPRESORES_AIRE
,,3,2025-12-16T21:41:38.5759694Z,2025-12-23T21:41:38.5759694Z,2025-12-23T19:30:00Z,0,consumo_MedidorAtlas8_minuto,COMPRESORES_AIRE
,,3,2025-12-16T21:41:38.5759694Z,2025-12-23T21:41:38.5759694Z,2025-12-23T20:00:00Z,0,consumo_MedidorAtlas8_minuto,COMPRESORES_AIRE
,,3,2025-12-16T21:41:38.5759694Z,2025-12-23T21:41:38.5759694Z,2025-12-23T20:30:00Z,0,consumo_MedidorAtlas8_minuto,COMPRESORES_AIRE
,,3,2025-12-16T21:41:38.5759694Z,2025-12-23T21:41:38.5759694Z,2025-12-23T21:00:00Z,1,consumo_MedidorAtlas8_minuto,COMPRESORES_AIRE
,,3,2025-12-16T21:41:38.5759694Z,2025-12-23T21:41:38.5759694Z,2025-12-23T21:30:00Z,0,consumo_MedidorAtlas8_minuto,COMPRESORES_AIRE
,,3,2025-12-16T21:41:38.5759694Z,2025-12-23T21:41:38.5759694Z,2025-12-23T21:41:38.5759694Z,1,consumo_MedidorAtlas8_minuto,COMPRESORES_AIRE
,,4,2025-12-16T21:41:38.5759694Z,2025-12-23T21:41:38.5759694Z,2025-12-16T22:00:00Z,1671,consumo_MedidorCentac_hora,COMPRESORES_AIRE
,,4,2025-12-16T21:41:38.5759694Z,2025-12-23T21:41:38.5759694Z,2025-12-16T22:30:00Z,1754,consumo_MedidorCentac_hora,COMPRESORES_AIRE
,,4,2025-12-16T21:41:38.5759694Z,2025-12-23T21:41:38.5759694Z,2025-12-16T23:00:00Z,1754,consumo_MedidorCentac_hora,COMPRESORES_AIRE
,,4,2025-12-16T21:41:38.5759694Z,2025-12-23T21:41:38.5759694Z,2025-12-16T23:30:00Z,1788,consumo_MedidorCentac_hora,COMPRESORES_AIRE
,,4,2025-12-16T21:41:38.5759694Z,2025-12-23T21:41:38.5759694Z,2025-12-17T00:00:00Z,1788,consumo_MedidorCentac_hora,COMPRESORES_AIRE
,,4,2025-12-16T21:41:38.5759694Z,2025-12-23T21:41:38.5759694Z,2025-12-17T00:30:00Z,1810,consumo_MedidorCentac_hora,COMPRESORES_AIRE
,,4,2025-12-16T21:41:38.5759694Z,2025-12-23T21:41:38.5759694Z,2025-12-17T01:00:00Z,1810,consumo_MedidorCentac_hora,COMPRESORES_AIRE
,,4,2025-12-16T21:41:38.5759694Z,2025-12-23T21:41:38.5759694Z,2025-12-17T01:30:00Z,1827,consumo_MedidorCentac_hora,COMPRESORES_AIRE
,,4,2025-12-16T21:41:38.5759694Z,2025-12-23T21:41:38.5759694Z,2025-12-17T02:00:00Z,1827,consumo_MedidorCentac_hora,COMPRESORES_AIRE
,,4,2025-12-16T21:41:38.5759694Z,2025-12-23T21:41:38.5759694Z,2025-12-17T02:30:00Z,1830,consumo_MedidorCentac_hora,COMPRESORES_AIRE
,,4,2025-12-16T21:41:38.5759694Z,2025-12-23T21:41:38.5759694Z,2025-12-17T03:00:00Z,1830,consumo_MedidorCentac_hora,COMPRESORES_AIRE
,,4,2025-12-16T21:41:38.5759694Z,2025-12-23T21:41:38.5759694Z,2025-12-17T03:30:00Z,1828,consumo_MedidorCentac_hora,COMPRESORES_AIRE
,,4,2025-12-16T21:41:38.5759694Z,2025-12-23T21:41:38.5759694Z,2025-12-17T04:00:00Z,1828,consumo_MedidorCentac_hora,COMPRESORES_AIRE
,,4,2025-12-16T21:41:38.5759694Z,2025-12-23T21:41:38.5759694Z,2025-12-17T04:30:00Z,1810,consumo_MedidorCentac_hora,COMPRESORES_AIRE
,,4,2025-12-16T21:41:38.5759694Z,2025-12-23T21:41:38.5759694Z,2025-12-17T05:00:00Z,1810,consumo_MedidorCentac_hora,COMPRESORES_AIRE
,,4,2025-12-16T21:41:38.5759694Z,2025-12-23T21:41:38.5759694Z,2025-12-17T05:30:00Z,1813,consumo_MedidorCentac_hora,COMPRESORES_AIRE
,,4,2025-12-16T21:41:38.5759694Z,2025-12-23T21:41:38.5759694Z,2025-12-17T06:00:00Z,1813,consumo_MedidorCentac_hora,COMPRESORES_AIRE
,,4,2025-12-16T21:41:38.5759694Z,2025-12-23T21:41:38.5759694Z,2025-12-17T06:30:00Z,1813,consumo_MedidorCentac_hora,COMPRESORES_AIRE
,,4,2025-12-16T21:41:38.5759694Z,2025-12-23T21:41:38.5759694Z,2025-12-17T07:00:00Z,1813,consumo_MedidorCentac_hora,COMPRESORES_AIRE
,,4,2025-12-16T21:41:38.5759694Z,2025-12-23T21:41:38.5759694Z,2025-12-17T07:30:00Z,3638,consumo_MedidorCentac_hora,COMPRESORES_AIRE
,,4,2025-12-16T21:41:38.5759694Z,2025-12-23T21:41:38.5759694Z,2025-12-17T08:00:00Z,3638,consumo_MedidorCentac_hora,COMPRESORES_AIRE
,,4,2025-12-16T21:41:38.5759694Z,2025-12-23T21:41:38.5759694Z,2025-12-17T08:30:00Z,1834,consumo_MedidorCentac_hora,COMPRESORES_AIRE
,,4,2025-12-16T21:41:38.5759694Z,2025-12-23T21:41:38.5759694Z,2025-12-17T09:00:00Z,1834,consumo_MedidorCentac_hora,COMPRESORES_AIRE
,,4,2025-12-16T21:41:38.5759694Z,2025-12-23T21:41:38.5759694Z,2025-12-17T09:30:00Z,1834,consumo_MedidorCentac_hora,COMPRESORES_AIRE
,,4,2025-12-16T21:41:38.5759694Z,2025-12-23T21:41:38.5759694Z,2025-12-17T10:00:00Z,1834,consumo_MedidorCentac_hora,COMPRESORES_AIRE
,,4,2025-12-16T21:41:38.5759694Z,2025-12-23T21:41:38.5759694Z,2025-12-17T10:30:00Z,1845,consumo_MedidorCentac_hora,COMPRESORES_AIRE
,,4,2025-12-16T21:41:38.5759694Z,2025-12-23T21:41:38.5759694Z,2025-12-17T11:00:00Z,1845,consumo_MedidorCentac_hora,COMPRESORES_AIRE
,,4,2025-12-16T21:41:38.5759694Z,2025-12-23T21:41:38.5759694Z,2025-12-17T11:30:00Z,1863,consumo_MedidorCentac_hora,COMPRESORES_AIRE
,,4,2025-12-16T21:41:38.5759694Z,2025-12-23T21:41:38.5759694Z,2025-12-17T12:00:00Z,1863,consumo_MedidorCentac_hora,COMPRESORES_AIRE
,,4,2025-12-16T21:41:38.5759694Z,2025-12-23T21:41:38.5759694Z,2025-12-17T12:30:00Z,1862,consumo_MedidorCentac_hora,COMPRESORES_AIRE
,,4,2025-12-16T21:41:38.5759694Z,2025-12-23T21:41:38.5759694Z,2025-12-17T13:00:00Z,1862,consumo_MedidorCentac_hora,COMPRESORES_AIRE
,,4,2025-12-16T21:41:38.5759694Z,2025-12-23T21:41:38.5759694Z,2025-12-17T13:30:00Z,1834,consumo_MedidorCentac_hora,COMPRESORES_AIRE
,,4,2025-12-16T21:41:38.5759694Z,2025-12-23T21:41:38.5759694Z,2025-12-17T14:00:00Z,1834,consumo_MedidorCentac_hora,COMPRESORES_AIRE
,,4,2025-12-16T21:41:38.5759694Z,2025-12-23T21:41:38.5759694Z,2025-12-17T14:30:00Z,1774,consumo_MedidorCentac_hora,COMPRESORES_AIRE
,,4,2025-12-16T21:41:38.5759694Z,2025-12-23T21:41:38.5759694Z,2025-12-17T15:00:00Z,1774,consumo_MedidorCentac_hora,COMPRESORES_AIRE
,,4,2025-12-16T21:41:38.5759694Z,2025-12-23T21:41:38.5759694Z,2025-12-18T21:30:00Z,0,consumo_MedidorCentac_hora,COMPRESORES_AIRE
,,4,2025-12-16T21:41:38.5759694Z,2025-12-23T21:41:38.5759694Z,2025-12-19T15:30:00Z,0,consumo_MedidorCentac_hora,COMPRESORES_AIRE
,,4,2025-12-16T21:41:38.5759694Z,2025-12-23T21:41:38.5759694Z,2025-12-19T16:00:00Z,0,consumo_MedidorCentac_hora,COMPRESORES_AIRE
,,4,2025-12-16T21:41:38.5759694Z,2025-12-23T21:41:38.5759694Z,2025-12-19T16:30:00Z,0,consumo_MedidorCentac_hora,COMPRESORES_AIRE
,,4,2025-12-16T21:41:38.5759694Z,2025-12-23T21:41:38.5759694Z,2025-12-19T17:00:00Z,0,consumo_MedidorCentac_hora,COMPRESORES_AIRE
,,4,2025-12-16T21:41:38.5759694Z,2025-12-23T21:41:38.5759694Z,2025-12-19T17:30:00Z,0,consumo_MedidorCentac_hora,COMPRESORES_AIRE
,,4,2025-12-16T21:41:38.5759694Z,2025-12-23T21:41:38.5759694Z,2025-12-19T18:00:00Z,0,consumo_MedidorCentac_hora,COMPRESORES_AIRE
,,4,2025-12-16T21:41:38.5759694Z,2025-12-23T21:41:38.5759694Z,2025-12-19T18:30:00Z,0,consumo_MedidorCentac_hora,COMPRESORES_AIRE
,,4,2025-12-16T21:41:38.5759694Z,2025-12-23T21:41:38.5759694Z,2025-12-19T19:00:00Z,0,consumo_MedidorCentac_hora,COMPRESORES_AIRE
,,4,2025-12-16T21:41:38.5759694Z,2025-12-23T21:41:38.5759694Z,2025-12-19T19:30:00Z,0,consumo_MedidorCentac_hora,COMPRESORES_AIRE
,,4,2025-12-16T21:41:38.5759694Z,2025-12-23T21:41:38.5759694Z,2025-12-19T20:00:00Z,0,consumo_MedidorCentac_hora,COMPRESORES_AIRE
,,4,2025-12-16T21:41:38.5759694Z,2025-12-23T21:41:38.5759694Z,2025-12-19T20:30:00Z,0,consumo_MedidorCentac_hora,COMPRESORES_AIRE
,,4,2025-12-16T21:41:38.5759694Z,2025-12-23T21:41:38.5759694Z,2025-12-19T21:00:00Z,0,consumo_MedidorCentac_hora,COMPRESORES_AIRE
,,4,2025-12-16T21:41:38.5759694Z,2025-12-23T21:41:38.5759694Z,2025-12-19T21:30:00Z,0,consumo_MedidorCentac_hora,COMPRESORES_AIRE
,,4,2025-12-16T21:41:38.5759694Z,2025-12-23T21:41:38.5759694Z,2025-12-19T22:00:00Z,0,consumo_MedidorCentac_hora,COMPRESORES_AIRE
,,4,2025-12-16T21:41:38.5759694Z,2025-12-23T21:41:38.5759694Z,2025-12-19T22:30:00Z,10612,consumo_MedidorCentac_hora,COMPRESORES_AIRE
,,4,2025-12-16T21:41:38.5759694Z,2025-12-23T21:41:38.5759694Z,2025-12-19T23:00:00Z,10612,consumo_MedidorCentac_hora,COMPRESORES_AIRE
,,4,2025-12-16T21:41:38.5759694Z,2025-12-23T21:41:38.5759694Z,2025-12-19T23:30:00Z,1698,consumo_MedidorCentac_hora,COMPRESORES_AIRE
,,4,2025-12-16T21:41:38.5759694Z,2025-12-23T21:41:38.5759694Z,2025-12-20T00:00:00Z,1698,consumo_MedidorCentac_hora,COMPRESORES_AIRE
,,4,2025-12-16T21:41:38.5759694Z,2025-12-23T21:41:38.5759694Z,2025-12-20T00:30:00Z,1715,consumo_MedidorCentac_hora,COMPRESORES_AIRE
,,4,2025-12-16T21:41:38.5759694Z,2025-12-23T21:41:38.5759694Z,2025-12-20T01:00:00Z,1715,consumo_MedidorCentac_hora,COMPRESORES_AIRE
,,4,2025-12-16T21:41:38.5759694Z,2025-12-23T21:41:38.5759694Z,2025-12-20T01:30:00Z,1766,consumo_MedidorCentac_hora,COMPRESORES_AIRE
,,4,2025-12-16T21:41:38.5759694Z,2025-12-23T21:41:38.5759694Z,2025-12-20T02:00:00Z,1766,consumo_MedidorCentac_hora,COMPRESORES_AIRE
,,4,2025-12-16T21:41:38.5759694Z,2025-12-23T21:41:38.5759694Z,2025-12-20T21:00:00Z,1766,consumo_MedidorCentac_hora,COMPRESORES_AIRE
,,4,2025-12-16T21:41:38.5759694Z,2025-12-23T21:41:38.5759694Z,2025-12-20T21:30:00Z,1766,consumo_MedidorCentac_hora,COMPRESORES_AIRE
,,4,2025-12-16T21:41:38.5759694Z,2025-12-23T21:41:38.5759694Z,2025-12-20T22:00:00Z,1766,consumo_MedidorCentac_hora,COMPRESORES_AIRE
,,4,2025-12-16T21:41:38.5759694Z,2025-12-23T21:41:38.5759694Z,2025-12-20T22:30:00Z,1766,consumo_MedidorCentac_hora,COMPRESORES_AIRE
,,4,2025-12-16T21:41:38.5759694Z,2025-12-23T21:41:38.5759694Z,2025-12-20T23:00:00Z,1766,consumo_MedidorCentac_hora,COMPRESORES_AIRE
,,4,2025-12-16T21:41:38.5759694Z,2025-12-23T21:41:38.5759694Z,2025-12-20T23:30:00Z,1766,consumo_MedidorCentac_hora,COMPRESORES_AIRE
,,4,2025-12-16T21:41:38.5759694Z,2025-12-23T21:41:38.5759694Z,2025-12-21T00:00:00Z,1766,consumo_MedidorCentac_hora,COMPRESORES_AIRE
,,4,2025-12-16T21:41:38.5759694Z,2025-12-23T21:41:38.5759694Z,2025-12-21T00:30:00Z,1766,consumo_MedidorCentac_hora,COMPRESORES_AIRE
,,4,2025-12-16T21:41:38.5759694Z,2025-12-23T21:41:38.5759694Z,2025-12-21T01:00:00Z,1766,consumo_MedidorCentac_hora,COMPRESORES_AIRE
,,4,2025-12-16T21:41:38.5759694Z,2025-12-23T21:41:38.5759694Z,2025-12-21T01:30:00Z,1766,consumo_MedidorCentac_hora,COMPRESORES_AIRE
,,4,2025-12-16T21:41:38.5759694Z,2025-12-23T21:41:38.5759694Z,2025-12-21T02:00:00Z,1766,consumo_MedidorCentac_hora,COMPRESORES_AIRE
,,4,2025-12-16T21:41:38.5759694Z,2025-12-23T21:41:38.5759694Z,2025-12-21T02:30:00Z,10004,consumo_MedidorCentac_hora,COMPRESORES_AIRE
,,4,2025-12-16T21:41:38.5759694Z,2025-12-23T21:41:38.5759694Z,2025-12-21T03:00:00Z,10004,consumo_MedidorCentac_hora,COMPRESORES_AIRE
,,4,2025-12-16T21:41:38.5759694Z,2025-12-23T21:41:38.5759694Z,2025-12-21T03:30:00Z,1786,consumo_MedidorCentac_hora,COMPRESORES_AIRE
,,4,2025-12-16T21:41:38.5759694Z,2025-12-23T21:41:38.5759694Z,2025-12-21T04:00:00Z,1786,consumo_MedidorCentac_hora,COMPRESORES_AIRE
,,4,2025-12-16T21:41:38.5759694Z,2025-12-23T21:41:38.5759694Z,2025-12-21T04:30:00Z,1791,consumo_MedidorCentac_hora,COMPRESORES_AIRE
,,4,2025-12-16T21:41:38.5759694Z,2025-12-23T21:41:38.5759694Z,2025-12-21T05:00:00Z,1791,consumo_MedidorCentac_hora,COMPRESORES_AIRE
,,4,2025-12-16T21:41:38.5759694Z,2025-12-23T21:41:38.5759694Z,2025-12-21T05:30:00Z,1814,consumo_MedidorCentac_hora,COMPRESORES_AIRE
,,4,2025-12-16T21:41:38.5759694Z,2025-12-23T21:41:38.5759694Z,2025-12-21T06:00:00Z,1814,consumo_MedidorCentac_hora,COMPRESORES_AIRE
,,4,2025-12-16T21:41:38.5759694Z,2025-12-23T21:41:38.5759694Z,2025-12-21T06:30:00Z,1814,consumo_MedidorCentac_hora,COMPRESORES_AIRE
,,4,2025-12-16T21:41:38.5759694Z,2025-12-23T21:41:38.5759694Z,2025-12-21T07:00:00Z,1814,consumo_MedidorCentac_hora,COMPRESORES_AIRE
,,4,2025-12-16T21:41:38.5759694Z,2025-12-23T21:41:38.5759694Z,2025-12-21T07:30:00Z,3630,consumo_MedidorCentac_hora,COMPRESORES_AIRE
,,4,2025-12-16T21:41:38.5759694Z,2025-12-23T21:41:38.5759694Z,2025-12-21T08:00:00Z,3630,consumo_MedidorCentac_hora,COMPRESORES_AIRE
,,4,2025-12-16T21:41:38.5759694Z,2025-12-23T21:41:38.5759694Z,2025-12-21T08:30:00Z,1842,consumo_MedidorCentac_hora,COMPRESORES_AIRE
,,4,2025-12-16T21:41:38.5759694Z,2025-12-23T21:41:38.5759694Z,2025-12-21T09:00:00Z,1842,consumo_MedidorCentac_hora,COMPRESORES_AIRE
,,4,2025-12-16T21:41:38.5759694Z,2025-12-23T21:41:38.5759694Z,2025-12-21T09:30:00Z,1850,consumo_MedidorCentac_hora,COMPRESORES_AIRE
,,4,2025-12-16T21:41:38.5759694Z,2025-12-23T21:41:38.5759694Z,2025-12-21T10:00:00Z,1850,consumo_MedidorCentac_hora,COMPRESORES_AIRE
,,4,2025-12-16T21:41:38.5759694Z,2025-12-23T21:41:38.5759694Z,2025-12-21T10:30:00Z,1856,consumo_MedidorCentac_hora,COMPRESORES_AIRE
,,4,2025-12-16T21:41:38.5759694Z,2025-12-23T21:41:38.5759694Z,2025-12-21T11:00:00Z,1856,consumo_MedidorCentac_hora,COMPRESORES_AIRE
,,4,2025-12-16T21:41:38.5759694Z,2025-12-23T21:41:38.5759694Z,2025-12-21T11:30:00Z,1890,consumo_MedidorCentac_hora,COMPRESORES_AIRE
,,4,2025-12-16T21:41:38.5759694Z,2025-12-23T21:41:38.5759694Z,2025-12-21T12:00:00Z,1890,consumo_MedidorCentac_hora,COMPRESORES_AIRE
,,4,2025-12-16T21:41:38.5759694Z,2025-12-23T21:41:38.5759694Z,2025-12-21T12:30:00Z,1895,consumo_MedidorCentac_hora,COMPRESORES_AIRE
,,4,2025-12-16T21:41:38.5759694Z,2025-12-23T21:41:38.5759694Z,2025-12-21T13:00:00Z,1895,consumo_MedidorCentac_hora,COMPRESORES_AIRE
,,4,2025-12-16T21:41:38.5759694Z,2025-12-23T21:41:38.5759694Z,2025-12-21T13:30:00Z,1880,consumo_MedidorCentac_hora,COMPRESORES_AIRE
,,4,2025-12-16T21:41:38.5759694Z,2025-12-23T21:41:38.5759694Z,2025-12-21T14:00:00Z,1880,consumo_MedidorCentac_hora,COMPRESORES_AIRE
,,4,2025-12-16T21:41:38.5759694Z,2025-12-23T21:41:38.5759694Z,2025-12-21T14:30:00Z,1852,consumo_MedidorCentac_hora,COMPRESORES_AIRE
,,4,2025-12-16T21:41:38.5759694Z,2025-12-23T21:41:38.5759694Z,2025-12-21T15:00:00Z,1852,consumo_MedidorCentac_hora,COMPRESORES_AIRE
,,4,2025-12-16T21:41:38.5759694Z,2025-12-23T21:41:38.5759694Z,2025-12-21T15:30:00Z,1821,consumo_MedidorCentac_hora,COMPRESORES_AIRE
,,4,2025-12-16T21:41:38.5759694Z,2025-12-23T21:41:38.5759694Z,2025-12-21T20:30:00Z,606,consumo_MedidorCentac_hora,COMPRESORES_AIRE
,,4,2025-12-16T21:41:38.5759694Z,2025-12-23T21:41:38.5759694Z,2025-12-21T21:00:00Z,606,consumo_MedidorCentac_hora,COMPRESORES_AIRE
,,4,2025-12-16T21:41:38.5759694Z,2025-12-23T21:41:38.5759694Z,2025-12-21T21:30:00Z,1600,consumo_MedidorCentac_hora,COMPRESORES_AIRE
,,4,2025-12-16T21:41:38.5759694Z,2025-12-23T21:41:38.5759694Z,2025-12-21T22:00:00Z,1600,consumo_MedidorCentac_hora,COMPRESORES_AIRE
,,4,2025-12-16T21:41:38.5759694Z,2025-12-23T21:41:38.5759694Z,2025-12-21T22:30:00Z,1735,consumo_MedidorCentac_hora,COMPRESORES_AIRE
,,4,2025-12-16T21:41:38.5759694Z,2025-12-23T21:41:38.5759694Z,2025-12-21T23:00:00Z,1735,consumo_MedidorCentac_hora,COMPRESORES_AIRE
,,4,2025-12-16T21:41:38.5759694Z,2025-12-23T21:41:38.5759694Z,2025-12-21T23:30:00Z,1778,consumo_MedidorCentac_hora,COMPRESORES_AIRE
,,4,2025-12-16T21:41:38.5759694Z,2025-12-23T21:41:38.5759694Z,2025-12-22T00:00:00Z,1778,consumo_MedidorCentac_hora,COMPRESORES_AIRE
,,4,2025-12-16T21:41:38.5759694Z,2025-12-23T21:41:38.5759694Z,2025-12-22T00:30:00Z,1814,consumo_MedidorCentac_hora,COMPRESORES_AIRE
,,4,2025-12-16T21:41:38.5759694Z,2025-12-23T21:41:38.5759694Z,2025-12-22T01:00:00Z,1814,consumo_MedidorCentac_hora,COMPRESORES_AIRE
,,4,2025-12-16T21:41:38.5759694Z,2025-12-23T21:41:38.5759694Z,2025-12-22T01:30:00Z,1802,consumo_MedidorCentac_hora,COMPRESORES_AIRE
,,4,2025-12-16T21:41:38.5759694Z,2025-12-23T21:41:38.5759694Z,2025-12-22T02:00:00Z,1802,consumo_MedidorCentac_hora,COMPRESORES_AIRE
,,4,2025-12-16T21:41:38.5759694Z,2025-12-23T21:41:38.5759694Z,2025-12-22T02:30:00Z,1813,consumo_MedidorCentac_hora,COMPRESORES_AIRE
,,4,2025-12-16T21:41:38.5759694Z,2025-12-23T21:41:38.5759694Z,2025-12-22T03:00:00Z,1813,consumo_MedidorCentac_hora,COMPRESORES_AIRE
,,4,2025-12-16T21:41:38.5759694Z,2025-12-23T21:41:38.5759694Z,2025-12-22T03:30:00Z,1804,consumo_MedidorCentac_hora,COMPRESORES_AIRE
,,4,2025-12-16T21:41:38.5759694Z,2025-12-23T21:41:38.5759694Z,2025-12-22T04:00:00Z,1804,consumo_MedidorCentac_hora,COMPRESORES_AIRE
,,4,2025-12-16T21:41:38.5759694Z,2025-12-23T21:41:38.5759694Z,2025-12-22T04:30:00Z,1792,consumo_MedidorCentac_hora,COMPRESORES_AIRE
,,4,2025-12-16T21:41:38.5759694Z,2025-12-23T21:41:38.5759694Z,2025-12-22T05:00:00Z,1792,consumo_MedidorCentac_hora,COMPRESORES_AIRE
,,4,2025-12-16T21:41:38.5759694Z,2025-12-23T21:41:38.5759694Z,2025-12-22T05:30:00Z,1797,consumo_MedidorCentac_hora,COMPRESORES_AIRE
,,4,2025-12-16T21:41:38.5759694Z,2025-12-23T21:41:38.5759694Z,2025-12-22T06:00:00Z,1797,consumo_MedidorCentac_hora,COMPRESORES_AIRE
,,4,2025-12-16T21:41:38.5759694Z,2025-12-23T21:41:38.5759694Z,2025-12-22T06:30:00Z,1797,consumo_MedidorCentac_hora,COMPRESORES_AIRE
,,4,2025-12-16T21:41:38.5759694Z,2025-12-23T21:41:38.5759694Z,2025-12-22T07:00:00Z,1797,consumo_MedidorCentac_hora,COMPRESORES_AIRE
,,4,2025-12-16T21:41:38.5759694Z,2025-12-23T21:41:38.5759694Z,2025-12-22T07:30:00Z,3612,consumo_MedidorCentac_hora,COMPRESORES_AIRE
,,4,2025-12-16T21:41:38.5759694Z,2025-12-23T21:41:38.5759694Z,2025-12-22T08:00:00Z,3612,consumo_MedidorCentac_hora,COMPRESORES_AIRE
,,4,2025-12-16T21:41:38.5759694Z,2025-12-23T21:41:38.5759694Z,2025-12-22T08:30:00Z,1820,consumo_MedidorCentac_hora,COMPRESORES_AIRE
,,4,2025-12-16T21:41:38.5759694Z,2025-12-23T21:41:38.5759694Z,2025-12-22T09:00:00Z,1820,consumo_MedidorCentac_hora,COMPRESORES_AIRE
,,4,2025-12-16T21:41:38.5759694Z,2025-12-23T21:41:38.5759694Z,2025-12-22T09:30:00Z,1833,consumo_MedidorCentac_hora,COMPRESORES_AIRE
,,4,2025-12-16T21:41:38.5759694Z,2025-12-23T21:41:38.5759694Z,2025-12-22T10:00:00Z,1833,consumo_MedidorCentac_hora,COMPRESORES_AIRE
,,4,2025-12-16T21:41:38.5759694Z,2025-12-23T21:41:38.5759694Z,2025-12-22T10:30:00Z,1839,consumo_MedidorCentac_hora,COMPRESORES_AIRE
,,4,2025-12-16T21:41:38.5759694Z,2025-12-23T21:41:38.5759694Z,2025-12-22T11:00:00Z,1839,consumo_MedidorCentac_hora,COMPRESORES_AIRE
,,4,2025-12-16T21:41:38.5759694Z,2025-12-23T21:41:38.5759694Z,2025-12-22T11:30:00Z,1821,consumo_MedidorCentac_hora,COMPRESORES_AIRE
,,4,2025-12-16T21:41:38.5759694Z,2025-12-23T21:41:38.5759694Z,2025-12-22T12:00:00Z,1821,consumo_MedidorCentac_hora,COMPRESORES_AIRE
,,4,2025-12-16T21:41:38.5759694Z,2025-12-23T21:41:38.5759694Z,2025-12-22T12:30:00Z,1822,consumo_MedidorCentac_hora,COMPRESORES_AIRE
,,4,2025-12-16T21:41:38.5759694Z,2025-12-23T21:41:38.5759694Z,2025-12-22T13:00:00Z,1822,consumo_MedidorCentac_hora,COMPRESORES_AIRE
,,4,2025-12-16T21:41:38.5759694Z,2025-12-23T21:41:38.5759694Z,2025-12-22T13:30:00Z,1791,consumo_MedidorCentac_hora,COMPRESORES_AIRE
,,4,2025-12-16T21:41:38.5759694Z,2025-12-23T21:41:38.5759694Z,2025-12-22T14:00:00Z,1791,consumo_MedidorCentac_hora,COMPRESORES_AIRE
,,4,2025-12-16T21:41:38.5759694Z,2025-12-23T21:41:38.5759694Z,2025-12-22T14:30:00Z,1752,consumo_MedidorCentac_hora,COMPRESORES_AIRE
,,4,2025-12-16T21:41:38.5759694Z,2025-12-23T21:41:38.5759694Z,2025-12-22T15:00:00Z,1752,consumo_MedidorCentac_hora,COMPRESORES_AIRE
,,4,2025-12-16T21:41:38.5759694Z,2025-12-23T21:41:38.5759694Z,2025-12-22T15:30:00Z,1616,consumo_MedidorCentac_hora,COMPRESORES_AIRE
,,4,2025-12-16T21:41:38.5759694Z,2025-12-23T21:41:38.5759694Z,2025-12-22T16:00:00Z,1616,consumo_MedidorCentac_hora,COMPRESORES_AIRE
,,4,2025-12-16T21:41:38.5759694Z,2025-12-23T21:41:38.5759694Z,2025-12-22T16:30:00Z,1656,consumo_MedidorCentac_hora,COMPRESORES_AIRE
,,4,2025-12-16T21:41:38.5759694Z,2025-12-23T21:41:38.5759694Z,2025-12-22T17:00:00Z,1656,consumo_MedidorCentac_hora,COMPRESORES_AIRE
,,4,2025-12-16T21:41:38.5759694Z,2025-12-23T21:41:38.5759694Z,2025-12-22T17:30:00Z,1665,consumo_MedidorCentac_hora,COMPRESORES_AIRE
,,4,2025-12-16T21:41:38.5759694Z,2025-12-23T21:41:38.5759694Z,2025-12-22T18:00:00Z,1665,consumo_MedidorCentac_hora,COMPRESORES_AIRE
,,4,2025-12-16T21:41:38.5759694Z,2025-12-23T21:41:38.5759694Z,2025-12-22T18:30:00Z,1675,consumo_MedidorCentac_hora,COMPRESORES_AIRE
,,4,2025-12-16T21:41:38.5759694Z,2025-12-23T21:41:38.5759694Z,2025-12-22T19:00:00Z,1675,consumo_MedidorCentac_hora,COMPRESORES_AIRE
,,4,2025-12-16T21:41:38.5759694Z,2025-12-23T21:41:38.5759694Z,2025-12-22T19:30:00Z,1657,consumo_MedidorCentac_hora,COMPRESORES_AIRE
,,4,2025-12-16T21:41:38.5759694Z,2025-12-23T21:41:38.5759694Z,2025-12-22T20:00:00Z,1657,consumo_MedidorCentac_hora,COMPRESORES_AIRE
,,4,2025-12-16T21:41:38.5759694Z,2025-12-23T21:41:38.5759694Z,2025-12-22T20:30:00Z,1682,consumo_MedidorCentac_hora,COMPRESORES_AIRE
,,4,2025-12-16T21:41:38.5759694Z,2025-12-23T21:41:38.5759694Z,2025-12-22T21:00:00Z,1682,consumo_MedidorCentac_hora,COMPRESORES_AIRE
,,4,2025-12-16T21:41:38.5759694Z,2025-12-23T21:41:38.5759694Z,2025-12-22T21:30:00Z,1658,consumo_MedidorCentac_hora,COMPRESORES_AIRE
,,4,2025-12-16T21:41:38.5759694Z,2025-12-23T21:41:38.5759694Z,2025-12-22T22:00:00Z,1658,consumo_MedidorCentac_hora,COMPRESORES_AIRE
,,4,2025-12-16T21:41:38.5759694Z,2025-12-23T21:41:38.5759694Z,2025-12-22T22:30:00Z,1670,consumo_MedidorCentac_hora,COMPRESORES_AIRE
,,4,2025-12-16T21:41:38.5759694Z,2025-12-23T21:41:38.5759694Z,2025-12-22T23:00:00Z,1670,consumo_MedidorCentac_hora,COMPRESORES_AIRE
,,4,2025-12-16T21:41:38.5759694Z,2025-12-23T21:41:38.5759694Z,2025-12-22T23:30:00Z,1727,consumo_MedidorCentac_hora,COMPRESORES_AIRE
,,4,2025-12-16T21:41:38.5759694Z,2025-12-23T21:41:38.5759694Z,2025-12-23T00:00:00Z,1727,consumo_MedidorCentac_hora,COMPRESORES_AIRE
,,4,2025-12-16T21:41:38.5759694Z,2025-12-23T21:41:38.5759694Z,2025-12-23T00:30:00Z,1321,consumo_MedidorCentac_hora,COMPRESORES_AIRE
,,4,2025-12-16T21:41:38.5759694Z,2025-12-23T21:41:38.5759694Z,2025-12-23T01:00:00Z,1321,consumo_MedidorCentac_hora,COMPRESORES_AIRE
,,4,2025-12-16T21:41:38.5759694Z,2025-12-23T21:41:38.5759694Z,2025-12-23T01:30:00Z,1648,consumo_MedidorCentac_hora,COMPRESORES_AIRE
,,4,2025-12-16T21:41:38.5759694Z,2025-12-23T21:41:38.5759694Z,2025-12-23T02:00:00Z,1648,consumo_MedidorCentac_hora,COMPRESORES_AIRE
,,4,2025-12-16T21:41:38.5759694Z,2025-12-23T21:41:38.5759694Z,2025-12-23T02:30:00Z,1722,consumo_MedidorCentac_hora,COMPRESORES_AIRE
,,4,2025-12-16T21:41:38.5759694Z,2025-12-23T21:41:38.5759694Z,2025-12-23T03:00:00Z,1722,consumo_MedidorCentac_hora,COMPRESORES_AIRE
,,4,2025-12-16T21:41:38.5759694Z,2025-12-23T21:41:38.5759694Z,2025-12-23T03:30:00Z,1646,consumo_MedidorCentac_hora,COMPRESORES_AIRE
,,4,2025-12-16T21:41:38.5759694Z,2025-12-23T21:41:38.5759694Z,2025-12-23T04:00:00Z,1646,consumo_MedidorCentac_hora,COMPRESORES_AIRE
,,4,2025-12-16T21:41:38.5759694Z,2025-12-23T21:41:38.5759694Z,2025-12-23T04:30:00Z,1777,consumo_MedidorCentac_hora,COMPRESORES_AIRE
,,4,2025-12-16T21:41:38.5759694Z,2025-12-23T21:41:38.5759694Z,2025-12-23T05:00:00Z,1777,consumo_MedidorCentac_hora,COMPRESORES_AIRE
,,4,2025-12-16T21:41:38.5759694Z,2025-12-23T21:41:38.5759694Z,2025-12-23T05:30:00Z,1738,consumo_MedidorCentac_hora,COMPRESORES_AIRE
,,4,2025-12-16T21:41:38.5759694Z,2025-12-23T21:41:38.5759694Z,2025-12-23T06:00:00Z,1738,consumo_MedidorCentac_hora,COMPRESORES_AIRE
,,4,2025-12-16T21:41:38.5759694Z,2025-12-23T21:41:38.5759694Z,2025-12-23T06:30:00Z,1738,consumo_MedidorCentac_hora,COMPRESORES_AIRE
,,4,2025-12-16T21:41:38.5759694Z,2025-12-23T21:41:38.5759694Z,2025-12-23T07:00:00Z,1738,consumo_MedidorCentac_hora,COMPRESORES_AIRE
,,4,2025-12-16T21:41:38.5759694Z,2025-12-23T21:41:38.5759694Z,2025-12-23T07:30:00Z,3408,consumo_MedidorCentac_hora,COMPRESORES_AIRE
,,4,2025-12-16T21:41:38.5759694Z,2025-12-23T21:41:38.5759694Z,2025-12-23T08:00:00Z,3408,consumo_MedidorCentac_hora,COMPRESORES_AIRE
,,4,2025-12-16T21:41:38.5759694Z,2025-12-23T21:41:38.5759694Z,2025-12-23T08:30:00Z,1703,consumo_MedidorCentac_hora,COMPRESORES_AIRE
,,4,2025-12-16T21:41:38.5759694Z,2025-12-23T21:41:38.5759694Z,2025-12-23T09:00:00Z,1703,consumo_MedidorCentac_hora,COMPRESORES_AIRE
,,4,2025-12-16T21:41:38.5759694Z,2025-12-23T21:41:38.5759694Z,2025-12-23T09:30:00Z,1793,consumo_MedidorCentac_hora,COMPRESORES_AIRE
,,4,2025-12-16T21:41:38.5759694Z,2025-12-23T21:41:38.5759694Z,2025-12-23T10:00:00Z,1793,consumo_MedidorCentac_hora,COMPRESORES_AIRE
,,4,2025-12-16T21:41:38.5759694Z,2025-12-23T21:41:38.5759694Z,2025-12-23T10:30:00Z,1732,consumo_MedidorCentac_hora,COMPRESORES_AIRE
,,4,2025-12-16T21:41:38.5759694Z,2025-12-23T21:41:38.5759694Z,2025-12-23T11:00:00Z,1732,consumo_MedidorCentac_hora,COMPRESORES_AIRE
,,4,2025-12-16T21:41:38.5759694Z,2025-12-23T21:41:38.5759694Z,2025-12-23T11:30:00Z,1749,consumo_MedidorCentac_hora,COMPRESORES_AIRE
,,4,2025-12-16T21:41:38.5759694Z,2025-12-23T21:41:38.5759694Z,2025-12-23T12:00:00Z,1749,consumo_MedidorCentac_hora,COMPRESORES_AIRE
,,4,2025-12-16T21:41:38.5759694Z,2025-12-23T21:41:38.5759694Z,2025-12-23T12:30:00Z,1735,consumo_MedidorCentac_hora,COMPRESORES_AIRE
,,4,2025-12-16T21:41:38.5759694Z,2025-12-23T21:41:38.5759694Z,2025-12-23T13:00:00Z,1735,consumo_MedidorCentac_hora,COMPRESORES_AIRE
,,4,2025-12-16T21:41:38.5759694Z,2025-12-23T21:41:38.5759694Z,2025-12-23T13:30:00Z,1794,consumo_MedidorCentac_hora,COMPRESORES_AIRE
,,4,2025-12-16T21:41:38.5759694Z,2025-12-23T21:41:38.5759694Z,2025-12-23T14:00:00Z,1794,consumo_MedidorCentac_hora,COMPRESORES_AIRE
,,4,2025-12-16T21:41:38.5759694Z,2025-12-23T21:41:38.5759694Z,2025-12-23T14:30:00Z,1661,consumo_MedidorCentac_hora,COMPRESORES_AIRE
,,4,2025-12-16T21:41:38.5759694Z,2025-12-23T21:41:38.5759694Z,2025-12-23T15:00:00Z,1661,consumo_MedidorCentac_hora,COMPRESORES_AIRE
,,4,2025-12-16T21:41:38.5759694Z,2025-12-23T21:41:38.5759694Z,2025-12-23T15:30:00Z,1657,consumo_MedidorCentac_hora,COMPRESORES_AIRE
,,4,2025-12-16T21:41:38.5759694Z,2025-12-23T21:41:38.5759694Z,2025-12-23T16:00:00Z,1657,consumo_MedidorCentac_hora,COMPRESORES_AIRE
,,4,2025-12-16T21:41:38.5759694Z,2025-12-23T21:41:38.5759694Z,2025-12-23T16:30:00Z,1520,consumo_MedidorCentac_hora,COMPRESORES_AIRE
,,4,2025-12-16T21:41:38.5759694Z,2025-12-23T21:41:38.5759694Z,2025-12-23T17:00:00Z,1520,consumo_MedidorCentac_hora,COMPRESORES_AIRE
,,4,2025-12-16T21:41:38.5759694Z,2025-12-23T21:41:38.5759694Z,2025-12-23T17:30:00Z,1295,consumo_MedidorCentac_hora,COMPRESORES_AIRE
,,4,2025-12-16T21:41:38.5759694Z,2025-12-23T21:41:38.5759694Z,2025-12-23T18:00:00Z,1295,consumo_MedidorCentac_hora,COMPRESORES_AIRE
,,4,2025-12-16T21:41:38.5759694Z,2025-12-23T21:41:38.5759694Z,2025-12-23T18:30:00Z,1313,consumo_MedidorCentac_hora,COMPRESORES_AIRE
,,4,2025-12-16T21:41:38.5759694Z,2025-12-23T21:41:38.5759694Z,2025-12-23T19:00:00Z,1313,consumo_MedidorCentac_hora,COMPRESORES_AIRE
,,4,2025-12-16T21:41:38.5759694Z,2025-12-23T21:41:38.5759694Z,2025-12-23T19:30:00Z,1325,consumo_MedidorCentac_hora,COMPRESORES_AIRE
,,4,2025-12-16T21:41:38.5759694Z,2025-12-23T21:41:38.5759694Z,2025-12-23T20:00:00Z,1325,consumo_MedidorCentac_hora,COMPRESORES_AIRE
,,4,2025-12-16T21:41:38.5759694Z,2025-12-23T21:41:38.5759694Z,2025-12-23T20:30:00Z,1543,consumo_MedidorCentac_hora,COMPRESORES_AIRE
,,4,2025-12-16T21:41:38.5759694Z,2025-12-23T21:41:38.5759694Z,2025-12-23T21:00:00Z,1543,consumo_MedidorCentac_hora,COMPRESORES_AIRE
,,4,2025-12-16T21:41:38.5759694Z,2025-12-23T21:41:38.5759694Z,2025-12-23T21:30:00Z,1496,consumo_MedidorCentac_hora,COMPRESORES_AIRE
,,4,2025-12-16T21:41:38.5759694Z,2025-12-23T21:41:38.5759694Z,2025-12-23T21:41:38.5759694Z,1496,consumo_MedidorCentac_hora,COMPRESORES_AIRE
,,5,2025-12-16T21:41:38.5759694Z,2025-12-23T21:41:38.5759694Z,2025-12-16T22:00:00Z,28,consumo_MedidorCentac_minuto,COMPRESORES_AIRE
,,5,2025-12-16T21:41:38.5759694Z,2025-12-23T21:41:38.5759694Z,2025-12-16T22:30:00Z,24,consumo_MedidorCentac_minuto,COMPRESORES_AIRE
,,5,2025-12-16T21:41:38.5759694Z,2025-12-23T21:41:38.5759694Z,2025-12-16T23:00:00Z,24,consumo_MedidorCentac_minuto,COMPRESORES_AIRE
,,5,2025-12-16T21:41:38.5759694Z,2025-12-23T21:41:38.5759694Z,2025-12-16T23:30:00Z,28,consumo_MedidorCentac_minuto,COMPRESORES_AIRE
,,5,2025-12-16T21:41:38.5759694Z,2025-12-23T21:41:38.5759694Z,2025-12-17T00:00:00Z,28,consumo_MedidorCentac_minuto,COMPRESORES_AIRE
,,5,2025-12-16T21:41:38.5759694Z,2025-12-23T21:41:38.5759694Z,2025-12-17T00:30:00Z,28,consumo_MedidorCentac_minuto,COMPRESORES_AIRE
,,5,2025-12-16T21:41:38.5759694Z,2025-12-23T21:41:38.5759694Z,2025-12-17T01:00:00Z,25,consumo_MedidorCentac_minuto,COMPRESORES_AIRE
,,5,2025-12-16T21:41:38.5759694Z,2025-12-23T21:41:38.5759694Z,2025-12-17T01:30:00Z,24,consumo_MedidorCentac_minuto,COMPRESORES_AIRE
,,5,2025-12-16T21:41:38.5759694Z,2025-12-23T21:41:38.5759694Z,2025-12-17T02:00:00Z,29,consumo_MedidorCentac_minuto,COMPRESORES_AIRE
,,5,2025-12-16T21:41:38.5759694Z,2025-12-23T21:41:38.5759694Z,2025-12-17T02:30:00Z,29,consumo_MedidorCentac_minuto,COMPRESORES_AIRE
,,5,2025-12-16T21:41:38.5759694Z,2025-12-23T21:41:38.5759694Z,2025-12-17T03:00:00Z,24,consumo_MedidorCentac_minuto,COMPRESORES_AIRE
,,5,2025-12-16T21:41:38.5759694Z,2025-12-23T21:41:38.5759694Z,2025-12-17T03:30:00Z,24,consumo_MedidorCentac_minuto,COMPRESORES_AIRE
,,5,2025-12-16T21:41:38.5759694Z,2025-12-23T21:41:38.5759694Z,2025-12-17T04:00:00Z,24,consumo_MedidorCentac_minuto,COMPRESORES_AIRE
,,5,2025-12-16T21:41:38.5759694Z,2025-12-23T21:41:38.5759694Z,2025-12-17T04:30:00Z,29,consumo_MedidorCentac_minuto,COMPRESORES_AIRE
,,5,2025-12-16T21:41:38.5759694Z,2025-12-23T21:41:38.5759694Z,2025-12-17T05:00:00Z,28,consumo_MedidorCentac_minuto,COMPRESORES_AIRE
,,5,2025-12-16T21:41:38.5759694Z,2025-12-23T21:41:38.5759694Z,2025-12-17T05:30:00Z,24,consumo_MedidorCentac_minuto,COMPRESORES_AIRE
,,5,2025-12-16T21:41:38.5759694Z,2025-12-23T21:41:38.5759694Z,2025-12-17T06:00:00Z,25,consumo_MedidorCentac_minuto,COMPRESORES_AIRE
,,5,2025-12-16T21:41:38.5759694Z,2025-12-23T21:41:38.5759694Z,2025-12-17T06:30:00Z,28,consumo_MedidorCentac_minuto,COMPRESORES_AIRE
,,5,2025-12-16T21:41:38.5759694Z,2025-12-23T21:41:38.5759694Z,2025-12-17T07:00:00Z,28,consumo_MedidorCentac_minuto,COMPRESORES_AIRE
,,5,2025-12-16T21:41:38.5759694Z,2025-12-23T21:41:38.5759694Z,2025-12-17T07:30:00Z,24,consumo_MedidorCentac_minuto,COMPRESORES_AIRE
,,5,2025-12-16T21:41:38.5759694Z,2025-12-23T21:41:38.5759694Z,2025-12-17T08:00:00Z,25,consumo_MedidorCentac_minuto,COMPRESORES_AIRE
,,5,2025-12-16T21:41:38.5759694Z,2025-12-23T21:41:38.5759694Z,2025-12-17T08:30:00Z,28,consumo_MedidorCentac_minuto,COMPRESORES_AIRE
,,5,2025-12-16T21:41:38.5759694Z,2025-12-23T21:41:38.5759694Z,2025-12-17T09:00:00Z,29,consumo_MedidorCentac_minuto,COMPRESORES_AIRE
,,5,2025-12-16T21:41:38.5759694Z,2025-12-23T21:41:38.5759694Z,2025-12-17T09:30:00Z,25,consumo_MedidorCentac_minuto,COMPRESORES_AIRE
,,5,2025-12-16T21:41:38.5759694Z,2025-12-23T21:41:38.5759694Z,2025-12-17T10:00:00Z,25,consumo_MedidorCentac_minuto,COMPRESORES_AIRE
,,5,2025-12-16T21:41:38.5759694Z,2025-12-23T21:41:38.5759694Z,2025-12-17T10:30:00Z,25,consumo_MedidorCentac_minuto,COMPRESORES_AIRE
,,5,2025-12-16T21:41:38.5759694Z,2025-12-23T21:41:38.5759694Z,2025-12-17T11:00:00Z,28,consumo_MedidorCentac_minuto,COMPRESORES_AIRE
,,5,2025-12-16T21:41:38.5759694Z,2025-12-23T21:41:38.5759694Z,2025-12-17T11:30:00Z,29,consumo_MedidorCentac_minuto,COMPRESORES_AIRE
,,5,2025-12-16T21:41:38.5759694Z,2025-12-23T21:41:38.5759694Z,2025-12-17T12:00:00Z,25,consumo_MedidorCentac_minuto,COMPRESORES_AIRE
,,5,2025-12-16T21:41:38.5759694Z,2025-12-23T21:41:38.5759694Z,2025-12-17T12:30:00Z,25,consumo_MedidorCentac_minuto,COMPRESORES_AIRE
,,5,2025-12-16T21:41:38.5759694Z,2025-12-23T21:41:38.5759694Z,2025-12-17T13:00:00Z,28,consumo_MedidorCentac_minuto,COMPRESORES_AIRE
,,5,2025-12-16T21:41:38.5759694Z,2025-12-23T21:41:38.5759694Z,2025-12-17T13:30:00Z,28,consumo_MedidorCentac_minuto,COMPRESORES_AIRE
,,5,2025-12-16T21:41:38.5759694Z,2025-12-23T21:41:38.5759694Z,2025-12-17T14:00:00Z,28,consumo_MedidorCentac_minuto,COMPRESORES_AIRE
,,5,2025-12-16T21:41:38.5759694Z,2025-12-23T21:41:38.5759694Z,2025-12-17T14:30:00Z,23,consumo_MedidorCentac_minuto,COMPRESORES_AIRE
,,5,2025-12-16T21:41:38.5759694Z,2025-12-23T21:41:38.5759694Z,2025-12-17T15:00:00Z,4,consumo_MedidorCentac_minuto,COMPRESORES_AIRE
,,5,2025-12-16T21:41:38.5759694Z,2025-12-23T21:41:38.5759694Z,2025-12-18T21:30:00Z,0,consumo_MedidorCentac_minuto,COMPRESORES_AIRE
,,5,2025-12-16T21:41:38.5759694Z,2025-12-23T21:41:38.5759694Z,2025-12-19T15:30:00Z,23,consumo_MedidorCentac_minuto,COMPRESORES_AIRE
,,5,2025-12-16T21:41:38.5759694Z,2025-12-23T21:41:38.5759694Z,2025-12-19T16:00:00Z,18,consumo_MedidorCentac_minuto,COMPRESORES_AIRE
,,5,2025-12-16T21:41:38.5759694Z,2025-12-23T21:41:38.5759694Z,2025-12-19T16:30:00Z,430,consumo_MedidorCentac_minuto,COMPRESORES_AIRE
,,5,2025-12-16T21:41:38.5759694Z,2025-12-23T21:41:38.5759694Z,2025-12-19T17:00:00Z,26,consumo_MedidorCentac_minuto,COMPRESORES_AIRE
,,5,2025-12-16T21:41:38.5759694Z,2025-12-23T21:41:38.5759694Z,2025-12-19T17:30:00Z,23,consumo_MedidorCentac_minuto,COMPRESORES_AIRE
,,5,2025-12-16T21:41:38.5759694Z,2025-12-23T21:41:38.5759694Z,2025-12-19T18:00:00Z,23,consumo_MedidorCentac_minuto,COMPRESORES_AIRE
,,5,2025-12-16T21:41:38.5759694Z,2025-12-23T21:41:38.5759694Z,2025-12-19T18:30:00Z,26,consumo_MedidorCentac_minuto,COMPRESORES_AIRE
,,5,2025-12-16T21:41:38.5759694Z,2025-12-23T21:41:38.5759694Z,2025-12-19T19:00:00Z,26,consumo_MedidorCentac_minuto,COMPRESORES_AIRE
,,5,2025-12-16T21:41:38.5759694Z,2025-12-23T21:41:38.5759694Z,2025-12-19T19:30:00Z,25,consumo_MedidorCentac_minuto,COMPRESORES_AIRE
,,5,2025-12-16T21:41:38.5759694Z,2025-12-23T21:41:38.5759694Z,2025-12-19T20:00:00Z,23,consumo_MedidorCentac_minuto,COMPRESORES_AIRE
,,5,2025-12-16T21:41:38.5759694Z,2025-12-23T21:41:38.5759694Z,2025-12-19T20:30:00Z,22,consumo_MedidorCentac_minuto,COMPRESORES_AIRE
,,5,2025-12-16T21:41:38.5759694Z,2025-12-23T21:41:38.5759694Z,2025-12-19T21:00:00Z,26,consumo_MedidorCentac_minuto,COMPRESORES_AIRE
,,5,2025-12-16T21:41:38.5759694Z,2025-12-23T21:41:38.5759694Z,2025-12-19T21:30:00Z,26,consumo_MedidorCentac_minuto,COMPRESORES_AIRE
,,5,2025-12-16T21:41:38.5759694Z,2025-12-23T21:41:38.5759694Z,2025-12-19T22:00:00Z,22,consumo_MedidorCentac_minuto,COMPRESORES_AIRE
,,5,2025-12-16T21:41:38.5759694Z,2025-12-23T21:41:38.5759694Z,2025-12-19T22:30:00Z,23,consumo_MedidorCentac_minuto,COMPRESORES_AIRE
,,5,2025-12-16T21:41:38.5759694Z,2025-12-23T21:41:38.5759694Z,2025-12-19T23:00:00Z,22,consumo_MedidorCentac_minuto,COMPRESORES_AIRE
,,5,2025-12-16T21:41:38.5759694Z,2025-12-23T21:41:38.5759694Z,2025-12-19T23:30:00Z,27,consumo_MedidorCentac_minuto,COMPRESORES_AIRE
,,5,2025-12-16T21:41:38.5759694Z,2025-12-23T21:41:38.5759694Z,2025-12-20T00:00:00Z,28,consumo_MedidorCentac_minuto,COMPRESORES_AIRE
,,5,2025-12-16T21:41:38.5759694Z,2025-12-23T21:41:38.5759694Z,2025-12-20T00:30:00Z,24,consumo_MedidorCentac_minuto,COMPRESORES_AIRE
,,5,2025-12-16T21:41:38.5759694Z,2025-12-23T21:41:38.5759694Z,2025-12-20T01:00:00Z,24,consumo_MedidorCentac_minuto,COMPRESORES_AIRE
,,5,2025-12-16T21:41:38.5759694Z,2025-12-23T21:41:38.5759694Z,2025-12-20T01:30:00Z,27,consumo_MedidorCentac_minuto,COMPRESORES_AIRE
,,5,2025-12-16T21:41:38.5759694Z,2025-12-23T21:41:38.5759694Z,2025-12-20T02:00:00Z,0,consumo_MedidorCentac_minuto,COMPRESORES_AIRE
,,5,2025-12-16T21:41:38.5759694Z,2025-12-23T21:41:38.5759694Z,2025-12-20T21:00:00Z,27,consumo_MedidorCentac_minuto,COMPRESORES_AIRE
,,5,2025-12-16T21:41:38.5759694Z,2025-12-23T21:41:38.5759694Z,2025-12-20T21:30:00Z,23,consumo_MedidorCentac_minuto,COMPRESORES_AIRE
,,5,2025-12-16T21:41:38.5759694Z,2025-12-23T21:41:38.5759694Z,2025-12-20T22:00:00Z,23,consumo_MedidorCentac_minuto,COMPRESORES_AIRE
,,5,2025-12-16T21:41:38.5759694Z,2025-12-23T21:41:38.5759694Z,2025-12-20T22:30:00Z,23,consumo_MedidorCentac_minuto,COMPRESORES_AIRE
,,5,2025-12-16T21:41:38.5759694Z,2025-12-23T21:41:38.5759694Z,2025-12-20T23:00:00Z,27,consumo_MedidorCentac_minuto,COMPRESORES_AIRE
,,5,2025-12-16T21:41:38.5759694Z,2025-12-23T21:41:38.5759694Z,2025-12-20T23:30:00Z,27,consumo_MedidorCentac_minuto,COMPRESORES_AIRE
,,5,2025-12-16T21:41:38.5759694Z,2025-12-23T21:41:38.5759694Z,2025-12-21T00:00:00Z,28,consumo_MedidorCentac_minuto,COMPRESORES_AIRE
,,5,2025-12-16T21:41:38.5759694Z,2025-12-23T21:41:38.5759694Z,2025-12-21T00:30:00Z,28,consumo_MedidorCentac_minuto,COMPRESORES_AIRE
,,5,2025-12-16T21:41:38.5759694Z,2025-12-23T21:41:38.5759694Z,2025-12-21T01:00:00Z,24,consumo_MedidorCentac_minuto,COMPRESORES_AIRE
,,5,2025-12-16T21:41:38.5759694Z,2025-12-23T21:41:38.5759694Z,2025-12-21T01:30:00Z,23,consumo_MedidorCentac_minuto,COMPRESORES_AIRE
,,5,2025-12-16T21:41:38.5759694Z,2025-12-23T21:41:38.5759694Z,2025-12-21T02:00:00Z,28,consumo_MedidorCentac_minuto,COMPRESORES_AIRE
,,5,2025-12-16T21:41:38.5759694Z,2025-12-23T21:41:38.5759694Z,2025-12-21T02:30:00Z,28,consumo_MedidorCentac_minuto,COMPRESORES_AIRE
,,5,2025-12-16T21:41:38.5759694Z,2025-12-23T21:41:38.5759694Z,2025-12-21T03:00:00Z,24,consumo_MedidorCentac_minuto,COMPRESORES_AIRE
,,5,2025-12-16T21:41:38.5759694Z,2025-12-23T21:41:38.5759694Z,2025-12-21T03:30:00Z,23,consumo_MedidorCentac_minuto,COMPRESORES_AIRE
,,5,2025-12-16T21:41:38.5759694Z,2025-12-23T21:41:38.5759694Z,2025-12-21T04:00:00Z,24,consumo_MedidorCentac_minuto,COMPRESORES_AIRE
,,5,2025-12-16T21:41:38.5759694Z,2025-12-23T21:41:38.5759694Z,2025-12-21T04:30:00Z,28,consumo_MedidorCentac_minuto,COMPRESORES_AIRE
,,5,2025-12-16T21:41:38.5759694Z,2025-12-23T21:41:38.5759694Z,2025-12-21T05:00:00Z,28,consumo_MedidorCentac_minuto,COMPRESORES_AIRE
,,5,2025-12-16T21:41:38.5759694Z,2025-12-23T21:41:38.5759694Z,2025-12-21T05:30:00Z,25,consumo_MedidorCentac_minuto,COMPRESORES_AIRE
,,5,2025-12-16T21:41:38.5759694Z,2025-12-23T21:41:38.5759694Z,2025-12-21T06:00:00Z,24,consumo_MedidorCentac_minuto,COMPRESORES_AIRE
,,5,2025-12-16T21:41:38.5759694Z,2025-12-23T21:41:38.5759694Z,2025-12-21T06:30:00Z,28,consumo_MedidorCentac_minuto,COMPRESORES_AIRE
,,5,2025-12-16T21:41:38.5759694Z,2025-12-23T21:41:38.5759694Z,2025-12-21T07:00:00Z,28,consumo_MedidorCentac_minuto,COMPRESORES_AIRE
,,5,2025-12-16T21:41:38.5759694Z,2025-12-23T21:41:38.5759694Z,2025-12-21T07:30:00Z,29,consumo_MedidorCentac_minuto,COMPRESORES_AIRE
,,5,2025-12-16T21:41:38.5759694Z,2025-12-23T21:41:38.5759694Z,2025-12-21T08:00:00Z,25,consumo_MedidorCentac_minuto,COMPRESORES_AIRE
,,5,2025-12-16T21:41:38.5759694Z,2025-12-23T21:41:38.5759694Z,2025-12-21T08:30:00Z,25,consumo_MedidorCentac_minuto,COMPRESORES_AIRE
,,5,2025-12-16T21:41:38.5759694Z,2025-12-23T21:41:38.5759694Z,2025-12-21T09:00:00Z,29,consumo_MedidorCentac_minuto,COMPRESORES_AIRE
,,5,2025-12-16T21:41:38.5759694Z,2025-12-23T21:41:38.5759694Z,2025-12-21T09:30:00Z,29,consumo_MedidorCentac_minuto,COMPRESORES_AIRE
,,5,2025-12-16T21:41:38.5759694Z,2025-12-23T21:41:38.5759694Z,2025-12-21T10:00:00Z,25,consumo_MedidorCentac_minuto,COMPRESORES_AIRE
,,5,2025-12-16T21:41:38.5759694Z,2025-12-23T21:41:38.5759694Z,2025-12-21T10:30:00Z,25,consumo_MedidorCentac_minuto,COMPRESORES_AIRE
,,5,2025-12-16T21:41:38.5759694Z,2025-12-23T21:41:38.5759694Z,2025-12-21T11:00:00Z,26,consumo_MedidorCentac_minuto,COMPRESORES_AIRE
,,5,2025-12-16T21:41:38.5759694Z,2025-12-23T21:41:38.5759694Z,2025-12-21T11:30:00Z,29,consumo_MedidorCentac_minuto,COMPRESORES_AIRE
,,5,2025-12-16T21:41:38.5759694Z,2025-12-23T21:41:38.5759694Z,2025-12-21T12:00:00Z,29,consumo_MedidorCentac_minuto,COMPRESORES_AIRE
,,5,2025-12-16T21:41:38.5759694Z,2025-12-23T21:41:38.5759694Z,2025-12-21T12:30:00Z,25,consumo_MedidorCentac_minuto,COMPRESORES_AIRE
,,5,2025-12-16T21:41:38.5759694Z,2025-12-23T21:41:38.5759694Z,2025-12-21T13:00:00Z,25,consumo_MedidorCentac_minuto,COMPRESORES_AIRE
,,5,2025-12-16T21:41:38.5759694Z,2025-12-23T21:41:38.5759694Z,2025-12-21T13:30:00Z,29,consumo_MedidorCentac_minuto,COMPRESORES_AIRE
,,5,2025-12-16T21:41:38.5759694Z,2025-12-23T21:41:38.5759694Z,2025-12-21T14:00:00Z,29,consumo_MedidorCentac_minuto,COMPRESORES_AIRE
,,5,2025-12-16T21:41:38.5759694Z,2025-12-23T21:41:38.5759694Z,2025-12-21T14:30:00Z,24,consumo_MedidorCentac_minuto,COMPRESORES_AIRE
,,5,2025-12-16T21:41:38.5759694Z,2025-12-23T21:41:38.5759694Z,2025-12-21T15:00:00Z,25,consumo_MedidorCentac_minuto,COMPRESORES_AIRE
,,5,2025-12-16T21:41:38.5759694Z,2025-12-23T21:41:38.5759694Z,2025-12-21T15:30:00Z,0,consumo_MedidorCentac_minuto,COMPRESORES_AIRE
,,5,2025-12-16T21:41:38.5759694Z,2025-12-23T21:41:38.5759694Z,2025-12-21T20:30:00Z,24,consumo_MedidorCentac_minuto,COMPRESORES_AIRE
,,5,2025-12-16T21:41:38.5759694Z,2025-12-23T21:41:38.5759694Z,2025-12-21T21:00:00Z,24,consumo_MedidorCentac_minuto,COMPRESORES_AIRE
,,5,2025-12-16T21:41:38.5759694Z,2025-12-23T21:41:38.5759694Z,2025-12-21T21:30:00Z,27,consumo_MedidorCentac_minuto,COMPRESORES_AIRE
,,5,2025-12-16T21:41:38.5759694Z,2025-12-23T21:41:38.5759694Z,2025-12-21T22:00:00Z,27,consumo_MedidorCentac_minuto,COMPRESORES_AIRE
,,5,2025-12-16T21:41:38.5759694Z,2025-12-23T21:41:38.5759694Z,2025-12-21T22:30:00Z,24,consumo_MedidorCentac_minuto,COMPRESORES_AIRE
,,5,2025-12-16T21:41:38.5759694Z,2025-12-23T21:41:38.5759694Z,2025-12-21T23:00:00Z,24,consumo_MedidorCentac_minuto,COMPRESORES_AIRE
,,5,2025-12-16T21:41:38.5759694Z,2025-12-23T21:41:38.5759694Z,2025-12-21T23:30:00Z,24,consumo_MedidorCentac_minuto,COMPRESORES_AIRE
,,5,2025-12-16T21:41:38.5759694Z,2025-12-23T21:41:38.5759694Z,2025-12-22T00:00:00Z,28,consumo_MedidorCentac_minuto,COMPRESORES_AIRE
,,5,2025-12-16T21:41:38.5759694Z,2025-12-23T21:41:38.5759694Z,2025-12-22T00:30:00Z,28,consumo_MedidorCentac_minuto,COMPRESORES_AIRE
,,5,2025-12-16T21:41:38.5759694Z,2025-12-23T21:41:38.5759694Z,2025-12-22T01:00:00Z,24,consumo_MedidorCentac_minuto,COMPRESORES_AIRE
,,5,2025-12-16T21:41:38.5759694Z,2025-12-23T21:41:38.5759694Z,2025-12-22T01:30:00Z,24,consumo_MedidorCentac_minuto,COMPRESORES_AIRE
,,5,2025-12-16T21:41:38.5759694Z,2025-12-23T21:41:38.5759694Z,2025-12-22T02:00:00Z,28,consumo_MedidorCentac_minuto,COMPRESORES_AIRE
,,5,2025-12-16T21:41:38.5759694Z,2025-12-23T21:41:38.5759694Z,2025-12-22T02:30:00Z,28,consumo_MedidorCentac_minuto,COMPRESORES_AIRE
,,5,2025-12-16T21:41:38.5759694Z,2025-12-23T21:41:38.5759694Z,2025-12-22T03:00:00Z,28,consumo_MedidorCentac_minuto,COMPRESORES_AIRE
,,5,2025-12-16T21:41:38.5759694Z,2025-12-23T21:41:38.5759694Z,2025-12-22T03:30:00Z,24,consumo_MedidorCentac_minuto,COMPRESORES_AIRE
,,5,2025-12-16T21:41:38.5759694Z,2025-12-23T21:41:38.5759694Z,2025-12-22T04:00:00Z,24,consumo_MedidorCentac_minuto,COMPRESORES_AIRE
,,5,2025-12-16T21:41:38.5759694Z,2025-12-23T21:41:38.5759694Z,2025-12-22T04:30:00Z,28,consumo_MedidorCentac_minuto,COMPRESORES_AIRE
,,5,2025-12-16T21:41:38.5759694Z,2025-12-23T21:41:38.5759694Z,2025-12-22T05:00:00Z,28,consumo_MedidorCentac_minuto,COMPRESORES_AIRE
,,5,2025-12-16T21:41:38.5759694Z,2025-12-23T21:41:38.5759694Z,2025-12-22T05:30:00Z,24,consumo_MedidorCentac_minuto,COMPRESORES_AIRE
,,5,2025-12-16T21:41:38.5759694Z,2025-12-23T21:41:38.5759694Z,2025-12-22T06:00:00Z,24,consumo_MedidorCentac_minuto,COMPRESORES_AIRE
,,5,2025-12-16T21:41:38.5759694Z,2025-12-23T21:41:38.5759694Z,2025-12-22T06:30:00Z,24,consumo_MedidorCentac_minuto,COMPRESORES_AIRE
,,5,2025-12-16T21:41:38.5759694Z,2025-12-23T21:41:38.5759694Z,2025-12-22T07:00:00Z,29,consumo_MedidorCentac_minuto,COMPRESORES_AIRE
,,5,2025-12-16T21:41:38.5759694Z,2025-12-23T21:41:38.5759694Z,2025-12-22T07:30:00Z,28,consumo_MedidorCentac_minuto,COMPRESORES_AIRE
,,5,2025-12-16T21:41:38.5759694Z,2025-12-23T21:41:38.5759694Z,2025-12-22T08:00:00Z,24,consumo_MedidorCentac_minuto,COMPRESORES_AIRE
,,5,2025-12-16T21:41:38.5759694Z,2025-12-23T21:41:38.5759694Z,2025-12-22T08:30:00Z,24,consumo_MedidorCentac_minuto,COMPRESORES_AIRE
,,5,2025-12-16T21:41:38.5759694Z,2025-12-23T21:41:38.5759694Z,2025-12-22T09:00:00Z,28,consumo_MedidorCentac_minuto,COMPRESORES_AIRE
,,5,2025-12-16T21:41:38.5759694Z,2025-12-23T21:41:38.5759694Z,2025-12-22T09:30:00Z,28,consumo_MedidorCentac_minuto,COMPRESORES_AIRE
,,5,2025-12-16T21:41:38.5759694Z,2025-12-23T21:41:38.5759694Z,2025-12-22T10:00:00Z,29,consumo_MedidorCentac_minuto,COMPRESORES_AIRE
,,5,2025-12-16T21:41:38.5759694Z,2025-12-23T21:41:38.5759694Z,2025-12-22T10:30:00Z,24,consumo_MedidorCentac_minuto,COMPRESORES_AIRE
,,5,2025-12-16T21:41:38.5759694Z,2025-12-23T21:41:38.5759694Z,2025-12-22T11:00:00Z,24,consumo_MedidorCentac_minuto,COMPRESORES_AIRE
,,5,2025-12-16T21:41:38.5759694Z,2025-12-23T21:41:38.5759694Z,2025-12-22T11:30:00Z,28,consumo_MedidorCentac_minuto,COMPRESORES_AIRE
,,5,2025-12-16T21:41:38.5759694Z,2025-12-23T21:41:38.5759694Z,2025-12-22T12:00:00Z,28,consumo_MedidorCentac_minuto,COMPRESORES_AIRE
,,5,2025-12-16T21:41:38.5759694Z,2025-12-23T21:41:38.5759694Z,2025-12-22T12:30:00Z,24,consumo_MedidorCentac_minuto,COMPRESORES_AIRE
,,5,2025-12-16T21:41:38.5759694Z,2025-12-23T21:41:38.5759694Z,2025-12-22T13:00:00Z,24,consumo_MedidorCentac_minuto,COMPRESORES_AIRE
,,5,2025-12-16T21:41:38.5759694Z,2025-12-23T21:41:38.5759694Z,2025-12-22T13:30:00Z,27,consumo_MedidorCentac_minuto,COMPRESORES_AIRE
,,5,2025-12-16T21:41:38.5759694Z,2025-12-23T21:41:38.5759694Z,2025-12-22T14:00:00Z,23,consumo_MedidorCentac_minuto,COMPRESORES_AIRE
,,5,2025-12-16T21:41:38.5759694Z,2025-12-23T21:41:38.5759694Z,2025-12-22T14:30:00Z,24,consumo_MedidorCentac_minuto,COMPRESORES_AIRE
,,5,2025-12-16T21:41:38.5759694Z,2025-12-23T21:41:38.5759694Z,2025-12-22T15:00:00Z,28,consumo_MedidorCentac_minuto,COMPRESORES_AIRE
,,5,2025-12-16T21:41:38.5759694Z,2025-12-23T21:41:38.5759694Z,2025-12-22T15:30:00Z,24,consumo_MedidorCentac_minuto,COMPRESORES_AIRE
,,5,2025-12-16T21:41:38.5759694Z,2025-12-23T21:41:38.5759694Z,2025-12-22T16:00:00Z,24,consumo_MedidorCentac_minuto,COMPRESORES_AIRE
,,5,2025-12-16T21:41:38.5759694Z,2025-12-23T21:41:38.5759694Z,2025-12-22T16:30:00Z,28,consumo_MedidorCentac_minuto,COMPRESORES_AIRE
,,5,2025-12-16T21:41:38.5759694Z,2025-12-23T21:41:38.5759694Z,2025-12-22T17:00:00Z,27,consumo_MedidorCentac_minuto,COMPRESORES_AIRE
,,5,2025-12-16T21:41:38.5759694Z,2025-12-23T21:41:38.5759694Z,2025-12-22T17:30:00Z,27,consumo_MedidorCentac_minuto,COMPRESORES_AIRE
,,5,2025-12-16T21:41:38.5759694Z,2025-12-23T21:41:38.5759694Z,2025-12-22T18:00:00Z,27,consumo_MedidorCentac_minuto,COMPRESORES_AIRE
,,5,2025-12-16T21:41:38.5759694Z,2025-12-23T21:41:38.5759694Z,2025-12-22T18:30:00Z,27,consumo_MedidorCentac_minuto,COMPRESORES_AIRE
,,5,2025-12-16T21:41:38.5759694Z,2025-12-23T21:41:38.5759694Z,2025-12-22T19:00:00Z,24,consumo_MedidorCentac_minuto,COMPRESORES_AIRE
,,5,2025-12-16T21:41:38.5759694Z,2025-12-23T21:41:38.5759694Z,2025-12-22T19:30:00Z,27,consumo_MedidorCentac_minuto,COMPRESORES_AIRE
,,5,2025-12-16T21:41:38.5759694Z,2025-12-23T21:41:38.5759694Z,2025-12-22T20:00:00Z,23,consumo_MedidorCentac_minuto,COMPRESORES_AIRE
,,5,2025-12-16T21:41:38.5759694Z,2025-12-23T21:41:38.5759694Z,2025-12-22T20:30:00Z,23,consumo_MedidorCentac_minuto,COMPRESORES_AIRE
,,5,2025-12-16T21:41:38.5759694Z,2025-12-23T21:41:38.5759694Z,2025-12-22T21:00:00Z,23,consumo_MedidorCentac_minuto,COMPRESORES_AIRE
,,5,2025-12-16T21:41:38.5759694Z,2025-12-23T21:41:38.5759694Z,2025-12-22T21:30:00Z,27,consumo_MedidorCentac_minuto,COMPRESORES_AIRE
,,5,2025-12-16T21:41:38.5759694Z,2025-12-23T21:41:38.5759694Z,2025-12-22T22:00:00Z,24,consumo_MedidorCentac_minuto,COMPRESORES_AIRE
,,5,2025-12-16T21:41:38.5759694Z,2025-12-23T21:41:38.5759694Z,2025-12-22T22:30:00Z,23,consumo_MedidorCentac_minuto,COMPRESORES_AIRE
,,5,2025-12-16T21:41:38.5759694Z,2025-12-23T21:41:38.5759694Z,2025-12-22T23:00:00Z,28,consumo_MedidorCentac_minuto,COMPRESORES_AIRE
,,5,2025-12-16T21:41:38.5759694Z,2025-12-23T21:41:38.5759694Z,2025-12-22T23:30:00Z,25,consumo_MedidorCentac_minuto,COMPRESORES_AIRE
,,5,2025-12-16T21:41:38.5759694Z,2025-12-23T21:41:38.5759694Z,2025-12-23T00:00:00Z,24,consumo_MedidorCentac_minuto,COMPRESORES_AIRE
,,5,2025-12-16T21:41:38.5759694Z,2025-12-23T21:41:38.5759694Z,2025-12-23T00:30:00Z,28,consumo_MedidorCentac_minuto,COMPRESORES_AIRE
,,5,2025-12-16T21:41:38.5759694Z,2025-12-23T21:41:38.5759694Z,2025-12-23T01:00:00Z,12,consumo_MedidorCentac_minuto,COMPRESORES_AIRE
,,5,2025-12-16T21:41:38.5759694Z,2025-12-23T21:41:38.5759694Z,2025-12-23T01:30:00Z,29,consumo_MedidorCentac_minuto,COMPRESORES_AIRE
,,5,2025-12-16T21:41:38.5759694Z,2025-12-23T21:41:38.5759694Z,2025-12-23T02:00:00Z,20,consumo_MedidorCentac_minuto,COMPRESORES_AIRE
,,5,2025-12-16T21:41:38.5759694Z,2025-12-23T21:41:38.5759694Z,2025-12-23T02:30:00Z,13,consumo_MedidorCentac_minuto,COMPRESORES_AIRE
,,5,2025-12-16T21:41:38.5759694Z,2025-12-23T21:41:38.5759694Z,2025-12-23T03:00:00Z,29,consumo_MedidorCentac_minuto,COMPRESORES_AIRE
,,5,2025-12-16T21:41:38.5759694Z,2025-12-23T21:41:38.5759694Z,2025-12-23T03:30:00Z,29,consumo_MedidorCentac_minuto,COMPRESORES_AIRE
,,5,2025-12-16T21:41:38.5759694Z,2025-12-23T21:41:38.5759694Z,2025-12-23T04:00:00Z,23,consumo_MedidorCentac_minuto,COMPRESORES_AIRE
,,5,2025-12-16T21:41:38.5759694Z,2025-12-23T21:41:38.5759694Z,2025-12-23T04:30:00Z,28,consumo_MedidorCentac_minuto,COMPRESORES_AIRE
,,5,2025-12-16T21:41:38.5759694Z,2025-12-23T21:41:38.5759694Z,2025-12-23T05:00:00Z,28,consumo_MedidorCentac_minuto,COMPRESORES_AIRE
,,5,2025-12-16T21:41:38.5759694Z,2025-12-23T21:41:38.5759694Z,2025-12-23T05:30:00Z,27,consumo_MedidorCentac_minuto,COMPRESORES_AIRE
,,5,2025-12-16T21:41:38.5759694Z,2025-12-23T21:41:38.5759694Z,2025-12-23T06:00:00Z,27,consumo_MedidorCentac_minuto,COMPRESORES_AIRE
,,5,2025-12-16T21:41:38.5759694Z,2025-12-23T21:41:38.5759694Z,2025-12-23T06:30:00Z,28,consumo_MedidorCentac_minuto,COMPRESORES_AIRE
,,5,2025-12-16T21:41:38.5759694Z,2025-12-23T21:41:38.5759694Z,2025-12-23T07:00:00Z,28,consumo_MedidorCentac_minuto,COMPRESORES_AIRE
,,5,2025-12-16T21:41:38.5759694Z,2025-12-23T21:41:38.5759694Z,2025-12-23T07:30:00Z,24,consumo_MedidorCentac_minuto,COMPRESORES_AIRE
,,5,2025-12-16T21:41:38.5759694Z,2025-12-23T21:41:38.5759694Z,2025-12-23T08:00:00Z,28,consumo_MedidorCentac_minuto,COMPRESORES_AIRE
,,5,2025-12-16T21:41:38.5759694Z,2025-12-23T21:41:38.5759694Z,2025-12-23T08:30:00Z,25,consumo_MedidorCentac_minuto,COMPRESORES_AIRE
,,5,2025-12-16T21:41:38.5759694Z,2025-12-23T21:41:38.5759694Z,2025-12-23T09:00:00Z,24,consumo_MedidorCentac_minuto,COMPRESORES_AIRE
,,5,2025-12-16T21:41:38.5759694Z,2025-12-23T21:41:38.5759694Z,2025-12-23T09:30:00Z,29,consumo_MedidorCentac_minuto,COMPRESORES_AIRE
,,5,2025-12-16T21:41:38.5759694Z,2025-12-23T21:41:38.5759694Z,2025-12-23T10:00:00Z,23,consumo_MedidorCentac_minuto,COMPRESORES_AIRE
,,5,2025-12-16T21:41:38.5759694Z,2025-12-23T21:41:38.5759694Z,2025-12-23T10:30:00Z,25,consumo_MedidorCentac_minuto,COMPRESORES_AIRE
,,5,2025-12-16T21:41:38.5759694Z,2025-12-23T21:41:38.5759694Z,2025-12-23T11:00:00Z,24,consumo_MedidorCentac_minuto,COMPRESORES_AIRE
,,5,2025-12-16T21:41:38.5759694Z,2025-12-23T21:41:38.5759694Z,2025-12-23T11:30:00Z,24,consumo_MedidorCentac_minuto,COMPRESORES_AIRE
,,5,2025-12-16T21:41:38.5759694Z,2025-12-23T21:41:38.5759694Z,2025-12-23T12:00:00Z,20,consumo_MedidorCentac_minuto,COMPRESORES_AIRE
,,5,2025-12-16T21:41:38.5759694Z,2025-12-23T21:41:38.5759694Z,2025-12-23T12:30:00Z,28,consumo_MedidorCentac_minuto,COMPRESORES_AIRE
,,5,2025-12-16T21:41:38.5759694Z,2025-12-23T21:41:38.5759694Z,2025-12-23T13:00:00Z,29,consumo_MedidorCentac_minuto,COMPRESORES_AIRE
,,5,2025-12-16T21:41:38.5759694Z,2025-12-23T21:41:38.5759694Z,2025-12-23T13:30:00Z,24,consumo_MedidorCentac_minuto,COMPRESORES_AIRE
,,5,2025-12-16T21:41:38.5759694Z,2025-12-23T21:41:38.5759694Z,2025-12-23T14:00:00Z,28,consumo_MedidorCentac_minuto,COMPRESORES_AIRE
,,5,2025-12-16T21:41:38.5759694Z,2025-12-23T21:41:38.5759694Z,2025-12-23T14:30:00Z,26,consumo_MedidorCentac_minuto,COMPRESORES_AIRE
,,5,2025-12-16T21:41:38.5759694Z,2025-12-23T21:41:38.5759694Z,2025-12-23T15:00:00Z,23,consumo_MedidorCentac_minuto,COMPRESORES_AIRE
,,5,2025-12-16T21:41:38.5759694Z,2025-12-23T21:41:38.5759694Z,2025-12-23T15:30:00Z,23,consumo_MedidorCentac_minuto,COMPRESORES_AIRE
,,5,2025-12-16T21:41:38.5759694Z,2025-12-23T21:41:38.5759694Z,2025-12-23T16:00:00Z,23,consumo_MedidorCentac_minuto,COMPRESORES_AIRE
,,5,2025-12-16T21:41:38.5759694Z,2025-12-23T21:41:38.5759694Z,2025-12-23T16:30:00Z,22,consumo_MedidorCentac_minuto,COMPRESORES_AIRE
,,5,2025-12-16T21:41:38.5759694Z,2025-12-23T21:41:38.5759694Z,2025-12-23T17:00:00Z,23,consumo_MedidorCentac_minuto,COMPRESORES_AIRE
,,5,2025-12-16T21:41:38.5759694Z,2025-12-23T21:41:38.5759694Z,2025-12-23T17:30:00Z,26,consumo_MedidorCentac_minuto,COMPRESORES_AIRE
,,5,2025-12-16T21:41:38.5759694Z,2025-12-23T21:41:38.5759694Z,2025-12-23T18:00:00Z,27,consumo_MedidorCentac_minuto,COMPRESORES_AIRE
,,5,2025-12-16T21:41:38.5759694Z,2025-12-23T21:41:38.5759694Z,2025-12-23T18:30:00Z,15,consumo_MedidorCentac_minuto,COMPRESORES_AIRE
,,5,2025-12-16T21:41:38.5759694Z,2025-12-23T21:41:38.5759694Z,2025-12-23T19:00:00Z,26,consumo_MedidorCentac_minuto,COMPRESORES_AIRE
,,5,2025-12-16T21:41:38.5759694Z,2025-12-23T21:41:38.5759694Z,2025-12-23T19:30:00Z,7,consumo_MedidorCentac_minuto,COMPRESORES_AIRE
,,5,2025-12-16T21:41:38.5759694Z,2025-12-23T21:41:38.5759694Z,2025-12-23T20:00:00Z,23,consumo_MedidorCentac_minuto,COMPRESORES_AIRE
,,5,2025-12-16T21:41:38.5759694Z,2025-12-23T21:41:38.5759694Z,2025-12-23T20:30:00Z,23,consumo_MedidorCentac_minuto,COMPRESORES_AIRE
,,5,2025-12-16T21:41:38.5759694Z,2025-12-23T21:41:38.5759694Z,2025-12-23T21:00:00Z,27,consumo_MedidorCentac_minuto,COMPRESORES_AIRE
,,5,2025-12-16T21:41:38.5759694Z,2025-12-23T21:41:38.5759694Z,2025-12-23T21:30:00Z,24,consumo_MedidorCentac_minuto,COMPRESORES_AIRE
,,5,2025-12-16T21:41:38.5759694Z,2025-12-23T21:41:38.5759694Z,2025-12-23T21:41:38.5759694Z,15,consumo_MedidorCentac_minuto,COMPRESORES_AIRE
,,6,2025-12-16T21:41:38.5759694Z,2025-12-23T21:41:38.5759694Z,2025-12-16T22:00:00Z,6112,consumo_MedidorKaeser1_hora,COMPRESORES_AIRE
,,6,2025-12-16T21:41:38.5759694Z,2025-12-23T21:41:38.5759694Z,2025-12-16T22:30:00Z,6606,consumo_MedidorKaeser1_hora,COMPRESORES_AIRE
,,6,2025-12-16T21:41:38.5759694Z,2025-12-23T21:41:38.5759694Z,2025-12-16T23:00:00Z,6606,consumo_MedidorKaeser1_hora,COMPRESORES_AIRE
,,6,2025-12-16T21:41:38.5759694Z,2025-12-23T21:41:38.5759694Z,2025-12-16T23:30:00Z,6770,consumo_MedidorKaeser1_hora,COMPRESORES_AIRE
,,6,2025-12-16T21:41:38.5759694Z,2025-12-23T21:41:38.5759694Z,2025-12-17T00:00:00Z,6770,consumo_MedidorKaeser1_hora,COMPRESORES_AIRE
,,6,2025-12-16T21:41:38.5759694Z,2025-12-23T21:41:38.5759694Z,2025-12-17T00:30:00Z,6477,consumo_MedidorKaeser1_hora,COMPRESORES_AIRE
,,6,2025-12-16T21:41:38.5759694Z,2025-12-23T21:41:38.5759694Z,2025-12-17T01:00:00Z,6477,consumo_MedidorKaeser1_hora,COMPRESORES_AIRE
,,6,2025-12-16T21:41:38.5759694Z,2025-12-23T21:41:38.5759694Z,2025-12-17T01:30:00Z,6343,consumo_MedidorKaeser1_hora,COMPRESORES_AIRE
,,6,2025-12-16T21:41:38.5759694Z,2025-12-23T21:41:38.5759694Z,2025-12-17T02:00:00Z,6343,consumo_MedidorKaeser1_hora,COMPRESORES_AIRE
,,6,2025-12-16T21:41:38.5759694Z,2025-12-23T21:41:38.5759694Z,2025-12-17T02:30:00Z,6369,consumo_MedidorKaeser1_hora,COMPRESORES_AIRE
,,6,2025-12-16T21:41:38.5759694Z,2025-12-23T21:41:38.5759694Z,2025-12-17T03:00:00Z,6369,consumo_MedidorKaeser1_hora,COMPRESORES_AIRE
,,6,2025-12-16T21:41:38.5759694Z,2025-12-23T21:41:38.5759694Z,2025-12-17T03:30:00Z,6137,consumo_MedidorKaeser1_hora,COMPRESORES_AIRE
,,6,2025-12-16T21:41:38.5759694Z,2025-12-23T21:41:38.5759694Z,2025-12-17T04:00:00Z,6137,consumo_MedidorKaeser1_hora,COMPRESORES_AIRE
,,6,2025-12-16T21:41:38.5759694Z,2025-12-23T21:41:38.5759694Z,2025-12-17T04:30:00Z,6181,consumo_MedidorKaeser1_hora,COMPRESORES_AIRE
,,6,2025-12-16T21:41:38.5759694Z,2025-12-23T21:41:38.5759694Z,2025-12-17T05:00:00Z,6181,consumo_MedidorKaeser1_hora,COMPRESORES_AIRE
,,6,2025-12-16T21:41:38.5759694Z,2025-12-23T21:41:38.5759694Z,2025-12-17T05:30:00Z,6446,consumo_MedidorKaeser1_hora,COMPRESORES_AIRE
,,6,2025-12-16T21:41:38.5759694Z,2025-12-23T21:41:38.5759694Z,2025-12-17T06:00:00Z,6446,consumo_MedidorKaeser1_hora,COMPRESORES_AIRE
,,6,2025-12-16T21:41:38.5759694Z,2025-12-23T21:41:38.5759694Z,2025-12-17T06:30:00Z,6446,consumo_MedidorKaeser1_hora,COMPRESORES_AIRE
,,6,2025-12-16T21:41:38.5759694Z,2025-12-23T21:41:38.5759694Z,2025-12-17T07:00:00Z,6446,consumo_MedidorKaeser1_hora,COMPRESORES_AIRE
,,6,2025-12-16T21:41:38.5759694Z,2025-12-23T21:41:38.5759694Z,2025-12-17T07:30:00Z,11832,consumo_MedidorKaeser1_hora,COMPRESORES_AIRE
,,6,2025-12-16T21:41:38.5759694Z,2025-12-23T21:41:38.5759694Z,2025-12-17T08:00:00Z,11832,consumo_MedidorKaeser1_hora,COMPRESORES_AIRE
,,6,2025-12-16T21:41:38.5759694Z,2025-12-23T21:41:38.5759694Z,2025-12-17T08:30:00Z,5711,consumo_MedidorKaeser1_hora,COMPRESORES_AIRE
,,6,2025-12-16T21:41:38.5759694Z,2025-12-23T21:41:38.5759694Z,2025-12-17T09:00:00Z,5711,consumo_MedidorKaeser1_hora,COMPRESORES_AIRE
,,6,2025-12-16T21:41:38.5759694Z,2025-12-23T21:41:38.5759694Z,2025-12-17T09:30:00Z,5586,consumo_MedidorKaeser1_hora,COMPRESORES_AIRE
,,6,2025-12-16T21:41:38.5759694Z,2025-12-23T21:41:38.5759694Z,2025-12-17T10:00:00Z,5586,consumo_MedidorKaeser1_hora,COMPRESORES_AIRE
,,6,2025-12-16T21:41:38.5759694Z,2025-12-23T21:41:38.5759694Z,2025-12-17T10:30:00Z,5105,consumo_MedidorKaeser1_hora,COMPRESORES_AIRE
,,6,2025-12-16T21:41:38.5759694Z,2025-12-23T21:41:38.5759694Z,2025-12-17T11:00:00Z,5105,consumo_MedidorKaeser1_hora,COMPRESORES_AIRE
,,6,2025-12-16T21:41:38.5759694Z,2025-12-23T21:41:38.5759694Z,2025-12-17T11:30:00Z,4813,consumo_MedidorKaeser1_hora,COMPRESORES_AIRE
,,6,2025-12-16T21:41:38.5759694Z,2025-12-23T21:41:38.5759694Z,2025-12-17T12:00:00Z,4813,consumo_MedidorKaeser1_hora,COMPRESORES_AIRE
,,6,2025-12-16T21:41:38.5759694Z,2025-12-23T21:41:38.5759694Z,2025-12-17T12:30:00Z,5166,consumo_MedidorKaeser1_hora,COMPRESORES_AIRE
,,6,2025-12-16T21:41:38.5759694Z,2025-12-23T21:41:38.5759694Z,2025-12-17T13:00:00Z,5166,consumo_MedidorKaeser1_hora,COMPRESORES_AIRE
,,6,2025-12-16T21:41:38.5759694Z,2025-12-23T21:41:38.5759694Z,2025-12-17T13:30:00Z,5184,consumo_MedidorKaeser1_hora,COMPRESORES_AIRE
,,6,2025-12-16T21:41:38.5759694Z,2025-12-23T21:41:38.5759694Z,2025-12-17T14:00:00Z,5184,consumo_MedidorKaeser1_hora,COMPRESORES_AIRE
,,6,2025-12-16T21:41:38.5759694Z,2025-12-23T21:41:38.5759694Z,2025-12-17T14:30:00Z,4871,consumo_MedidorKaeser1_hora,COMPRESORES_AIRE
,,6,2025-12-16T21:41:38.5759694Z,2025-12-23T21:41:38.5759694Z,2025-12-17T15:00:00Z,4871,consumo_MedidorKaeser1_hora,COMPRESORES_AIRE
,,6,2025-12-16T21:41:38.5759694Z,2025-12-23T21:41:38.5759694Z,2025-12-18T21:30:00Z,0,consumo_MedidorKaeser1_hora,COMPRESORES_AIRE
,,6,2025-12-16T21:41:38.5759694Z,2025-12-23T21:41:38.5759694Z,2025-12-19T15:30:00Z,0,consumo_MedidorKaeser1_hora,COMPRESORES_AIRE
,,6,2025-12-16T21:41:38.5759694Z,2025-12-23T21:41:38.5759694Z,2025-12-19T16:00:00Z,0,consumo_MedidorKaeser1_hora,COMPRESORES_AIRE
,,6,2025-12-16T21:41:38.5759694Z,2025-12-23T21:41:38.5759694Z,2025-12-19T16:30:00Z,0,consumo_MedidorKaeser1_hora,COMPRESORES_AIRE
,,6,2025-12-16T21:41:38.5759694Z,2025-12-23T21:41:38.5759694Z,2025-12-19T17:00:00Z,0,consumo_MedidorKaeser1_hora,COMPRESORES_AIRE
,,6,2025-12-16T21:41:38.5759694Z,2025-12-23T21:41:38.5759694Z,2025-12-19T17:30:00Z,0,consumo_MedidorKaeser1_hora,COMPRESORES_AIRE
,,6,2025-12-16T21:41:38.5759694Z,2025-12-23T21:41:38.5759694Z,2025-12-19T18:00:00Z,0,consumo_MedidorKaeser1_hora,COMPRESORES_AIRE
,,6,2025-12-16T21:41:38.5759694Z,2025-12-23T21:41:38.5759694Z,2025-12-19T18:30:00Z,0,consumo_MedidorKaeser1_hora,COMPRESORES_AIRE
,,6,2025-12-16T21:41:38.5759694Z,2025-12-23T21:41:38.5759694Z,2025-12-19T19:00:00Z,0,consumo_MedidorKaeser1_hora,COMPRESORES_AIRE
,,6,2025-12-16T21:41:38.5759694Z,2025-12-23T21:41:38.5759694Z,2025-12-19T19:30:00Z,0,consumo_MedidorKaeser1_hora,COMPRESORES_AIRE
,,6,2025-12-16T21:41:38.5759694Z,2025-12-23T21:41:38.5759694Z,2025-12-19T20:00:00Z,0,consumo_MedidorKaeser1_hora,COMPRESORES_AIRE
,,6,2025-12-16T21:41:38.5759694Z,2025-12-23T21:41:38.5759694Z,2025-12-19T20:30:00Z,0,consumo_MedidorKaeser1_hora,COMPRESORES_AIRE
,,6,2025-12-16T21:41:38.5759694Z,2025-12-23T21:41:38.5759694Z,2025-12-19T21:00:00Z,0,consumo_MedidorKaeser1_hora,COMPRESORES_AIRE
,,6,2025-12-16T21:41:38.5759694Z,2025-12-23T21:41:38.5759694Z,2025-12-19T21:30:00Z,0,consumo_MedidorKaeser1_hora,COMPRESORES_AIRE
,,6,2025-12-16T21:41:38.5759694Z,2025-12-23T21:41:38.5759694Z,2025-12-19T22:00:00Z,0,consumo_MedidorKaeser1_hora,COMPRESORES_AIRE
,,6,2025-12-16T21:41:38.5759694Z,2025-12-23T21:41:38.5759694Z,2025-12-19T22:30:00Z,43038,consumo_MedidorKaeser1_hora,COMPRESORES_AIRE
,,6,2025-12-16T21:41:38.5759694Z,2025-12-23T21:41:38.5759694Z,2025-12-19T23:00:00Z,43038,consumo_MedidorKaeser1_hora,COMPRESORES_AIRE
,,6,2025-12-16T21:41:38.5759694Z,2025-12-23T21:41:38.5759694Z,2025-12-19T23:30:00Z,6805,consumo_MedidorKaeser1_hora,COMPRESORES_AIRE
,,6,2025-12-16T21:41:38.5759694Z,2025-12-23T21:41:38.5759694Z,2025-12-20T00:00:00Z,6805,consumo_MedidorKaeser1_hora,COMPRESORES_AIRE
,,6,2025-12-16T21:41:38.5759694Z,2025-12-23T21:41:38.5759694Z,2025-12-20T00:30:00Z,7471,consumo_MedidorKaeser1_hora,COMPRESORES_AIRE
,,6,2025-12-16T21:41:38.5759694Z,2025-12-23T21:41:38.5759694Z,2025-12-20T01:00:00Z,7471,consumo_MedidorKaeser1_hora,COMPRESORES_AIRE
,,6,2025-12-16T21:41:38.5759694Z,2025-12-23T21:41:38.5759694Z,2025-12-20T01:30:00Z,7291,consumo_MedidorKaeser1_hora,COMPRESORES_AIRE
,,6,2025-12-16T21:41:38.5759694Z,2025-12-23T21:41:38.5759694Z,2025-12-20T02:00:00Z,7291,consumo_MedidorKaeser1_hora,COMPRESORES_AIRE
,,6,2025-12-16T21:41:38.5759694Z,2025-12-23T21:41:38.5759694Z,2025-12-20T21:00:00Z,7291,consumo_MedidorKaeser1_hora,COMPRESORES_AIRE
,,6,2025-12-16T21:41:38.5759694Z,2025-12-23T21:41:38.5759694Z,2025-12-20T21:30:00Z,7291,consumo_MedidorKaeser1_hora,COMPRESORES_AIRE
,,6,2025-12-16T21:41:38.5759694Z,2025-12-23T21:41:38.5759694Z,2025-12-20T22:00:00Z,7291,consumo_MedidorKaeser1_hora,COMPRESORES_AIRE
,,6,2025-12-16T21:41:38.5759694Z,2025-12-23T21:41:38.5759694Z,2025-12-20T22:30:00Z,7291,consumo_MedidorKaeser1_hora,COMPRESORES_AIRE
,,6,2025-12-16T21:41:38.5759694Z,2025-12-23T21:41:38.5759694Z,2025-12-20T23:00:00Z,7291,consumo_MedidorKaeser1_hora,COMPRESORES_AIRE
,,6,2025-12-16T21:41:38.5759694Z,2025-12-23T21:41:38.5759694Z,2025-12-20T23:30:00Z,7291,consumo_MedidorKaeser1_hora,COMPRESORES_AIRE
,,6,2025-12-16T21:41:38.5759694Z,2025-12-23T21:41:38.5759694Z,2025-12-21T00:00:00Z,7291,consumo_MedidorKaeser1_hora,COMPRESORES_AIRE
,,6,2025-12-16T21:41:38.5759694Z,2025-12-23T21:41:38.5759694Z,2025-12-21T00:30:00Z,7291,consumo_MedidorKaeser1_hora,COMPRESORES_AIRE
,,6,2025-12-16T21:41:38.5759694Z,2025-12-23T21:41:38.5759694Z,2025-12-21T01:00:00Z,7291,consumo_MedidorKaeser1_hora,COMPRESORES_AIRE
,,6,2025-12-16T21:41:38.5759694Z,2025-12-23T21:41:38.5759694Z,2025-12-21T01:30:00Z,7291,consumo_MedidorKaeser1_hora,COMPRESORES_AIRE
,,6,2025-12-16T21:41:38.5759694Z,2025-12-23T21:41:38.5759694Z,2025-12-21T02:00:00Z,7291,consumo_MedidorKaeser1_hora,COMPRESORES_AIRE
,,6,2025-12-16T21:41:38.5759694Z,2025-12-23T21:41:38.5759694Z,2025-12-21T02:30:00Z,43392,consumo_MedidorKaeser1_hora,COMPRESORES_AIRE
,,6,2025-12-16T21:41:38.5759694Z,2025-12-23T21:41:38.5759694Z,2025-12-21T03:00:00Z,43392,consumo_MedidorKaeser1_hora,COMPRESORES_AIRE
,,6,2025-12-16T21:41:38.5759694Z,2025-12-23T21:41:38.5759694Z,2025-12-21T03:30:00Z,7201,consumo_MedidorKaeser1_hora,COMPRESORES_AIRE
,,6,2025-12-16T21:41:38.5759694Z,2025-12-23T21:41:38.5759694Z,2025-12-21T04:00:00Z,7201,consumo_MedidorKaeser1_hora,COMPRESORES_AIRE
,,6,2025-12-16T21:41:38.5759694Z,2025-12-23T21:41:38.5759694Z,2025-12-21T04:30:00Z,6998,consumo_MedidorKaeser1_hora,COMPRESORES_AIRE
,,6,2025-12-16T21:41:38.5759694Z,2025-12-23T21:41:38.5759694Z,2025-12-21T05:00:00Z,6998,consumo_MedidorKaeser1_hora,COMPRESORES_AIRE
,,6,2025-12-16T21:41:38.5759694Z,2025-12-23T21:41:38.5759694Z,2025-12-21T05:30:00Z,6224,consumo_MedidorKaeser1_hora,COMPRESORES_AIRE
,,6,2025-12-16T21:41:38.5759694Z,2025-12-23T21:41:38.5759694Z,2025-12-21T06:00:00Z,6224,consumo_MedidorKaeser1_hora,COMPRESORES_AIRE
,,6,2025-12-16T21:41:38.5759694Z,2025-12-23T21:41:38.5759694Z,2025-12-21T06:30:00Z,6224,consumo_MedidorKaeser1_hora,COMPRESORES_AIRE
,,6,2025-12-16T21:41:38.5759694Z,2025-12-23T21:41:38.5759694Z,2025-12-21T07:00:00Z,6224,consumo_MedidorKaeser1_hora,COMPRESORES_AIRE
,,6,2025-12-16T21:41:38.5759694Z,2025-12-23T21:41:38.5759694Z,2025-12-21T07:30:00Z,4120,consumo_MedidorKaeser1_hora,COMPRESORES_AIRE
,,6,2025-12-16T21:41:38.5759694Z,2025-12-23T21:41:38.5759694Z,2025-12-21T08:00:00Z,4120,consumo_MedidorKaeser1_hora,COMPRESORES_AIRE
,,6,2025-12-16T21:41:38.5759694Z,2025-12-23T21:41:38.5759694Z,2025-12-21T08:30:00Z,4912,consumo_MedidorKaeser1_hora,COMPRESORES_AIRE
,,6,2025-12-16T21:41:38.5759694Z,2025-12-23T21:41:38.5759694Z,2025-12-21T09:00:00Z,4912,consumo_MedidorKaeser1_hora,COMPRESORES_AIRE
,,6,2025-12-16T21:41:38.5759694Z,2025-12-23T21:41:38.5759694Z,2025-12-21T09:30:00Z,7373,consumo_MedidorKaeser1_hora,COMPRESORES_AIRE
,,6,2025-12-16T21:41:38.5759694Z,2025-12-23T21:41:38.5759694Z,2025-12-21T10:00:00Z,7373,consumo_MedidorKaeser1_hora,COMPRESORES_AIRE
,,6,2025-12-16T21:41:38.5759694Z,2025-12-23T21:41:38.5759694Z,2025-12-21T10:30:00Z,6201,consumo_MedidorKaeser1_hora,COMPRESORES_AIRE
,,6,2025-12-16T21:41:38.5759694Z,2025-12-23T21:41:38.5759694Z,2025-12-21T11:00:00Z,6201,consumo_MedidorKaeser1_hora,COMPRESORES_AIRE
,,6,2025-12-16T21:41:38.5759694Z,2025-12-23T21:41:38.5759694Z,2025-12-21T11:30:00Z,7290,consumo_MedidorKaeser1_hora,COMPRESORES_AIRE
,,6,2025-12-16T21:41:38.5759694Z,2025-12-23T21:41:38.5759694Z,2025-12-21T12:00:00Z,7290,consumo_MedidorKaeser1_hora,COMPRESORES_AIRE
,,6,2025-12-16T21:41:38.5759694Z,2025-12-23T21:41:38.5759694Z,2025-12-21T12:30:00Z,6692,consumo_MedidorKaeser1_hora,COMPRESORES_AIRE
,,6,2025-12-16T21:41:38.5759694Z,2025-12-23T21:41:38.5759694Z,2025-12-21T13:00:00Z,6692,consumo_MedidorKaeser1_hora,COMPRESORES_AIRE
,,6,2025-12-16T21:41:38.5759694Z,2025-12-23T21:41:38.5759694Z,2025-12-21T13:30:00Z,6336,consumo_MedidorKaeser1_hora,COMPRESORES_AIRE
,,6,2025-12-16T21:41:38.5759694Z,2025-12-23T21:41:38.5759694Z,2025-12-21T14:00:00Z,6336,consumo_MedidorKaeser1_hora,COMPRESORES_AIRE
,,6,2025-12-16T21:41:38.5759694Z,2025-12-23T21:41:38.5759694Z,2025-12-21T14:30:00Z,3896,consumo_MedidorKaeser1_hora,COMPRESORES_AIRE
,,6,2025-12-16T21:41:38.5759694Z,2025-12-23T21:41:38.5759694Z,2025-12-21T15:00:00Z,3896,consumo_MedidorKaeser1_hora,COMPRESORES_AIRE
,,6,2025-12-16T21:41:38.5759694Z,2025-12-23T21:41:38.5759694Z,2025-12-21T15:30:00Z,138,consumo_MedidorKaeser1_hora,COMPRESORES_AIRE
,,6,2025-12-16T21:41:38.5759694Z,2025-12-23T21:41:38.5759694Z,2025-12-21T20:30:00Z,44,consumo_MedidorKaeser1_hora,COMPRESORES_AIRE
,,6,2025-12-16T21:41:38.5759694Z,2025-12-23T21:41:38.5759694Z,2025-12-21T21:00:00Z,44,consumo_MedidorKaeser1_hora,COMPRESORES_AIRE
,,6,2025-12-16T21:41:38.5759694Z,2025-12-23T21:41:38.5759694Z,2025-12-21T21:30:00Z,124,consumo_MedidorKaeser1_hora,COMPRESORES_AIRE
,,6,2025-12-16T21:41:38.5759694Z,2025-12-23T21:41:38.5759694Z,2025-12-21T22:00:00Z,124,consumo_MedidorKaeser1_hora,COMPRESORES_AIRE
,,6,2025-12-16T21:41:38.5759694Z,2025-12-23T21:41:38.5759694Z,2025-12-21T22:30:00Z,134,consumo_MedidorKaeser1_hora,COMPRESORES_AIRE
,,6,2025-12-16T21:41:38.5759694Z,2025-12-23T21:41:38.5759694Z,2025-12-21T23:00:00Z,134,consumo_MedidorKaeser1_hora,COMPRESORES_AIRE
,,6,2025-12-16T21:41:38.5759694Z,2025-12-23T21:41:38.5759694Z,2025-12-21T23:30:00Z,137,consumo_MedidorKaeser1_hora,COMPRESORES_AIRE
,,6,2025-12-16T21:41:38.5759694Z,2025-12-23T21:41:38.5759694Z,2025-12-22T00:00:00Z,137,consumo_MedidorKaeser1_hora,COMPRESORES_AIRE
,,6,2025-12-16T21:41:38.5759694Z,2025-12-23T21:41:38.5759694Z,2025-12-22T00:30:00Z,139,consumo_MedidorKaeser1_hora,COMPRESORES_AIRE
,,6,2025-12-16T21:41:38.5759694Z,2025-12-23T21:41:38.5759694Z,2025-12-22T01:00:00Z,139,consumo_MedidorKaeser1_hora,COMPRESORES_AIRE
,,6,2025-12-16T21:41:38.5759694Z,2025-12-23T21:41:38.5759694Z,2025-12-22T01:30:00Z,138,consumo_MedidorKaeser1_hora,COMPRESORES_AIRE
,,6,2025-12-16T21:41:38.5759694Z,2025-12-23T21:41:38.5759694Z,2025-12-22T02:00:00Z,138,consumo_MedidorKaeser1_hora,COMPRESORES_AIRE
,,6,2025-12-16T21:41:38.5759694Z,2025-12-23T21:41:38.5759694Z,2025-12-22T02:30:00Z,142,consumo_MedidorKaeser1_hora,COMPRESORES_AIRE
,,6,2025-12-16T21:41:38.5759694Z,2025-12-23T21:41:38.5759694Z,2025-12-22T03:00:00Z,142,consumo_MedidorKaeser1_hora,COMPRESORES_AIRE
,,6,2025-12-16T21:41:38.5759694Z,2025-12-23T21:41:38.5759694Z,2025-12-22T03:30:00Z,138,consumo_MedidorKaeser1_hora,COMPRESORES_AIRE
,,6,2025-12-16T21:41:38.5759694Z,2025-12-23T21:41:38.5759694Z,2025-12-22T04:00:00Z,138,consumo_MedidorKaeser1_hora,COMPRESORES_AIRE
,,6,2025-12-16T21:41:38.5759694Z,2025-12-23T21:41:38.5759694Z,2025-12-22T04:30:00Z,136,consumo_MedidorKaeser1_hora,COMPRESORES_AIRE
,,6,2025-12-16T21:41:38.5759694Z,2025-12-23T21:41:38.5759694Z,2025-12-22T05:00:00Z,136,consumo_MedidorKaeser1_hora,COMPRESORES_AIRE
,,6,2025-12-16T21:41:38.5759694Z,2025-12-23T21:41:38.5759694Z,2025-12-22T05:30:00Z,136,consumo_MedidorKaeser1_hora,COMPRESORES_AIRE
,,6,2025-12-16T21:41:38.5759694Z,2025-12-23T21:41:38.5759694Z,2025-12-22T06:00:00Z,136,consumo_MedidorKaeser1_hora,COMPRESORES_AIRE
,,6,2025-12-16T21:41:38.5759694Z,2025-12-23T21:41:38.5759694Z,2025-12-22T06:30:00Z,136,consumo_MedidorKaeser1_hora,COMPRESORES_AIRE
,,6,2025-12-16T21:41:38.5759694Z,2025-12-23T21:41:38.5759694Z,2025-12-22T07:00:00Z,136,consumo_MedidorKaeser1_hora,COMPRESORES_AIRE
,,6,2025-12-16T21:41:38.5759694Z,2025-12-23T21:41:38.5759694Z,2025-12-22T07:30:00Z,280,consumo_MedidorKaeser1_hora,COMPRESORES_AIRE
,,6,2025-12-16T21:41:38.5759694Z,2025-12-23T21:41:38.5759694Z,2025-12-22T08:00:00Z,280,consumo_MedidorKaeser1_hora,COMPRESORES_AIRE
,,6,2025-12-16T21:41:38.5759694Z,2025-12-23T21:41:38.5759694Z,2025-12-22T08:30:00Z,144,consumo_MedidorKaeser1_hora,COMPRESORES_AIRE
,,6,2025-12-16T21:41:38.5759694Z,2025-12-23T21:41:38.5759694Z,2025-12-22T09:00:00Z,144,consumo_MedidorKaeser1_hora,COMPRESORES_AIRE
,,6,2025-12-16T21:41:38.5759694Z,2025-12-23T21:41:38.5759694Z,2025-12-22T09:30:00Z,148,consumo_MedidorKaeser1_hora,COMPRESORES_AIRE
,,6,2025-12-16T21:41:38.5759694Z,2025-12-23T21:41:38.5759694Z,2025-12-22T10:00:00Z,148,consumo_MedidorKaeser1_hora,COMPRESORES_AIRE
,,6,2025-12-16T21:41:38.5759694Z,2025-12-23T21:41:38.5759694Z,2025-12-22T10:30:00Z,138,consumo_MedidorKaeser1_hora,COMPRESORES_AIRE
,,6,2025-12-16T21:41:38.5759694Z,2025-12-23T21:41:38.5759694Z,2025-12-22T11:00:00Z,138,consumo_MedidorKaeser1_hora,COMPRESORES_AIRE
,,6,2025-12-16T21:41:38.5759694Z,2025-12-23T21:41:38.5759694Z,2025-12-22T11:30:00Z,136,consumo_MedidorKaeser1_hora,COMPRESORES_AIRE
,,6,2025-12-16T21:41:38.5759694Z,2025-12-23T21:41:38.5759694Z,2025-12-22T12:00:00Z,136,consumo_MedidorKaeser1_hora,COMPRESORES_AIRE
,,6,2025-12-16T21:41:38.5759694Z,2025-12-23T21:41:38.5759694Z,2025-12-22T12:30:00Z,140,consumo_MedidorKaeser1_hora,COMPRESORES_AIRE
,,6,2025-12-16T21:41:38.5759694Z,2025-12-23T21:41:38.5759694Z,2025-12-22T13:00:00Z,140,consumo_MedidorKaeser1_hora,COMPRESORES_AIRE
,,6,2025-12-16T21:41:38.5759694Z,2025-12-23T21:41:38.5759694Z,2025-12-22T13:30:00Z,136,consumo_MedidorKaeser1_hora,COMPRESORES_AIRE
,,6,2025-12-16T21:41:38.5759694Z,2025-12-23T21:41:38.5759694Z,2025-12-22T14:00:00Z,136,consumo_MedidorKaeser1_hora,COMPRESORES_AIRE
,,6,2025-12-16T21:41:38.5759694Z,2025-12-23T21:41:38.5759694Z,2025-12-22T14:30:00Z,131,consumo_MedidorKaeser1_hora,COMPRESORES_AIRE
,,6,2025-12-16T21:41:38.5759694Z,2025-12-23T21:41:38.5759694Z,2025-12-22T15:00:00Z,131,consumo_MedidorKaeser1_hora,COMPRESORES_AIRE
,,6,2025-12-16T21:41:38.5759694Z,2025-12-23T21:41:38.5759694Z,2025-12-22T15:30:00Z,132,consumo_MedidorKaeser1_hora,COMPRESORES_AIRE
,,6,2025-12-16T21:41:38.5759694Z,2025-12-23T21:41:38.5759694Z,2025-12-22T16:00:00Z,132,consumo_MedidorKaeser1_hora,COMPRESORES_AIRE
,,6,2025-12-16T21:41:38.5759694Z,2025-12-23T21:41:38.5759694Z,2025-12-22T16:30:00Z,4068,consumo_MedidorKaeser1_hora,COMPRESORES_AIRE
,,6,2025-12-16T21:41:38.5759694Z,2025-12-23T21:41:38.5759694Z,2025-12-22T17:00:00Z,4068,consumo_MedidorKaeser1_hora,COMPRESORES_AIRE
,,6,2025-12-16T21:41:38.5759694Z,2025-12-23T21:41:38.5759694Z,2025-12-22T17:30:00Z,6734,consumo_MedidorKaeser1_hora,COMPRESORES_AIRE
,,6,2025-12-16T21:41:38.5759694Z,2025-12-23T21:41:38.5759694Z,2025-12-22T18:00:00Z,6734,consumo_MedidorKaeser1_hora,COMPRESORES_AIRE
,,6,2025-12-16T21:41:38.5759694Z,2025-12-23T21:41:38.5759694Z,2025-12-22T18:30:00Z,6533,consumo_MedidorKaeser1_hora,COMPRESORES_AIRE
,,6,2025-12-16T21:41:38.5759694Z,2025-12-23T21:41:38.5759694Z,2025-12-22T19:00:00Z,6533,consumo_MedidorKaeser1_hora,COMPRESORES_AIRE
,,6,2025-12-16T21:41:38.5759694Z,2025-12-23T21:41:38.5759694Z,2025-12-22T19:30:00Z,6424,consumo_MedidorKaeser1_hora,COMPRESORES_AIRE
,,6,2025-12-16T21:41:38.5759694Z,2025-12-23T21:41:38.5759694Z,2025-12-22T20:00:00Z,6424,consumo_MedidorKaeser1_hora,COMPRESORES_AIRE
,,6,2025-12-16T21:41:38.5759694Z,2025-12-23T21:41:38.5759694Z,2025-12-22T20:30:00Z,6019,consumo_MedidorKaeser1_hora,COMPRESORES_AIRE
,,6,2025-12-16T21:41:38.5759694Z,2025-12-23T21:41:38.5759694Z,2025-12-22T21:00:00Z,6019,consumo_MedidorKaeser1_hora,COMPRESORES_AIRE
,,6,2025-12-16T21:41:38.5759694Z,2025-12-23T21:41:38.5759694Z,2025-12-22T21:30:00Z,5653,consumo_MedidorKaeser1_hora,COMPRESORES_AIRE
,,6,2025-12-16T21:41:38.5759694Z,2025-12-23T21:41:38.5759694Z,2025-12-22T22:00:00Z,5653,consumo_MedidorKaeser1_hora,COMPRESORES_AIRE
,,6,2025-12-16T21:41:38.5759694Z,2025-12-23T21:41:38.5759694Z,2025-12-22T22:30:00Z,5707,consumo_MedidorKaeser1_hora,COMPRESORES_AIRE
,,6,2025-12-16T21:41:38.5759694Z,2025-12-23T21:41:38.5759694Z,2025-12-22T23:00:00Z,5707,consumo_MedidorKaeser1_hora,COMPRESORES_AIRE
,,6,2025-12-16T21:41:38.5759694Z,2025-12-23T21:41:38.5759694Z,2025-12-22T23:30:00Z,6334,consumo_MedidorKaeser1_hora,COMPRESORES_AIRE
,,6,2025-12-16T21:41:38.5759694Z,2025-12-23T21:41:38.5759694Z,2025-12-23T00:00:00Z,6334,consumo_MedidorKaeser1_hora,COMPRESORES_AIRE
,,6,2025-12-16T21:41:38.5759694Z,2025-12-23T21:41:38.5759694Z,2025-12-23T00:30:00Z,7039,consumo_MedidorKaeser1_hora,COMPRESORES_AIRE
,,6,2025-12-16T21:41:38.5759694Z,2025-12-23T21:41:38.5759694Z,2025-12-23T01:00:00Z,7039,consumo_MedidorKaeser1_hora,COMPRESORES_AIRE
,,6,2025-12-16T21:41:38.5759694Z,2025-12-23T21:41:38.5759694Z,2025-12-23T01:30:00Z,6680,consumo_MedidorKaeser1_hora,COMPRESORES_AIRE
,,6,2025-12-16T21:41:38.5759694Z,2025-12-23T21:41:38.5759694Z,2025-12-23T02:00:00Z,6680,consumo_MedidorKaeser1_hora,COMPRESORES_AIRE
,,6,2025-12-16T21:41:38.5759694Z,2025-12-23T21:41:38.5759694Z,2025-12-23T02:30:00Z,5465,consumo_MedidorKaeser1_hora,COMPRESORES_AIRE
,,6,2025-12-16T21:41:38.5759694Z,2025-12-23T21:41:38.5759694Z,2025-12-23T03:00:00Z,5465,consumo_MedidorKaeser1_hora,COMPRESORES_AIRE
,,6,2025-12-16T21:41:38.5759694Z,2025-12-23T21:41:38.5759694Z,2025-12-23T03:30:00Z,5925,consumo_MedidorKaeser1_hora,COMPRESORES_AIRE
,,6,2025-12-16T21:41:38.5759694Z,2025-12-23T21:41:38.5759694Z,2025-12-23T04:00:00Z,5925,consumo_MedidorKaeser1_hora,COMPRESORES_AIRE
,,6,2025-12-16T21:41:38.5759694Z,2025-12-23T21:41:38.5759694Z,2025-12-23T04:30:00Z,5726,consumo_MedidorKaeser1_hora,COMPRESORES_AIRE
,,6,2025-12-16T21:41:38.5759694Z,2025-12-23T21:41:38.5759694Z,2025-12-23T05:00:00Z,5726,consumo_MedidorKaeser1_hora,COMPRESORES_AIRE
,,6,2025-12-16T21:41:38.5759694Z,2025-12-23T21:41:38.5759694Z,2025-12-23T05:30:00Z,5685,consumo_MedidorKaeser1_hora,COMPRESORES_AIRE
,,6,2025-12-16T21:41:38.5759694Z,2025-12-23T21:41:38.5759694Z,2025-12-23T06:00:00Z,5685,consumo_MedidorKaeser1_hora,COMPRESORES_AIRE
,,6,2025-12-16T21:41:38.5759694Z,2025-12-23T21:41:38.5759694Z,2025-12-23T06:30:00Z,5685,consumo_MedidorKaeser1_hora,COMPRESORES_AIRE
,,6,2025-12-16T21:41:38.5759694Z,2025-12-23T21:41:38.5759694Z,2025-12-23T07:00:00Z,5685,consumo_MedidorKaeser1_hora,COMPRESORES_AIRE
,,6,2025-12-16T21:41:38.5759694Z,2025-12-23T21:41:38.5759694Z,2025-12-23T07:30:00Z,10894,consumo_MedidorKaeser1_hora,COMPRESORES_AIRE
,,6,2025-12-16T21:41:38.5759694Z,2025-12-23T21:41:38.5759694Z,2025-12-23T08:00:00Z,10894,consumo_MedidorKaeser1_hora,COMPRESORES_AIRE
,,6,2025-12-16T21:41:38.5759694Z,2025-12-23T21:41:38.5759694Z,2025-12-23T08:30:00Z,5131,consumo_MedidorKaeser1_hora,COMPRESORES_AIRE
,,6,2025-12-16T21:41:38.5759694Z,2025-12-23T21:41:38.5759694Z,2025-12-23T09:00:00Z,5131,consumo_MedidorKaeser1_hora,COMPRESORES_AIRE
,,6,2025-12-16T21:41:38.5759694Z,2025-12-23T21:41:38.5759694Z,2025-12-23T09:30:00Z,5329,consumo_MedidorKaeser1_hora,COMPRESORES_AIRE
,,6,2025-12-16T21:41:38.5759694Z,2025-12-23T21:41:38.5759694Z,2025-12-23T10:00:00Z,5329,consumo_MedidorKaeser1_hora,COMPRESORES_AIRE
,,6,2025-12-16T21:41:38.5759694Z,2025-12-23T21:41:38.5759694Z,2025-12-23T10:30:00Z,5856,consumo_MedidorKaeser1_hora,COMPRESORES_AIRE
,,6,2025-12-16T21:41:38.5759694Z,2025-12-23T21:41:38.5759694Z,2025-12-23T11:00:00Z,5856,consumo_MedidorKaeser1_hora,COMPRESORES_AIRE
,,6,2025-12-16T21:41:38.5759694Z,2025-12-23T21:41:38.5759694Z,2025-12-23T11:30:00Z,5339,consumo_MedidorKaeser1_hora,COMPRESORES_AIRE
,,6,2025-12-16T21:41:38.5759694Z,2025-12-23T21:41:38.5759694Z,2025-12-23T12:00:00Z,5339,consumo_MedidorKaeser1_hora,COMPRESORES_AIRE
,,6,2025-12-16T21:41:38.5759694Z,2025-12-23T21:41:38.5759694Z,2025-12-23T12:30:00Z,4558,consumo_MedidorKaeser1_hora,COMPRESORES_AIRE
,,6,2025-12-16T21:41:38.5759694Z,2025-12-23T21:41:38.5759694Z,2025-12-23T13:00:00Z,4558,consumo_MedidorKaeser1_hora,COMPRESORES_AIRE
,,6,2025-12-16T21:41:38.5759694Z,2025-12-23T21:41:38.5759694Z,2025-12-23T13:30:00Z,5069,consumo_MedidorKaeser1_hora,COMPRESORES_AIRE
,,6,2025-12-16T21:41:38.5759694Z,2025-12-23T21:41:38.5759694Z,2025-12-23T14:00:00Z,5069,consumo_MedidorKaeser1_hora,COMPRESORES_AIRE
,,6,2025-12-16T21:41:38.5759694Z,2025-12-23T21:41:38.5759694Z,2025-12-23T14:30:00Z,6233,consumo_MedidorKaeser1_hora,COMPRESORES_AIRE
,,6,2025-12-16T21:41:38.5759694Z,2025-12-23T21:41:38.5759694Z,2025-12-23T15:00:00Z,6233,consumo_MedidorKaeser1_hora,COMPRESORES_AIRE
,,6,2025-12-16T21:41:38.5759694Z,2025-12-23T21:41:38.5759694Z,2025-12-23T15:30:00Z,6181,consumo_MedidorKaeser1_hora,COMPRESORES_AIRE
,,6,2025-12-16T21:41:38.5759694Z,2025-12-23T21:41:38.5759694Z,2025-12-23T16:00:00Z,6181,consumo_MedidorKaeser1_hora,COMPRESORES_AIRE
,,6,2025-12-16T21:41:38.5759694Z,2025-12-23T21:41:38.5759694Z,2025-12-23T16:30:00Z,5903,consumo_MedidorKaeser1_hora,COMPRESORES_AIRE
,,6,2025-12-16T21:41:38.5759694Z,2025-12-23T21:41:38.5759694Z,2025-12-23T17:00:00Z,5903,consumo_MedidorKaeser1_hora,COMPRESORES_AIRE
,,6,2025-12-16T21:41:38.5759694Z,2025-12-23T21:41:38.5759694Z,2025-12-23T17:30:00Z,5661,consumo_MedidorKaeser1_hora,COMPRESORES_AIRE
,,6,2025-12-16T21:41:38.5759694Z,2025-12-23T21:41:38.5759694Z,2025-12-23T18:00:00Z,5661,consumo_MedidorKaeser1_hora,COMPRESORES_AIRE
,,6,2025-12-16T21:41:38.5759694Z,2025-12-23T21:41:38.5759694Z,2025-12-23T18:30:00Z,5006,consumo_MedidorKaeser1_hora,COMPRESORES_AIRE
,,6,2025-12-16T21:41:38.5759694Z,2025-12-23T21:41:38.5759694Z,2025-12-23T19:00:00Z,5006,consumo_MedidorKaeser1_hora,COMPRESORES_AIRE
,,6,2025-12-16T21:41:38.5759694Z,2025-12-23T21:41:38.5759694Z,2025-12-23T19:30:00Z,5584,consumo_MedidorKaeser1_hora,COMPRESORES_AIRE
,,6,2025-12-16T21:41:38.5759694Z,2025-12-23T21:41:38.5759694Z,2025-12-23T20:00:00Z,5584,consumo_MedidorKaeser1_hora,COMPRESORES_AIRE
,,6,2025-12-16T21:41:38.5759694Z,2025-12-23T21:41:38.5759694Z,2025-12-23T20:30:00Z,4949,consumo_MedidorKaeser1_hora,COMPRESORES_AIRE
,,6,2025-12-16T21:41:38.5759694Z,2025-12-23T21:41:38.5759694Z,2025-12-23T21:00:00Z,4949,consumo_MedidorKaeser1_hora,COMPRESORES_AIRE
,,6,2025-12-16T21:41:38.5759694Z,2025-12-23T21:41:38.5759694Z,2025-12-23T21:30:00Z,5487,consumo_MedidorKaeser1_hora,COMPRESORES_AIRE
,,6,2025-12-16T21:41:38.5759694Z,2025-12-23T21:41:38.5759694Z,2025-12-23T21:41:38.5759694Z,5487,consumo_MedidorKaeser1_hora,COMPRESORES_AIRE
,,7,2025-12-16T21:41:38.5759694Z,2025-12-23T21:41:38.5759694Z,2025-12-16T22:00:00Z,94,consumo_MedidorKaeser1_minuto,COMPRESORES_AIRE
,,7,2025-12-16T21:41:38.5759694Z,2025-12-23T21:41:38.5759694Z,2025-12-16T22:30:00Z,87,consumo_MedidorKaeser1_minuto,COMPRESORES_AIRE
,,7,2025-12-16T21:41:38.5759694Z,2025-12-23T21:41:38.5759694Z,2025-12-16T23:00:00Z,102,consumo_MedidorKaeser1_minuto,COMPRESORES_AIRE
,,7,2025-12-16T21:41:38.5759694Z,2025-12-23T21:41:38.5759694Z,2025-12-16T23:30:00Z,106,consumo_MedidorKaeser1_minuto,COMPRESORES_AIRE
,,7,2025-12-16T21:41:38.5759694Z,2025-12-23T21:41:38.5759694Z,2025-12-17T00:00:00Z,87,consumo_MedidorKaeser1_minuto,COMPRESORES_AIRE
,,7,2025-12-16T21:41:38.5759694Z,2025-12-23T21:41:38.5759694Z,2025-12-17T00:30:00Z,84,consumo_MedidorKaeser1_minuto,COMPRESORES_AIRE
,,7,2025-12-16T21:41:38.5759694Z,2025-12-23T21:41:38.5759694Z,2025-12-17T01:00:00Z,101,consumo_MedidorKaeser1_minuto,COMPRESORES_AIRE
,,7,2025-12-16T21:41:38.5759694Z,2025-12-23T21:41:38.5759694Z,2025-12-17T01:30:00Z,99,consumo_MedidorKaeser1_minuto,COMPRESORES_AIRE
,,7,2025-12-16T21:41:38.5759694Z,2025-12-23T21:41:38.5759694Z,2025-12-17T02:00:00Z,97,consumo_MedidorKaeser1_minuto,COMPRESORES_AIRE
,,7,2025-12-16T21:41:38.5759694Z,2025-12-23T21:41:38.5759694Z,2025-12-17T02:30:00Z,80,consumo_MedidorKaeser1_minuto,COMPRESORES_AIRE
,,7,2025-12-16T21:41:38.5759694Z,2025-12-23T21:41:38.5759694Z,2025-12-17T03:00:00Z,83,consumo_MedidorKaeser1_minuto,COMPRESORES_AIRE
,,7,2025-12-16T21:41:38.5759694Z,2025-12-23T21:41:38.5759694Z,2025-12-17T03:30:00Z,96,consumo_MedidorKaeser1_minuto,COMPRESORES_AIRE
,,7,2025-12-16T21:41:38.5759694Z,2025-12-23T21:41:38.5759694Z,2025-12-17T04:00:00Z,98,consumo_MedidorKaeser1_minuto,COMPRESORES_AIRE
,,7,2025-12-16T21:41:38.5759694Z,2025-12-23T21:41:38.5759694Z,2025-12-17T04:30:00Z,88,consumo_MedidorKaeser1_minuto,COMPRESORES_AIRE
,,7,2025-12-16T21:41:38.5759694Z,2025-12-23T21:41:38.5759694Z,2025-12-17T05:00:00Z,88,consumo_MedidorKaeser1_minuto,COMPRESORES_AIRE
,,7,2025-12-16T21:41:38.5759694Z,2025-12-23T21:41:38.5759694Z,2025-12-17T05:30:00Z,97,consumo_MedidorKaeser1_minuto,COMPRESORES_AIRE
,,7,2025-12-16T21:41:38.5759694Z,2025-12-23T21:41:38.5759694Z,2025-12-17T06:00:00Z,92,consumo_MedidorKaeser1_minuto,COMPRESORES_AIRE
,,7,2025-12-16T21:41:38.5759694Z,2025-12-23T21:41:38.5759694Z,2025-12-17T06:30:00Z,81,consumo_MedidorKaeser1_minuto,COMPRESORES_AIRE
,,7,2025-12-16T21:41:38.5759694Z,2025-12-23T21:41:38.5759694Z,2025-12-17T07:00:00Z,82,consumo_MedidorKaeser1_minuto,COMPRESORES_AIRE
,,7,2025-12-16T21:41:38.5759694Z,2025-12-23T21:41:38.5759694Z,2025-12-17T07:30:00Z,90,consumo_MedidorKaeser1_minuto,COMPRESORES_AIRE
,,7,2025-12-16T21:41:38.5759694Z,2025-12-23T21:41:38.5759694Z,2025-12-17T08:00:00Z,85,consumo_MedidorKaeser1_minuto,COMPRESORES_AIRE
,,7,2025-12-16T21:41:38.5759694Z,2025-12-23T21:41:38.5759694Z,2025-12-17T08:30:00Z,89,consumo_MedidorKaeser1_minuto,COMPRESORES_AIRE
,,7,2025-12-16T21:41:38.5759694Z,2025-12-23T21:41:38.5759694Z,2025-12-17T09:00:00Z,74,consumo_MedidorKaeser1_minuto,COMPRESORES_AIRE
,,7,2025-12-16T21:41:38.5759694Z,2025-12-23T21:41:38.5759694Z,2025-12-17T09:30:00Z,64,consumo_MedidorKaeser1_minuto,COMPRESORES_AIRE
,,7,2025-12-16T21:41:38.5759694Z,2025-12-23T21:41:38.5759694Z,2025-12-17T10:00:00Z,80,consumo_MedidorKaeser1_minuto,COMPRESORES_AIRE
,,7,2025-12-16T21:41:38.5759694Z,2025-12-23T21:41:38.5759694Z,2025-12-17T10:30:00Z,75,consumo_MedidorKaeser1_minuto,COMPRESORES_AIRE
,,7,2025-12-16T21:41:38.5759694Z,2025-12-23T21:41:38.5759694Z,2025-12-17T11:00:00Z,65,consumo_MedidorKaeser1_minuto,COMPRESORES_AIRE
,,7,2025-12-16T21:41:38.5759694Z,2025-12-23T21:41:38.5759694Z,2025-12-17T11:30:00Z,70,consumo_MedidorKaeser1_minuto,COMPRESORES_AIRE
,,7,2025-12-16T21:41:38.5759694Z,2025-12-23T21:41:38.5759694Z,2025-12-17T12:00:00Z,80,consumo_MedidorKaeser1_minuto,COMPRESORES_AIRE
,,7,2025-12-16T21:41:38.5759694Z,2025-12-23T21:41:38.5759694Z,2025-12-17T12:30:00Z,78,consumo_MedidorKaeser1_minuto,COMPRESORES_AIRE
,,7,2025-12-16T21:41:38.5759694Z,2025-12-23T21:41:38.5759694Z,2025-12-17T13:00:00Z,79,consumo_MedidorKaeser1_minuto,COMPRESORES_AIRE
,,7,2025-12-16T21:41:38.5759694Z,2025-12-23T21:41:38.5759694Z,2025-12-17T13:30:00Z,59,consumo_MedidorKaeser1_minuto,COMPRESORES_AIRE
,,7,2025-12-16T21:41:38.5759694Z,2025-12-23T21:41:38.5759694Z,2025-12-17T14:00:00Z,71,consumo_MedidorKaeser1_minuto,COMPRESORES_AIRE
,,7,2025-12-16T21:41:38.5759694Z,2025-12-23T21:41:38.5759694Z,2025-12-17T14:30:00Z,82,consumo_MedidorKaeser1_minuto,COMPRESORES_AIRE
,,7,2025-12-16T21:41:38.5759694Z,2025-12-23T21:41:38.5759694Z,2025-12-17T15:00:00Z,0,consumo_MedidorKaeser1_minuto,COMPRESORES_AIRE
,,7,2025-12-16T21:41:38.5759694Z,2025-12-23T21:41:38.5759694Z,2025-12-18T21:30:00Z,0,consumo_MedidorKaeser1_minuto,COMPRESORES_AIRE
,,7,2025-12-16T21:41:38.5759694Z,2025-12-23T21:41:38.5759694Z,2025-12-19T15:30:00Z,93,consumo_MedidorKaeser1_minuto,COMPRESORES_AIRE
,,7,2025-12-16T21:41:38.5759694Z,2025-12-23T21:41:38.5759694Z,2025-12-19T16:00:00Z,66,consumo_MedidorKaeser1_minuto,COMPRESORES_AIRE
,,7,2025-12-16T21:41:38.5759694Z,2025-12-23T21:41:38.5759694Z,2025-12-19T16:30:00Z,1881,consumo_MedidorKaeser1_minuto,COMPRESORES_AIRE
,,7,2025-12-16T21:41:38.5759694Z,2025-12-23T21:41:38.5759694Z,2025-12-19T17:00:00Z,109,consumo_MedidorKaeser1_minuto,COMPRESORES_AIRE
,,7,2025-12-16T21:41:38.5759694Z,2025-12-23T21:41:38.5759694Z,2025-12-19T17:30:00Z,108,consumo_MedidorKaeser1_minuto,COMPRESORES_AIRE
,,7,2025-12-16T21:41:38.5759694Z,2025-12-23T21:41:38.5759694Z,2025-12-19T18:00:00Z,97,consumo_MedidorKaeser1_minuto,COMPRESORES_AIRE
,,7,2025-12-16T21:41:38.5759694Z,2025-12-23T21:41:38.5759694Z,2025-12-19T18:30:00Z,88,consumo_MedidorKaeser1_minuto,COMPRESORES_AIRE
,,7,2025-12-16T21:41:38.5759694Z,2025-12-23T21:41:38.5759694Z,2025-12-19T19:00:00Z,107,consumo_MedidorKaeser1_minuto,COMPRESORES_AIRE
,,7,2025-12-16T21:41:38.5759694Z,2025-12-23T21:41:38.5759694Z,2025-12-19T19:30:00Z,101,consumo_MedidorKaeser1_minuto,COMPRESORES_AIRE
,,7,2025-12-16T21:41:38.5759694Z,2025-12-23T21:41:38.5759694Z,2025-12-19T20:00:00Z,99,consumo_MedidorKaeser1_minuto,COMPRESORES_AIRE
,,7,2025-12-16T21:41:38.5759694Z,2025-12-23T21:41:38.5759694Z,2025-12-19T20:30:00Z,93,consumo_MedidorKaeser1_minuto,COMPRESORES_AIRE
,,7,2025-12-16T21:41:38.5759694Z,2025-12-23T21:41:38.5759694Z,2025-12-19T21:00:00Z,87,consumo_MedidorKaeser1_minuto,COMPRESORES_AIRE
,,7,2025-12-16T21:41:38.5759694Z,2025-12-23T21:41:38.5759694Z,2025-12-19T21:30:00Z,100,consumo_MedidorKaeser1_minuto,COMPRESORES_AIRE
,,7,2025-12-16T21:41:38.5759694Z,2025-12-23T21:41:38.5759694Z,2025-12-19T22:00:00Z,102,consumo_MedidorKaeser1_minuto,COMPRESORES_AIRE
,,7,2025-12-16T21:41:38.5759694Z,2025-12-23T21:41:38.5759694Z,2025-12-19T22:30:00Z,90,consumo_MedidorKaeser1_minuto,COMPRESORES_AIRE
,,7,2025-12-16T21:41:38.5759694Z,2025-12-23T21:41:38.5759694Z,2025-12-19T23:00:00Z,90,consumo_MedidorKaeser1_minuto,COMPRESORES_AIRE
,,7,2025-12-16T21:41:38.5759694Z,2025-12-23T21:41:38.5759694Z,2025-12-19T23:30:00Z,97,consumo_MedidorKaeser1_minuto,COMPRESORES_AIRE
,,7,2025-12-16T21:41:38.5759694Z,2025-12-23T21:41:38.5759694Z,2025-12-20T00:00:00Z,115,consumo_MedidorKaeser1_minuto,COMPRESORES_AIRE
,,7,2025-12-16T21:41:38.5759694Z,2025-12-23T21:41:38.5759694Z,2025-12-20T00:30:00Z,112,consumo_MedidorKaeser1_minuto,COMPRESORES_AIRE
,,7,2025-12-16T21:41:38.5759694Z,2025-12-23T21:41:38.5759694Z,2025-12-20T01:00:00Z,96,consumo_MedidorKaeser1_minuto,COMPRESORES_AIRE
,,7,2025-12-16T21:41:38.5759694Z,2025-12-23T21:41:38.5759694Z,2025-12-20T01:30:00Z,99,consumo_MedidorKaeser1_minuto,COMPRESORES_AIRE
,,7,2025-12-16T21:41:38.5759694Z,2025-12-23T21:41:38.5759694Z,2025-12-20T02:00:00Z,0,consumo_MedidorKaeser1_minuto,COMPRESORES_AIRE
,,7,2025-12-16T21:41:38.5759694Z,2025-12-23T21:41:38.5759694Z,2025-12-20T21:00:00Z,121,consumo_MedidorKaeser1_minuto,COMPRESORES_AIRE
,,7,2025-12-16T21:41:38.5759694Z,2025-12-23T21:41:38.5759694Z,2025-12-20T21:30:00Z,86,consumo_MedidorKaeser1_minuto,COMPRESORES_AIRE
,,7,2025-12-16T21:41:38.5759694Z,2025-12-23T21:41:38.5759694Z,2025-12-20T22:00:00Z,104,consumo_MedidorKaeser1_minuto,COMPRESORES_AIRE
,,7,2025-12-16T21:41:38.5759694Z,2025-12-23T21:41:38.5759694Z,2025-12-20T22:30:00Z,102,consumo_MedidorKaeser1_minuto,COMPRESORES_AIRE
,,7,2025-12-16T21:41:38.5759694Z,2025-12-23T21:41:38.5759694Z,2025-12-20T23:00:00Z,125,consumo_MedidorKaeser1_minuto,COMPRESORES_AIRE
,,7,2025-12-16T21:41:38.5759694Z,2025-12-23T21:41:38.5759694Z,2025-12-20T23:30:00Z,130,consumo_MedidorKaeser1_minuto,COMPRESORES_AIRE
,,7,2025-12-16T21:41:38.5759694Z,2025-12-23T21:41:38.5759694Z,2025-12-21T00:00:00Z,105,consumo_MedidorKaeser1_minuto,COMPRESORES_AIRE
,,7,2025-12-16T21:41:38.5759694Z,2025-12-23T21:41:38.5759694Z,2025-12-21T00:30:00Z,100,consumo_MedidorKaeser1_minuto,COMPRESORES_AIRE
,,7,2025-12-16T21:41:38.5759694Z,2025-12-23T21:41:38.5759694Z,2025-12-21T01:00:00Z,91,consumo_MedidorKaeser1_minuto,COMPRESORES_AIRE
,,7,2025-12-16T21:41:38.5759694Z,2025-12-23T21:41:38.5759694Z,2025-12-21T01:30:00Z,117,consumo_MedidorKaeser1_minuto,COMPRESORES_AIRE
,,7,2025-12-16T21:41:38.5759694Z,2025-12-23T21:41:38.5759694Z,2025-12-21T02:00:00Z,115,consumo_MedidorKaeser1_minuto,COMPRESORES_AIRE
,,7,2025-12-16T21:41:38.5759694Z,2025-12-23T21:41:38.5759694Z,2025-12-21T02:30:00Z,97,consumo_MedidorKaeser1_minuto,COMPRESORES_AIRE
,,7,2025-12-16T21:41:38.5759694Z,2025-12-23T21:41:38.5759694Z,2025-12-21T03:00:00Z,95,consumo_MedidorKaeser1_minuto,COMPRESORES_AIRE
,,7,2025-12-16T21:41:38.5759694Z,2025-12-23T21:41:38.5759694Z,2025-12-21T03:30:00Z,112,consumo_MedidorKaeser1_minuto,COMPRESORES_AIRE
,,7,2025-12-16T21:41:38.5759694Z,2025-12-23T21:41:38.5759694Z,2025-12-21T04:00:00Z,82,consumo_MedidorKaeser1_minuto,COMPRESORES_AIRE
,,7,2025-12-16T21:41:38.5759694Z,2025-12-23T21:41:38.5759694Z,2025-12-21T04:30:00Z,95,consumo_MedidorKaeser1_minuto,COMPRESORES_AIRE
,,7,2025-12-16T21:41:38.5759694Z,2025-12-23T21:41:38.5759694Z,2025-12-21T05:00:00Z,83,consumo_MedidorKaeser1_minuto,COMPRESORES_AIRE
,,7,2025-12-16T21:41:38.5759694Z,2025-12-23T21:41:38.5759694Z,2025-12-21T05:30:00Z,96,consumo_MedidorKaeser1_minuto,COMPRESORES_AIRE
,,7,2025-12-16T21:41:38.5759694Z,2025-12-23T21:41:38.5759694Z,2025-12-21T06:00:00Z,0,consumo_MedidorKaeser1_minuto,COMPRESORES_AIRE
,,7,2025-12-16T21:41:38.5759694Z,2025-12-23T21:41:38.5759694Z,2025-12-21T06:30:00Z,0,consumo_MedidorKaeser1_minuto,COMPRESORES_AIRE
,,7,2025-12-16T21:41:38.5759694Z,2025-12-23T21:41:38.5759694Z,2025-12-21T07:00:00Z,0,consumo_MedidorKaeser1_minuto,COMPRESORES_AIRE
,,7,2025-12-16T21:41:38.5759694Z,2025-12-23T21:41:38.5759694Z,2025-12-21T07:30:00Z,90,consumo_MedidorKaeser1_minuto,COMPRESORES_AIRE
,,7,2025-12-16T21:41:38.5759694Z,2025-12-23T21:41:38.5759694Z,2025-12-21T08:00:00Z,120,consumo_MedidorKaeser1_minuto,COMPRESORES_AIRE
,,7,2025-12-16T21:41:38.5759694Z,2025-12-23T21:41:38.5759694Z,2025-12-21T08:30:00Z,126,consumo_MedidorKaeser1_minuto,COMPRESORES_AIRE
,,7,2025-12-16T21:41:38.5759694Z,2025-12-23T21:41:38.5759694Z,2025-12-21T09:00:00Z,90,consumo_MedidorKaeser1_minuto,COMPRESORES_AIRE
,,7,2025-12-16T21:41:38.5759694Z,2025-12-23T21:41:38.5759694Z,2025-12-21T09:30:00Z,78,consumo_MedidorKaeser1_minuto,COMPRESORES_AIRE
,,7,2025-12-16T21:41:38.5759694Z,2025-12-23T21:41:38.5759694Z,2025-12-21T10:00:00Z,93,consumo_MedidorKaeser1_minuto,COMPRESORES_AIRE
,,7,2025-12-16T21:41:38.5759694Z,2025-12-23T21:41:38.5759694Z,2025-12-21T10:30:00Z,118,consumo_MedidorKaeser1_minuto,COMPRESORES_AIRE
,,7,2025-12-16T21:41:38.5759694Z,2025-12-23T21:41:38.5759694Z,2025-12-21T11:00:00Z,118,consumo_MedidorKaeser1_minuto,COMPRESORES_AIRE
,,7,2025-12-16T21:41:38.5759694Z,2025-12-23T21:41:38.5759694Z,2025-12-21T11:30:00Z,91,consumo_MedidorKaeser1_minuto,COMPRESORES_AIRE
,,7,2025-12-16T21:41:38.5759694Z,2025-12-23T21:41:38.5759694Z,2025-12-21T12:00:00Z,84,consumo_MedidorKaeser1_minuto,COMPRESORES_AIRE
,,7,2025-12-16T21:41:38.5759694Z,2025-12-23T21:41:38.5759694Z,2025-12-21T12:30:00Z,78,consumo_MedidorKaeser1_minuto,COMPRESORES_AIRE
,,7,2025-12-16T21:41:38.5759694Z,2025-12-23T21:41:38.5759694Z,2025-12-21T13:00:00Z,114,consumo_MedidorKaeser1_minuto,COMPRESORES_AIRE
,,7,2025-12-16T21:41:38.5759694Z,2025-12-23T21:41:38.5759694Z,2025-12-21T13:30:00Z,70,consumo_MedidorKaeser1_minuto,COMPRESORES_AIRE
,,7,2025-12-16T21:41:38.5759694Z,2025-12-23T21:41:38.5759694Z,2025-12-21T14:00:00Z,2,consumo_MedidorKaeser1_minuto,COMPRESORES_AIRE
,,7,2025-12-16T21:41:38.5759694Z,2025-12-23T21:41:38.5759694Z,2025-12-21T14:30:00Z,2,consumo_MedidorKaeser1_minuto,COMPRESORES_AIRE
,,7,2025-12-16T21:41:38.5759694Z,2025-12-23T21:41:38.5759694Z,2025-12-21T15:00:00Z,2,consumo_MedidorKaeser1_minuto,COMPRESORES_AIRE
,,7,2025-12-16T21:41:38.5759694Z,2025-12-23T21:41:38.5759694Z,2025-12-21T15:30:00Z,0,consumo_MedidorKaeser1_minuto,COMPRESORES_AIRE
,,7,2025-12-16T21:41:38.5759694Z,2025-12-23T21:41:38.5759694Z,2025-12-21T20:30:00Z,2,consumo_MedidorKaeser1_minuto,COMPRESORES_AIRE
,,7,2025-12-16T21:41:38.5759694Z,2025-12-23T21:41:38.5759694Z,2025-12-21T21:00:00Z,2,consumo_MedidorKaeser1_minuto,COMPRESORES_AIRE
,,7,2025-12-16T21:41:38.5759694Z,2025-12-23T21:41:38.5759694Z,2025-12-21T21:30:00Z,2,consumo_MedidorKaeser1_minuto,COMPRESORES_AIRE
,,7,2025-12-16T21:41:38.5759694Z,2025-12-23T21:41:38.5759694Z,2025-12-21T22:00:00Z,2,consumo_MedidorKaeser1_minuto,COMPRESORES_AIRE
,,7,2025-12-16T21:41:38.5759694Z,2025-12-23T21:41:38.5759694Z,2025-12-21T22:30:00Z,2,consumo_MedidorKaeser1_minuto,COMPRESORES_AIRE
,,7,2025-12-16T21:41:38.5759694Z,2025-12-23T21:41:38.5759694Z,2025-12-21T23:00:00Z,3,consumo_MedidorKaeser1_minuto,COMPRESORES_AIRE
,,7,2025-12-16T21:41:38.5759694Z,2025-12-23T21:41:38.5759694Z,2025-12-21T23:30:00Z,2,consumo_MedidorKaeser1_minuto,COMPRESORES_AIRE
,,7,2025-12-16T21:41:38.5759694Z,2025-12-23T21:41:38.5759694Z,2025-12-22T00:00:00Z,2,consumo_MedidorKaeser1_minuto,COMPRESORES_AIRE
,,7,2025-12-16T21:41:38.5759694Z,2025-12-23T21:41:38.5759694Z,2025-12-22T00:30:00Z,2,consumo_MedidorKaeser1_minuto,COMPRESORES_AIRE
,,7,2025-12-16T21:41:38.5759694Z,2025-12-23T21:41:38.5759694Z,2025-12-22T01:00:00Z,3,consumo_MedidorKaeser1_minuto,COMPRESORES_AIRE
,,7,2025-12-16T21:41:38.5759694Z,2025-12-23T21:41:38.5759694Z,2025-12-22T01:30:00Z,3,consumo_MedidorKaeser1_minuto,COMPRESORES_AIRE
,,7,2025-12-16T21:41:38.5759694Z,2025-12-23T21:41:38.5759694Z,2025-12-22T02:00:00Z,1,consumo_MedidorKaeser1_minuto,COMPRESORES_AIRE
,,7,2025-12-16T21:41:38.5759694Z,2025-12-23T21:41:38.5759694Z,2025-12-22T02:30:00Z,2,consumo_MedidorKaeser1_minuto,COMPRESORES_AIRE
,,7,2025-12-16T21:41:38.5759694Z,2025-12-23T21:41:38.5759694Z,2025-12-22T03:00:00Z,2,consumo_MedidorKaeser1_minuto,COMPRESORES_AIRE
,,7,2025-12-16T21:41:38.5759694Z,2025-12-23T21:41:38.5759694Z,2025-12-22T03:30:00Z,2,consumo_MedidorKaeser1_minuto,COMPRESORES_AIRE
,,7,2025-12-16T21:41:38.5759694Z,2025-12-23T21:41:38.5759694Z,2025-12-22T04:00:00Z,2,consumo_MedidorKaeser1_minuto,COMPRESORES_AIRE
,,7,2025-12-16T21:41:38.5759694Z,2025-12-23T21:41:38.5759694Z,2025-12-22T04:30:00Z,2,consumo_MedidorKaeser1_minuto,COMPRESORES_AIRE
,,7,2025-12-16T21:41:38.5759694Z,2025-12-23T21:41:38.5759694Z,2025-12-22T05:00:00Z,2,consumo_MedidorKaeser1_minuto,COMPRESORES_AIRE
,,7,2025-12-16T21:41:38.5759694Z,2025-12-23T21:41:38.5759694Z,2025-12-22T05:30:00Z,2,consumo_MedidorKaeser1_minuto,COMPRESORES_AIRE
,,7,2025-12-16T21:41:38.5759694Z,2025-12-23T21:41:38.5759694Z,2025-12-22T06:00:00Z,2,consumo_MedidorKaeser1_minuto,COMPRESORES_AIRE
,,7,2025-12-16T21:41:38.5759694Z,2025-12-23T21:41:38.5759694Z,2025-12-22T06:30:00Z,2,consumo_MedidorKaeser1_minuto,COMPRESORES_AIRE
,,7,2025-12-16T21:41:38.5759694Z,2025-12-23T21:41:38.5759694Z,2025-12-22T07:00:00Z,2,consumo_MedidorKaeser1_minuto,COMPRESORES_AIRE
,,7,2025-12-16T21:41:38.5759694Z,2025-12-23T21:41:38.5759694Z,2025-12-22T07:30:00Z,2,consumo_MedidorKaeser1_minuto,COMPRESORES_AIRE
,,7,2025-12-16T21:41:38.5759694Z,2025-12-23T21:41:38.5759694Z,2025-12-22T08:00:00Z,2,consumo_MedidorKaeser1_minuto,COMPRESORES_AIRE
,,7,2025-12-16T21:41:38.5759694Z,2025-12-23T21:41:38.5759694Z,2025-12-22T08:30:00Z,3,consumo_MedidorKaeser1_minuto,COMPRESORES_AIRE
,,7,2025-12-16T21:41:38.5759694Z,2025-12-23T21:41:38.5759694Z,2025-12-22T09:00:00Z,2,consumo_MedidorKaeser1_minuto,COMPRESORES_AIRE
,,7,2025-12-16T21:41:38.5759694Z,2025-12-23T21:41:38.5759694Z,2025-12-22T09:30:00Z,2,consumo_MedidorKaeser1_minuto,COMPRESORES_AIRE
,,7,2025-12-16T21:41:38.5759694Z,2025-12-23T21:41:38.5759694Z,2025-12-22T10:00:00Z,2,consumo_MedidorKaeser1_minuto,COMPRESORES_AIRE
,,7,2025-12-16T21:41:38.5759694Z,2025-12-23T21:41:38.5759694Z,2025-12-22T10:30:00Z,2,consumo_MedidorKaeser1_minuto,COMPRESORES_AIRE
,,7,2025-12-16T21:41:38.5759694Z,2025-12-23T21:41:38.5759694Z,2025-12-22T11:00:00Z,2,consumo_MedidorKaeser1_minuto,COMPRESORES_AIRE
,,7,2025-12-16T21:41:38.5759694Z,2025-12-23T21:41:38.5759694Z,2025-12-22T11:30:00Z,2,consumo_MedidorKaeser1_minuto,COMPRESORES_AIRE
,,7,2025-12-16T21:41:38.5759694Z,2025-12-23T21:41:38.5759694Z,2025-12-22T12:00:00Z,2,consumo_MedidorKaeser1_minuto,COMPRESORES_AIRE
,,7,2025-12-16T21:41:38.5759694Z,2025-12-23T21:41:38.5759694Z,2025-12-22T12:30:00Z,2,consumo_MedidorKaeser1_minuto,COMPRESORES_AIRE
,,7,2025-12-16T21:41:38.5759694Z,2025-12-23T21:41:38.5759694Z,2025-12-22T13:00:00Z,3,consumo_MedidorKaeser1_minuto,COMPRESORES_AIRE
,,7,2025-12-16T21:41:38.5759694Z,2025-12-23T21:41:38.5759694Z,2025-12-22T13:30:00Z,2,consumo_MedidorKaeser1_minuto,COMPRESORES_AIRE
,,7,2025-12-16T21:41:38.5759694Z,2025-12-23T21:41:38.5759694Z,2025-12-22T14:00:00Z,1,consumo_MedidorKaeser1_minuto,COMPRESORES_AIRE
,,7,2025-12-16T21:41:38.5759694Z,2025-12-23T21:41:38.5759694Z,2025-12-22T14:30:00Z,2,consumo_MedidorKaeser1_minuto,COMPRESORES_AIRE
,,7,2025-12-16T21:41:38.5759694Z,2025-12-23T21:41:38.5759694Z,2025-12-22T15:00:00Z,2,consumo_MedidorKaeser1_minuto,COMPRESORES_AIRE
,,7,2025-12-16T21:41:38.5759694Z,2025-12-23T21:41:38.5759694Z,2025-12-22T15:30:00Z,114,consumo_MedidorKaeser1_minuto,COMPRESORES_AIRE
,,7,2025-12-16T21:41:38.5759694Z,2025-12-23T21:41:38.5759694Z,2025-12-22T16:00:00Z,91,consumo_MedidorKaeser1_minuto,COMPRESORES_AIRE
,,7,2025-12-16T21:41:38.5759694Z,2025-12-23T21:41:38.5759694Z,2025-12-22T16:30:00Z,89,consumo_MedidorKaeser1_minuto,COMPRESORES_AIRE
,,7,2025-12-16T21:41:38.5759694Z,2025-12-23T21:41:38.5759694Z,2025-12-22T17:00:00Z,91,consumo_MedidorKaeser1_minuto,COMPRESORES_AIRE
,,7,2025-12-16T21:41:38.5759694Z,2025-12-23T21:41:38.5759694Z,2025-12-22T17:30:00Z,100,consumo_MedidorKaeser1_minuto,COMPRESORES_AIRE
,,7,2025-12-16T21:41:38.5759694Z,2025-12-23T21:41:38.5759694Z,2025-12-22T18:00:00Z,91,consumo_MedidorKaeser1_minuto,COMPRESORES_AIRE
,,7,2025-12-16T21:41:38.5759694Z,2025-12-23T21:41:38.5759694Z,2025-12-22T18:30:00Z,87,consumo_MedidorKaeser1_minuto,COMPRESORES_AIRE
,,7,2025-12-16T21:41:38.5759694Z,2025-12-23T21:41:38.5759694Z,2025-12-22T19:00:00Z,80,consumo_MedidorKaeser1_minuto,COMPRESORES_AIRE
,,7,2025-12-16T21:41:38.5759694Z,2025-12-23T21:41:38.5759694Z,2025-12-22T19:30:00Z,100,consumo_MedidorKaeser1_minuto,COMPRESORES_AIRE
,,7,2025-12-16T21:41:38.5759694Z,2025-12-23T21:41:38.5759694Z,2025-12-22T20:00:00Z,85,consumo_MedidorKaeser1_minuto,COMPRESORES_AIRE
,,7,2025-12-16T21:41:38.5759694Z,2025-12-23T21:41:38.5759694Z,2025-12-22T20:30:00Z,67,consumo_MedidorKaeser1_minuto,COMPRESORES_AIRE
,,7,2025-12-16T21:41:38.5759694Z,2025-12-23T21:41:38.5759694Z,2025-12-22T21:00:00Z,77,consumo_MedidorKaeser1_minuto,COMPRESORES_AIRE
,,7,2025-12-16T21:41:38.5759694Z,2025-12-23T21:41:38.5759694Z,2025-12-22T21:30:00Z,87,consumo_MedidorKaeser1_minuto,COMPRESORES_AIRE
,,7,2025-12-16T21:41:38.5759694Z,2025-12-23T21:41:38.5759694Z,2025-12-22T22:00:00Z,97,consumo_MedidorKaeser1_minuto,COMPRESORES_AIRE
,,7,2025-12-16T21:41:38.5759694Z,2025-12-23T21:41:38.5759694Z,2025-12-22T22:30:00Z,79,consumo_MedidorKaeser1_minuto,COMPRESORES_AIRE
,,7,2025-12-16T21:41:38.5759694Z,2025-12-23T21:41:38.5759694Z,2025-12-22T23:00:00Z,87,consumo_MedidorKaeser1_minuto,COMPRESORES_AIRE
,,7,2025-12-16T21:41:38.5759694Z,2025-12-23T21:41:38.5759694Z,2025-12-22T23:30:00Z,93,consumo_MedidorKaeser1_minuto,COMPRESORES_AIRE
,,7,2025-12-16T21:41:38.5759694Z,2025-12-23T21:41:38.5759694Z,2025-12-23T00:00:00Z,108,consumo_MedidorKaeser1_minuto,COMPRESORES_AIRE
,,7,2025-12-16T21:41:38.5759694Z,2025-12-23T21:41:38.5759694Z,2025-12-23T00:30:00Z,108,consumo_MedidorKaeser1_minuto,COMPRESORES_AIRE
,,7,2025-12-16T21:41:38.5759694Z,2025-12-23T21:41:38.5759694Z,2025-12-23T01:00:00Z,70,consumo_MedidorKaeser1_minuto,COMPRESORES_AIRE
,,7,2025-12-16T21:41:38.5759694Z,2025-12-23T21:41:38.5759694Z,2025-12-23T01:30:00Z,77,consumo_MedidorKaeser1_minuto,COMPRESORES_AIRE
,,7,2025-12-16T21:41:38.5759694Z,2025-12-23T21:41:38.5759694Z,2025-12-23T02:00:00Z,95,consumo_MedidorKaeser1_minuto,COMPRESORES_AIRE
,,7,2025-12-16T21:41:38.5759694Z,2025-12-23T21:41:38.5759694Z,2025-12-23T02:30:00Z,98,consumo_MedidorKaeser1_minuto,COMPRESORES_AIRE
,,7,2025-12-16T21:41:38.5759694Z,2025-12-23T21:41:38.5759694Z,2025-12-23T03:00:00Z,73,consumo_MedidorKaeser1_minuto,COMPRESORES_AIRE
,,7,2025-12-16T21:41:38.5759694Z,2025-12-23T21:41:38.5759694Z,2025-12-23T03:30:00Z,80,consumo_MedidorKaeser1_minuto,COMPRESORES_AIRE
,,7,2025-12-16T21:41:38.5759694Z,2025-12-23T21:41:38.5759694Z,2025-12-23T04:00:00Z,74,consumo_MedidorKaeser1_minuto,COMPRESORES_AIRE
,,7,2025-12-16T21:41:38.5759694Z,2025-12-23T21:41:38.5759694Z,2025-12-23T04:30:00Z,91,consumo_MedidorKaeser1_minuto,COMPRESORES_AIRE
,,7,2025-12-16T21:41:38.5759694Z,2025-12-23T21:41:38.5759694Z,2025-12-23T05:00:00Z,93,consumo_MedidorKaeser1_minuto,COMPRESORES_AIRE
,,7,2025-12-16T21:41:38.5759694Z,2025-12-23T21:41:38.5759694Z,2025-12-23T05:30:00Z,70,consumo_MedidorKaeser1_minuto,COMPRESORES_AIRE
,,7,2025-12-16T21:41:38.5759694Z,2025-12-23T21:41:38.5759694Z,2025-12-23T06:00:00Z,75,consumo_MedidorKaeser1_minuto,COMPRESORES_AIRE
,,7,2025-12-16T21:41:38.5759694Z,2025-12-23T21:41:38.5759694Z,2025-12-23T06:30:00Z,86,consumo_MedidorKaeser1_minuto,COMPRESORES_AIRE
,,7,2025-12-16T21:41:38.5759694Z,2025-12-23T21:41:38.5759694Z,2025-12-23T07:00:00Z,87,consumo_MedidorKaeser1_minuto,COMPRESORES_AIRE
,,7,2025-12-16T21:41:38.5759694Z,2025-12-23T21:41:38.5759694Z,2025-12-23T07:30:00Z,78,consumo_MedidorKaeser1_minuto,COMPRESORES_AIRE
,,7,2025-12-16T21:41:38.5759694Z,2025-12-23T21:41:38.5759694Z,2025-12-23T08:00:00Z,72,consumo_MedidorKaeser1_minuto,COMPRESORES_AIRE
,,7,2025-12-16T21:41:38.5759694Z,2025-12-23T21:41:38.5759694Z,2025-12-23T08:30:00Z,69,consumo_MedidorKaeser1_minuto,COMPRESORES_AIRE
,,7,2025-12-16T21:41:38.5759694Z,2025-12-23T21:41:38.5759694Z,2025-12-23T09:00:00Z,86,consumo_MedidorKaeser1_minuto,COMPRESORES_AIRE
,,7,2025-12-16T21:41:38.5759694Z,2025-12-23T21:41:38.5759694Z,2025-12-23T09:30:00Z,91,consumo_MedidorKaeser1_minuto,COMPRESORES_AIRE
,,7,2025-12-16T21:41:38.5759694Z,2025-12-23T21:41:38.5759694Z,2025-12-23T10:00:00Z,78,consumo_MedidorKaeser1_minuto,COMPRESORES_AIRE
,,7,2025-12-16T21:41:38.5759694Z,2025-12-23T21:41:38.5759694Z,2025-12-23T10:30:00Z,82,consumo_MedidorKaeser1_minuto,COMPRESORES_AIRE
,,7,2025-12-16T21:41:38.5759694Z,2025-12-23T21:41:38.5759694Z,2025-12-23T11:00:00Z,61,consumo_MedidorKaeser1_minuto,COMPRESORES_AIRE
,,7,2025-12-16T21:41:38.5759694Z,2025-12-23T21:41:38.5759694Z,2025-12-23T11:30:00Z,72,consumo_MedidorKaeser1_minuto,COMPRESORES_AIRE
,,7,2025-12-16T21:41:38.5759694Z,2025-12-23T21:41:38.5759694Z,2025-12-23T12:00:00Z,66,consumo_MedidorKaeser1_minuto,COMPRESORES_AIRE
,,7,2025-12-16T21:41:38.5759694Z,2025-12-23T21:41:38.5759694Z,2025-12-23T12:30:00Z,60,consumo_MedidorKaeser1_minuto,COMPRESORES_AIRE
,,7,2025-12-16T21:41:38.5759694Z,2025-12-23T21:41:38.5759694Z,2025-12-23T13:00:00Z,80,consumo_MedidorKaeser1_minuto,COMPRESORES_AIRE
,,7,2025-12-16T21:41:38.5759694Z,2025-12-23T21:41:38.5759694Z,2025-12-23T13:30:00Z,95,consumo_MedidorKaeser1_minuto,COMPRESORES_AIRE
,,7,2025-12-16T21:41:38.5759694Z,2025-12-23T21:41:38.5759694Z,2025-12-23T14:00:00Z,95,consumo_MedidorKaeser1_minuto,COMPRESORES_AIRE
,,7,2025-12-16T21:41:38.5759694Z,2025-12-23T21:41:38.5759694Z,2025-12-23T14:30:00Z,96,consumo_MedidorKaeser1_minuto,COMPRESORES_AIRE
,,7,2025-12-16T21:41:38.5759694Z,2025-12-23T21:41:38.5759694Z,2025-12-23T15:00:00Z,74,consumo_MedidorKaeser1_minuto,COMPRESORES_AIRE
,,7,2025-12-16T21:41:38.5759694Z,2025-12-23T21:41:38.5759694Z,2025-12-23T15:30:00Z,79,consumo_MedidorKaeser1_minuto,COMPRESORES_AIRE
,,7,2025-12-16T21:41:38.5759694Z,2025-12-23T21:41:38.5759694Z,2025-12-23T16:00:00Z,90,consumo_MedidorKaeser1_minuto,COMPRESORES_AIRE
,,7,2025-12-16T21:41:38.5759694Z,2025-12-23T21:41:38.5759694Z,2025-12-23T16:30:00Z,86,consumo_MedidorKaeser1_minuto,COMPRESORES_AIRE
,,7,2025-12-16T21:41:38.5759694Z,2025-12-23T21:41:38.5759694Z,2025-12-23T17:00:00Z,75,consumo_MedidorKaeser1_minuto,COMPRESORES_AIRE
,,7,2025-12-16T21:41:38.5759694Z,2025-12-23T21:41:38.5759694Z,2025-12-23T17:30:00Z,61,consumo_MedidorKaeser1_minuto,COMPRESORES_AIRE
,,7,2025-12-16T21:41:38.5759694Z,2025-12-23T21:41:38.5759694Z,2025-12-23T18:00:00Z,81,consumo_MedidorKaeser1_minuto,COMPRESORES_AIRE
,,7,2025-12-16T21:41:38.5759694Z,2025-12-23T21:41:38.5759694Z,2025-12-23T18:30:00Z,91,consumo_MedidorKaeser1_minuto,COMPRESORES_AIRE
,,7,2025-12-16T21:41:38.5759694Z,2025-12-23T21:41:38.5759694Z,2025-12-23T19:00:00Z,85,consumo_MedidorKaeser1_minuto,COMPRESORES_AIRE
,,7,2025-12-16T21:41:38.5759694Z,2025-12-23T21:41:38.5759694Z,2025-12-23T19:30:00Z,64,consumo_MedidorKaeser1_minuto,COMPRESORES_AIRE
,,7,2025-12-16T21:41:38.5759694Z,2025-12-23T21:41:38.5759694Z,2025-12-23T20:00:00Z,60,consumo_MedidorKaeser1_minuto,COMPRESORES_AIRE
,,7,2025-12-16T21:41:38.5759694Z,2025-12-23T21:41:38.5759694Z,2025-12-23T20:30:00Z,91,consumo_MedidorKaeser1_minuto,COMPRESORES_AIRE
,,7,2025-12-16T21:41:38.5759694Z,2025-12-23T21:41:38.5759694Z,2025-12-23T21:00:00Z,93,consumo_MedidorKaeser1_minuto,COMPRESORES_AIRE
,,7,2025-12-16T21:41:38.5759694Z,2025-12-23T21:41:38.5759694Z,2025-12-23T21:30:00Z,80,consumo_MedidorKaeser1_minuto,COMPRESORES_AIRE
,,7,2025-12-16T21:41:38.5759694Z,2025-12-23T21:41:38.5759694Z,2025-12-23T21:41:38.5759694Z,46,consumo_MedidorKaeser1_minuto,COMPRESORES_AIRE
,,8,2025-12-16T21:41:38.5759694Z,2025-12-23T21:41:38.5759694Z,2025-12-16T22:00:00Z,48,consumo_MedidorKaeser2_hora,COMPRESORES_AIRE
,,8,2025-12-16T21:41:38.5759694Z,2025-12-23T21:41:38.5759694Z,2025-12-16T22:30:00Z,63,consumo_MedidorKaeser2_hora,COMPRESORES_AIRE
,,8,2025-12-16T21:41:38.5759694Z,2025-12-23T21:41:38.5759694Z,2025-12-16T23:00:00Z,63,consumo_MedidorKaeser2_hora,COMPRESORES_AIRE
,,8,2025-12-16T21:41:38.5759694Z,2025-12-23T21:41:38.5759694Z,2025-12-16T23:30:00Z,30,consumo_MedidorKaeser2_hora,COMPRESORES_AIRE
,,8,2025-12-16T21:41:38.5759694Z,2025-12-23T21:41:38.5759694Z,2025-12-17T00:00:00Z,30,consumo_MedidorKaeser2_hora,COMPRESORES_AIRE
,,8,2025-12-16T21:41:38.5759694Z,2025-12-23T21:41:38.5759694Z,2025-12-17T00:30:00Z,42,consumo_MedidorKaeser2_hora,COMPRESORES_AIRE
,,8,2025-12-16T21:41:38.5759694Z,2025-12-23T21:41:38.5759694Z,2025-12-17T01:00:00Z,42,consumo_MedidorKaeser2_hora,COMPRESORES_AIRE
,,8,2025-12-16T21:41:38.5759694Z,2025-12-23T21:41:38.5759694Z,2025-12-17T01:30:00Z,20,consumo_MedidorKaeser2_hora,COMPRESORES_AIRE
,,8,2025-12-16T21:41:38.5759694Z,2025-12-23T21:41:38.5759694Z,2025-12-17T02:00:00Z,20,consumo_MedidorKaeser2_hora,COMPRESORES_AIRE
,,8,2025-12-16T21:41:38.5759694Z,2025-12-23T21:41:38.5759694Z,2025-12-17T02:30:00Z,32,consumo_MedidorKaeser2_hora,COMPRESORES_AIRE
,,8,2025-12-16T21:41:38.5759694Z,2025-12-23T21:41:38.5759694Z,2025-12-17T03:00:00Z,32,consumo_MedidorKaeser2_hora,COMPRESORES_AIRE
,,8,2025-12-16T21:41:38.5759694Z,2025-12-23T21:41:38.5759694Z,2025-12-17T03:30:00Z,28,consumo_MedidorKaeser2_hora,COMPRESORES_AIRE
,,8,2025-12-16T21:41:38.5759694Z,2025-12-23T21:41:38.5759694Z,2025-12-17T04:00:00Z,28,consumo_MedidorKaeser2_hora,COMPRESORES_AIRE
,,8,2025-12-16T21:41:38.5759694Z,2025-12-23T21:41:38.5759694Z,2025-12-17T04:30:00Z,62,consumo_MedidorKaeser2_hora,COMPRESORES_AIRE
,,8,2025-12-16T21:41:38.5759694Z,2025-12-23T21:41:38.5759694Z,2025-12-17T05:00:00Z,62,consumo_MedidorKaeser2_hora,COMPRESORES_AIRE
,,8,2025-12-16T21:41:38.5759694Z,2025-12-23T21:41:38.5759694Z,2025-12-17T05:30:00Z,71,consumo_MedidorKaeser2_hora,COMPRESORES_AIRE
,,8,2025-12-16T21:41:38.5759694Z,2025-12-23T21:41:38.5759694Z,2025-12-17T06:00:00Z,71,consumo_MedidorKaeser2_hora,COMPRESORES_AIRE
,,8,2025-12-16T21:41:38.5759694Z,2025-12-23T21:41:38.5759694Z,2025-12-17T06:30:00Z,71,consumo_MedidorKaeser2_hora,COMPRESORES_AIRE
,,8,2025-12-16T21:41:38.5759694Z,2025-12-23T21:41:38.5759694Z,2025-12-17T07:00:00Z,71,consumo_MedidorKaeser2_hora,COMPRESORES_AIRE
,,8,2025-12-16T21:41:38.5759694Z,2025-12-23T21:41:38.5759694Z,2025-12-17T07:30:00Z,128,consumo_MedidorKaeser2_hora,COMPRESORES_AIRE
,,8,2025-12-16T21:41:38.5759694Z,2025-12-23T21:41:38.5759694Z,2025-12-17T08:00:00Z,128,consumo_MedidorKaeser2_hora,COMPRESORES_AIRE
,,8,2025-12-16T21:41:38.5759694Z,2025-12-23T21:41:38.5759694Z,2025-12-17T08:30:00Z,67,consumo_MedidorKaeser2_hora,COMPRESORES_AIRE
,,8,2025-12-16T21:41:38.5759694Z,2025-12-23T21:41:38.5759694Z,2025-12-17T09:00:00Z,67,consumo_MedidorKaeser2_hora,COMPRESORES_AIRE
,,8,2025-12-16T21:41:38.5759694Z,2025-12-23T21:41:38.5759694Z,2025-12-17T09:30:00Z,53,consumo_MedidorKaeser2_hora,COMPRESORES_AIRE
,,8,2025-12-16T21:41:38.5759694Z,2025-12-23T21:41:38.5759694Z,2025-12-17T10:00:00Z,53,consumo_MedidorKaeser2_hora,COMPRESORES_AIRE
,,8,2025-12-16T21:41:38.5759694Z,2025-12-23T21:41:38.5759694Z,2025-12-17T10:30:00Z,52,consumo_MedidorKaeser2_hora,COMPRESORES_AIRE
,,8,2025-12-16T21:41:38.5759694Z,2025-12-23T21:41:38.5759694Z,2025-12-17T11:00:00Z,52,consumo_MedidorKaeser2_hora,COMPRESORES_AIRE
,,8,2025-12-16T21:41:38.5759694Z,2025-12-23T21:41:38.5759694Z,2025-12-17T11:30:00Z,48,consumo_MedidorKaeser2_hora,COMPRESORES_AIRE
,,8,2025-12-16T21:41:38.5759694Z,2025-12-23T21:41:38.5759694Z,2025-12-17T12:00:00Z,48,consumo_MedidorKaeser2_hora,COMPRESORES_AIRE
,,8,2025-12-16T21:41:38.5759694Z,2025-12-23T21:41:38.5759694Z,2025-12-17T12:30:00Z,55,consumo_MedidorKaeser2_hora,COMPRESORES_AIRE
,,8,2025-12-16T21:41:38.5759694Z,2025-12-23T21:41:38.5759694Z,2025-12-17T13:00:00Z,55,consumo_MedidorKaeser2_hora,COMPRESORES_AIRE
,,8,2025-12-16T21:41:38.5759694Z,2025-12-23T21:41:38.5759694Z,2025-12-17T13:30:00Z,32,consumo_MedidorKaeser2_hora,COMPRESORES_AIRE
,,8,2025-12-16T21:41:38.5759694Z,2025-12-23T21:41:38.5759694Z,2025-12-17T14:00:00Z,32,consumo_MedidorKaeser2_hora,COMPRESORES_AIRE
,,8,2025-12-16T21:41:38.5759694Z,2025-12-23T21:41:38.5759694Z,2025-12-17T14:30:00Z,39,consumo_MedidorKaeser2_hora,COMPRESORES_AIRE
,,8,2025-12-16T21:41:38.5759694Z,2025-12-23T21:41:38.5759694Z,2025-12-17T15:00:00Z,39,consumo_MedidorKaeser2_hora,COMPRESORES_AIRE
,,8,2025-12-16T21:41:38.5759694Z,2025-12-23T21:41:38.5759694Z,2025-12-17T15:30:00Z,71,consumo_MedidorKaeser2_hora,COMPRESORES_AIRE
,,8,2025-12-16T21:41:38.5759694Z,2025-12-23T21:41:38.5759694Z,2025-12-17T16:00:00Z,71,consumo_MedidorKaeser2_hora,COMPRESORES_AIRE
,,8,2025-12-16T21:41:38.5759694Z,2025-12-23T21:41:38.5759694Z,2025-12-17T16:30:00Z,51,consumo_MedidorKaeser2_hora,COMPRESORES_AIRE
,,8,2025-12-16T21:41:38.5759694Z,2025-12-23T21:41:38.5759694Z,2025-12-17T17:00:00Z,51,consumo_MedidorKaeser2_hora,COMPRESORES_AIRE
,,8,2025-12-16T21:41:38.5759694Z,2025-12-23T21:41:38.5759694Z,2025-12-17T17:30:00Z,48,consumo_MedidorKaeser2_hora,COMPRESORES_AIRE
,,8,2025-12-16T21:41:38.5759694Z,2025-12-23T21:41:38.5759694Z,2025-12-17T18:00:00Z,48,consumo_MedidorKaeser2_hora,COMPRESORES_AIRE
,,8,2025-12-16T21:41:38.5759694Z,2025-12-23T21:41:38.5759694Z,2025-12-17T18:30:00Z,84,consumo_MedidorKaeser2_hora,COMPRESORES_AIRE
,,8,2025-12-16T21:41:38.5759694Z,2025-12-23T21:41:38.5759694Z,2025-12-17T19:00:00Z,84,consumo_MedidorKaeser2_hora,COMPRESORES_AIRE
,,8,2025-12-16T21:41:38.5759694Z,2025-12-23T21:41:38.5759694Z,2025-12-17T19:30:00Z,58,consumo_MedidorKaeser2_hora,COMPRESORES_AIRE
,,8,2025-12-16T21:41:38.5759694Z,2025-12-23T21:41:38.5759694Z,2025-12-17T20:00:00Z,58,consumo_MedidorKaeser2_hora,COMPRESORES_AIRE
,,8,2025-12-16T21:41:38.5759694Z,2025-12-23T21:41:38.5759694Z,2025-12-17T20:30:00Z,58,consumo_MedidorKaeser2_hora,COMPRESORES_AIRE
,,8,2025-12-16T21:41:38.5759694Z,2025-12-23T21:41:38.5759694Z,2025-12-17T21:00:00Z,58,consumo_MedidorKaeser2_hora,COMPRESORES_AIRE
,,8,2025-12-16T21:41:38.5759694Z,2025-12-23T21:41:38.5759694Z,2025-12-17T21:30:00Z,54,consumo_MedidorKaeser2_hora,COMPRESORES_AIRE
,,8,2025-12-16T21:41:38.5759694Z,2025-12-23T21:41:38.5759694Z,2025-12-17T22:00:00Z,54,consumo_MedidorKaeser2_hora,COMPRESORES_AIRE
,,8,2025-12-16T21:41:38.5759694Z,2025-12-23T21:41:38.5759694Z,2025-12-17T22:30:00Z,54,consumo_MedidorKaeser2_hora,COMPRESORES_AIRE
,,8,2025-12-16T21:41:38.5759694Z,2025-12-23T21:41:38.5759694Z,2025-12-17T23:00:00Z,54,consumo_MedidorKaeser2_hora,COMPRESORES_AIRE
,,8,2025-12-16T21:41:38.5759694Z,2025-12-23T21:41:38.5759694Z,2025-12-17T23:30:00Z,54,consumo_MedidorKaeser2_hora,COMPRESORES_AIRE
,,8,2025-12-16T21:41:38.5759694Z,2025-12-23T21:41:38.5759694Z,2025-12-18T17:00:00Z,0,consumo_MedidorKaeser2_hora,COMPRESORES_AIRE
,,8,2025-12-16T21:41:38.5759694Z,2025-12-23T21:41:38.5759694Z,2025-12-18T17:30:00Z,1,consumo_MedidorKaeser2_hora,COMPRESORES_AIRE
,,8,2025-12-16T21:41:38.5759694Z,2025-12-23T21:41:38.5759694Z,2025-12-18T18:00:00Z,1,consumo_MedidorKaeser2_hora,COMPRESORES_AIRE
,,8,2025-12-16T21:41:38.5759694Z,2025-12-23T21:41:38.5759694Z,2025-12-18T18:30:00Z,48,consumo_MedidorKaeser2_hora,COMPRESORES_AIRE
,,8,2025-12-16T21:41:38.5759694Z,2025-12-23T21:41:38.5759694Z,2025-12-18T19:00:00Z,48,consumo_MedidorKaeser2_hora,COMPRESORES_AIRE
,,8,2025-12-16T21:41:38.5759694Z,2025-12-23T21:41:38.5759694Z,2025-12-18T19:30:00Z,47,consumo_MedidorKaeser2_hora,COMPRESORES_AIRE
,,8,2025-12-16T21:41:38.5759694Z,2025-12-23T21:41:38.5759694Z,2025-12-18T20:00:00Z,47,consumo_MedidorKaeser2_hora,COMPRESORES_AIRE
,,8,2025-12-16T21:41:38.5759694Z,2025-12-23T21:41:38.5759694Z,2025-12-18T20:30:00Z,47,consumo_MedidorKaeser2_hora,COMPRESORES_AIRE
,,8,2025-12-16T21:41:38.5759694Z,2025-12-23T21:41:38.5759694Z,2025-12-18T21:00:00Z,47,consumo_MedidorKaeser2_hora,COMPRESORES_AIRE
,,8,2025-12-16T21:41:38.5759694Z,2025-12-23T21:41:38.5759694Z,2025-12-18T21:30:00Z,47,consumo_MedidorKaeser2_hora,COMPRESORES_AIRE
,,8,2025-12-16T21:41:38.5759694Z,2025-12-23T21:41:38.5759694Z,2025-12-18T22:00:00Z,47,consumo_MedidorKaeser2_hora,COMPRESORES_AIRE
,,8,2025-12-16T21:41:38.5759694Z,2025-12-23T21:41:38.5759694Z,2025-12-18T22:30:00Z,57,consumo_MedidorKaeser2_hora,COMPRESORES_AIRE
,,8,2025-12-16T21:41:38.5759694Z,2025-12-23T21:41:38.5759694Z,2025-12-18T23:00:00Z,57,consumo_MedidorKaeser2_hora,COMPRESORES_AIRE
,,8,2025-12-16T21:41:38.5759694Z,2025-12-23T21:41:38.5759694Z,2025-12-18T23:30:00Z,65,consumo_MedidorKaeser2_hora,COMPRESORES_AIRE
,,8,2025-12-16T21:41:38.5759694Z,2025-12-23T21:41:38.5759694Z,2025-12-19T00:00:00Z,65,consumo_MedidorKaeser2_hora,COMPRESORES_AIRE
,,8,2025-12-16T21:41:38.5759694Z,2025-12-23T21:41:38.5759694Z,2025-12-19T00:30:00Z,3018,consumo_MedidorKaeser2_hora,COMPRESORES_AIRE
,,8,2025-12-16T21:41:38.5759694Z,2025-12-23T21:41:38.5759694Z,2025-12-19T01:00:00Z,3018,consumo_MedidorKaeser2_hora,COMPRESORES_AIRE
,,8,2025-12-16T21:41:38.5759694Z,2025-12-23T21:41:38.5759694Z,2025-12-19T01:30:00Z,65,consumo_MedidorKaeser2_hora,COMPRESORES_AIRE
,,8,2025-12-16T21:41:38.5759694Z,2025-12-23T21:41:38.5759694Z,2025-12-19T02:00:00Z,65,consumo_MedidorKaeser2_hora,COMPRESORES_AIRE
,,8,2025-12-16T21:41:38.5759694Z,2025-12-23T21:41:38.5759694Z,2025-12-19T02:30:00Z,81,consumo_MedidorKaeser2_hora,COMPRESORES_AIRE
,,8,2025-12-16T21:41:38.5759694Z,2025-12-23T21:41:38.5759694Z,2025-12-19T03:00:00Z,81,consumo_MedidorKaeser2_hora,COMPRESORES_AIRE
,,8,2025-12-16T21:41:38.5759694Z,2025-12-23T21:41:38.5759694Z,2025-12-19T03:30:00Z,74,consumo_MedidorKaeser2_hora,COMPRESORES_AIRE
,,8,2025-12-16T21:41:38.5759694Z,2025-12-23T21:41:38.5759694Z,2025-12-19T04:00:00Z,74,consumo_MedidorKaeser2_hora,COMPRESORES_AIRE
,,8,2025-12-16T21:41:38.5759694Z,2025-12-23T21:41:38.5759694Z,2025-12-19T04:30:00Z,85,consumo_MedidorKaeser2_hora,COMPRESORES_AIRE
,,8,2025-12-16T21:41:38.5759694Z,2025-12-23T21:41:38.5759694Z,2025-12-19T05:00:00Z,85,consumo_MedidorKaeser2_hora,COMPRESORES_AIRE
,,8,2025-12-16T21:41:38.5759694Z,2025-12-23T21:41:38.5759694Z,2025-12-19T05:30:00Z,76,consumo_MedidorKaeser2_hora,COMPRESORES_AIRE
,,8,2025-12-16T21:41:38.5759694Z,2025-12-23T21:41:38.5759694Z,2025-12-19T06:00:00Z,76,consumo_MedidorKaeser2_hora,COMPRESORES_AIRE
,,8,2025-12-16T21:41:38.5759694Z,2025-12-23T21:41:38.5759694Z,2025-12-19T06:30:00Z,76,consumo_MedidorKaeser2_hora,COMPRESORES_AIRE
,,8,2025-12-16T21:41:38.5759694Z,2025-12-23T21:41:38.5759694Z,2025-12-19T07:00:00Z,76,consumo_MedidorKaeser2_hora,COMPRESORES_AIRE
,,8,2025-12-16T21:41:38.5759694Z,2025-12-23T21:41:38.5759694Z,2025-12-19T07:30:00Z,108,consumo_MedidorKaeser2_hora,COMPRESORES_AIRE
,,8,2025-12-16T21:41:38.5759694Z,2025-12-23T21:41:38.5759694Z,2025-12-19T08:00:00Z,108,consumo_MedidorKaeser2_hora,COMPRESORES_AIRE
,,8,2025-12-16T21:41:38.5759694Z,2025-12-23T21:41:38.5759694Z,2025-12-19T08:30:00Z,50,consumo_MedidorKaeser2_hora,COMPRESORES_AIRE
,,8,2025-12-16T21:41:38.5759694Z,2025-12-23T21:41:38.5759694Z,2025-12-19T09:00:00Z,50,consumo_MedidorKaeser2_hora,COMPRESORES_AIRE
,,8,2025-12-16T21:41:38.5759694Z,2025-12-23T21:41:38.5759694Z,2025-12-19T09:30:00Z,26,consumo_MedidorKaeser2_hora,COMPRESORES_AIRE
,,8,2025-12-16T21:41:38.5759694Z,2025-12-23T21:41:38.5759694Z,2025-12-19T10:00:00Z,26,consumo_MedidorKaeser2_hora,COMPRESORES_AIRE
,,8,2025-12-16T21:41:38.5759694Z,2025-12-23T21:41:38.5759694Z,2025-12-19T10:30:00Z,30,consumo_MedidorKaeser2_hora,COMPRESORES_AIRE
,,8,2025-12-16T21:41:38.5759694Z,2025-12-23T21:41:38.5759694Z,2025-12-19T11:00:00Z,30,consumo_MedidorKaeser2_hora,COMPRESORES_AIRE
,,8,2025-12-16T21:41:38.5759694Z,2025-12-23T21:41:38.5759694Z,2025-12-19T11:30:00Z,44,consumo_MedidorKaeser2_hora,COMPRESORES_AIRE
,,8,2025-12-16T21:41:38.5759694Z,2025-12-23T21:41:38.5759694Z,2025-12-19T12:00:00Z,44,consumo_MedidorKaeser2_hora,COMPRESORES_AIRE
,,8,2025-12-16T21:41:38.5759694Z,2025-12-23T21:41:38.5759694Z,2025-12-19T12:30:00Z,43,consumo_MedidorKaeser2_hora,COMPRESORES_AIRE
,,8,2025-12-16T21:41:38.5759694Z,2025-12-23T21:41:38.5759694Z,2025-12-19T13:00:00Z,43,consumo_MedidorKaeser2_hora,COMPRESORES_AIRE
,,8,2025-12-16T21:41:38.5759694Z,2025-12-23T21:41:38.5759694Z,2025-12-19T13:30:00Z,60,consumo_MedidorKaeser2_hora,COMPRESORES_AIRE
,,8,2025-12-16T21:41:38.5759694Z,2025-12-23T21:41:38.5759694Z,2025-12-19T14:00:00Z,60,consumo_MedidorKaeser2_hora,COMPRESORES_AIRE
,,8,2025-12-16T21:41:38.5759694Z,2025-12-23T21:41:38.5759694Z,2025-12-19T14:30:00Z,51,consumo_MedidorKaeser2_hora,COMPRESORES_AIRE
,,8,2025-12-16T21:41:38.5759694Z,2025-12-23T21:41:38.5759694Z,2025-12-19T15:00:00Z,51,consumo_MedidorKaeser2_hora,COMPRESORES_AIRE
,,8,2025-12-16T21:41:38.5759694Z,2025-12-23T21:41:38.5759694Z,2025-12-19T15:30:00Z,76,consumo_MedidorKaeser2_hora,COMPRESORES_AIRE
,,8,2025-12-16T21:41:38.5759694Z,2025-12-23T21:41:38.5759694Z,2025-12-19T16:00:00Z,76,consumo_MedidorKaeser2_hora,COMPRESORES_AIRE
,,8,2025-12-16T21:41:38.5759694Z,2025-12-23T21:41:38.5759694Z,2025-12-19T16:30:00Z,66,consumo_MedidorKaeser2_hora,COMPRESORES_AIRE
,,8,2025-12-16T21:41:38.5759694Z,2025-12-23T21:41:38.5759694Z,2025-12-19T17:00:00Z,66,consumo_MedidorKaeser2_hora,COMPRESORES_AIRE
,,8,2025-12-16T21:41:38.5759694Z,2025-12-23T21:41:38.5759694Z,2025-12-19T17:30:00Z,63,consumo_MedidorKaeser2_hora,COMPRESORES_AIRE
,,8,2025-12-16T21:41:38.5759694Z,2025-12-23T21:41:38.5759694Z,2025-12-19T18:00:00Z,63,consumo_MedidorKaeser2_hora,COMPRESORES_AIRE
,,8,2025-12-16T21:41:38.5759694Z,2025-12-23T21:41:38.5759694Z,2025-12-19T18:30:00Z,57,consumo_MedidorKaeser2_hora,COMPRESORES_AIRE
,,8,2025-12-16T21:41:38.5759694Z,2025-12-23T21:41:38.5759694Z,2025-12-19T19:00:00Z,57,consumo_MedidorKaeser2_hora,COMPRESORES_AIRE
,,8,2025-12-16T21:41:38.5759694Z,2025-12-23T21:41:38.5759694Z,2025-12-19T19:30:00Z,47,consumo_MedidorKaeser2_hora,COMPRESORES_AIRE
,,8,2025-12-16T21:41:38.5759694Z,2025-12-23T21:41:38.5759694Z,2025-12-19T20:00:00Z,47,consumo_MedidorKaeser2_hora,COMPRESORES_AIRE
,,8,2025-12-16T21:41:38.5759694Z,2025-12-23T21:41:38.5759694Z,2025-12-19T20:30:00Z,51,consumo_MedidorKaeser2_hora,COMPRESORES_AIRE
,,8,2025-12-16T21:41:38.5759694Z,2025-12-23T21:41:38.5759694Z,2025-12-19T21:00:00Z,51,consumo_MedidorKaeser2_hora,COMPRESORES_AIRE
,,8,2025-12-16T21:41:38.5759694Z,2025-12-23T21:41:38.5759694Z,2025-12-19T21:30:00Z,56,consumo_MedidorKaeser2_hora,COMPRESORES_AIRE
,,8,2025-12-16T21:41:38.5759694Z,2025-12-23T21:41:38.5759694Z,2025-12-19T22:00:00Z,56,consumo_MedidorKaeser2_hora,COMPRESORES_AIRE
,,8,2025-12-16T21:41:38.5759694Z,2025-12-23T21:41:38.5759694Z,2025-12-19T22:30:00Z,52,consumo_MedidorKaeser2_hora,COMPRESORES_AIRE
,,8,2025-12-16T21:41:38.5759694Z,2025-12-23T21:41:38.5759694Z,2025-12-19T23:00:00Z,52,consumo_MedidorKaeser2_hora,COMPRESORES_AIRE
,,8,2025-12-16T21:41:38.5759694Z,2025-12-23T21:41:38.5759694Z,2025-12-19T23:30:00Z,63,consumo_MedidorKaeser2_hora,COMPRESORES_AIRE
,,8,2025-12-16T21:41:38.5759694Z,2025-12-23T21:41:38.5759694Z,2025-12-20T00:00:00Z,63,consumo_MedidorKaeser2_hora,COMPRESORES_AIRE
,,8,2025-12-16T21:41:38.5759694Z,2025-12-23T21:41:38.5759694Z,2025-12-20T00:30:00Z,69,consumo_MedidorKaeser2_hora,COMPRESORES_AIRE
,,8,2025-12-16T21:41:38.5759694Z,2025-12-23T21:41:38.5759694Z,2025-12-20T01:00:00Z,69,consumo_MedidorKaeser2_hora,COMPRESORES_AIRE
,,8,2025-12-16T21:41:38.5759694Z,2025-12-23T21:41:38.5759694Z,2025-12-20T01:30:00Z,60,consumo_MedidorKaeser2_hora,COMPRESORES_AIRE
,,8,2025-12-16T21:41:38.5759694Z,2025-12-23T21:41:38.5759694Z,2025-12-20T02:00:00Z,60,consumo_MedidorKaeser2_hora,COMPRESORES_AIRE
,,8,2025-12-16T21:41:38.5759694Z,2025-12-23T21:41:38.5759694Z,2025-12-20T02:30:00Z,27363,consumo_MedidorKaeser2_hora,COMPRESORES_AIRE
,,8,2025-12-16T21:41:38.5759694Z,2025-12-23T21:41:38.5759694Z,2025-12-20T03:00:00Z,27363,consumo_MedidorKaeser2_hora,COMPRESORES_AIRE
,,8,2025-12-16T21:41:38.5759694Z,2025-12-23T21:41:38.5759694Z,2025-12-20T03:30:00Z,103079,consumo_MedidorKaeser2_hora,COMPRESORES_AIRE
,,8,2025-12-16T21:41:38.5759694Z,2025-12-23T21:41:38.5759694Z,2025-12-20T04:00:00Z,103079,consumo_MedidorKaeser2_hora,COMPRESORES_AIRE
,,8,2025-12-16T21:41:38.5759694Z,2025-12-23T21:41:38.5759694Z,2025-12-20T04:30:00Z,120642,consumo_MedidorKaeser2_hora,COMPRESORES_AIRE
,,8,2025-12-16T21:41:38.5759694Z,2025-12-23T21:41:38.5759694Z,2025-12-20T05:00:00Z,120642,consumo_MedidorKaeser2_hora,COMPRESORES_AIRE
,,8,2025-12-16T21:41:38.5759694Z,2025-12-23T21:41:38.5759694Z,2025-12-20T05:30:00Z,119853,consumo_MedidorKaeser2_hora,COMPRESORES_AIRE
,,8,2025-12-16T21:41:38.5759694Z,2025-12-23T21:41:38.5759694Z,2025-12-20T06:00:00Z,119853,consumo_MedidorKaeser2_hora,COMPRESORES_AIRE
,,8,2025-12-16T21:41:38.5759694Z,2025-12-23T21:41:38.5759694Z,2025-12-20T06:30:00Z,119853,consumo_MedidorKaeser2_hora,COMPRESORES_AIRE
,,8,2025-12-16T21:41:38.5759694Z,2025-12-23T21:41:38.5759694Z,2025-12-20T07:00:00Z,119853,consumo_MedidorKaeser2_hora,COMPRESORES_AIRE
,,8,2025-12-16T21:41:38.5759694Z,2025-12-23T21:41:38.5759694Z,2025-12-20T07:30:00Z,239287,consumo_MedidorKaeser2_hora,COMPRESORES_AIRE
,,8,2025-12-16T21:41:38.5759694Z,2025-12-23T21:41:38.5759694Z,2025-12-20T08:00:00Z,239287,consumo_MedidorKaeser2_hora,COMPRESORES_AIRE
,,8,2025-12-16T21:41:38.5759694Z,2025-12-23T21:41:38.5759694Z,2025-12-20T08:30:00Z,119529,consumo_MedidorKaeser2_hora,COMPRESORES_AIRE
,,8,2025-12-16T21:41:38.5759694Z,2025-12-23T21:41:38.5759694Z,2025-12-20T09:00:00Z,119529,consumo_MedidorKaeser2_hora,COMPRESORES_AIRE
,,8,2025-12-16T21:41:38.5759694Z,2025-12-23T21:41:38.5759694Z,2025-12-20T09:30:00Z,9120,consumo_MedidorKaeser2_hora,COMPRESORES_AIRE
,,8,2025-12-16T21:41:38.5759694Z,2025-12-23T21:41:38.5759694Z,2025-12-20T10:00:00Z,9120,consumo_MedidorKaeser2_hora,COMPRESORES_AIRE
,,8,2025-12-16T21:41:38.5759694Z,2025-12-23T21:41:38.5759694Z,2025-12-20T10:30:00Z,62,consumo_MedidorKaeser2_hora,COMPRESORES_AIRE
,,8,2025-12-16T21:41:38.5759694Z,2025-12-23T21:41:38.5759694Z,2025-12-20T11:00:00Z,62,consumo_MedidorKaeser2_hora,COMPRESORES_AIRE
,,8,2025-12-16T21:41:38.5759694Z,2025-12-23T21:41:38.5759694Z,2025-12-20T11:30:00Z,4905,consumo_MedidorKaeser2_hora,COMPRESORES_AIRE
,,8,2025-12-16T21:41:38.5759694Z,2025-12-23T21:41:38.5759694Z,2025-12-20T12:00:00Z,4905,consumo_MedidorKaeser2_hora,COMPRESORES_AIRE
,,8,2025-12-16T21:41:38.5759694Z,2025-12-23T21:41:38.5759694Z,2025-12-20T12:30:00Z,49,consumo_MedidorKaeser2_hora,COMPRESORES_AIRE
,,8,2025-12-16T21:41:38.5759694Z,2025-12-23T21:41:38.5759694Z,2025-12-20T13:00:00Z,49,consumo_MedidorKaeser2_hora,COMPRESORES_AIRE
,,8,2025-12-16T21:41:38.5759694Z,2025-12-23T21:41:38.5759694Z,2025-12-20T13:30:00Z,41,consumo_MedidorKaeser2_hora,COMPRESORES_AIRE
,,8,2025-12-16T21:41:38.5759694Z,2025-12-23T21:41:38.5759694Z,2025-12-20T14:00:00Z,41,consumo_MedidorKaeser2_hora,COMPRESORES_AIRE
,,8,2025-12-16T21:41:38.5759694Z,2025-12-23T21:41:38.5759694Z,2025-12-20T14:30:00Z,72,consumo_MedidorKaeser2_hora,COMPRESORES_AIRE
,,8,2025-12-16T21:41:38.5759694Z,2025-12-23T21:41:38.5759694Z,2025-12-20T15:00:00Z,72,consumo_MedidorKaeser2_hora,COMPRESORES_AIRE
,,8,2025-12-16T21:41:38.5759694Z,2025-12-23T21:41:38.5759694Z,2025-12-20T15:30:00Z,99,consumo_MedidorKaeser2_hora,COMPRESORES_AIRE
,,8,2025-12-16T21:41:38.5759694Z,2025-12-23T21:41:38.5759694Z,2025-12-20T16:00:00Z,99,consumo_MedidorKaeser2_hora,COMPRESORES_AIRE
,,8,2025-12-16T21:41:38.5759694Z,2025-12-23T21:41:38.5759694Z,2025-12-20T16:30:00Z,68,consumo_MedidorKaeser2_hora,COMPRESORES_AIRE
,,8,2025-12-16T21:41:38.5759694Z,2025-12-23T21:41:38.5759694Z,2025-12-20T17:00:00Z,68,consumo_MedidorKaeser2_hora,COMPRESORES_AIRE
,,8,2025-12-16T21:41:38.5759694Z,2025-12-23T21:41:38.5759694Z,2025-12-20T17:30:00Z,34,consumo_MedidorKaeser2_hora,COMPRESORES_AIRE
,,8,2025-12-16T21:41:38.5759694Z,2025-12-23T21:41:38.5759694Z,2025-12-20T18:00:00Z,34,consumo_MedidorKaeser2_hora,COMPRESORES_AIRE
,,8,2025-12-16T21:41:38.5759694Z,2025-12-23T21:41:38.5759694Z,2025-12-20T18:30:00Z,51,consumo_MedidorKaeser2_hora,COMPRESORES_AIRE
,,8,2025-12-16T21:41:38.5759694Z,2025-12-23T21:41:38.5759694Z,2025-12-20T19:00:00Z,51,consumo_MedidorKaeser2_hora,COMPRESORES_AIRE
,,8,2025-12-16T21:41:38.5759694Z,2025-12-23T21:41:38.5759694Z,2025-12-20T19:30:00Z,37,consumo_MedidorKaeser2_hora,COMPRESORES_AIRE
,,8,2025-12-16T21:41:38.5759694Z,2025-12-23T21:41:38.5759694Z,2025-12-20T20:00:00Z,37,consumo_MedidorKaeser2_hora,COMPRESORES_AIRE
,,8,2025-12-16T21:41:38.5759694Z,2025-12-23T21:41:38.5759694Z,2025-12-20T20:30:00Z,44,consumo_MedidorKaeser2_hora,COMPRESORES_AIRE
,,8,2025-12-16T21:41:38.5759694Z,2025-12-23T21:41:38.5759694Z,2025-12-20T21:00:00Z,44,consumo_MedidorKaeser2_hora,COMPRESORES_AIRE
,,8,2025-12-16T21:41:38.5759694Z,2025-12-23T21:41:38.5759694Z,2025-12-20T21:30:00Z,37,consumo_MedidorKaeser2_hora,COMPRESORES_AIRE
,,8,2025-12-16T21:41:38.5759694Z,2025-12-23T21:41:38.5759694Z,2025-12-20T22:00:00Z,37,consumo_MedidorKaeser2_hora,COMPRESORES_AIRE
,,8,2025-12-16T21:41:38.5759694Z,2025-12-23T21:41:38.5759694Z,2025-12-20T22:30:00Z,45,consumo_MedidorKaeser2_hora,COMPRESORES_AIRE
,,8,2025-12-16T21:41:38.5759694Z,2025-12-23T21:41:38.5759694Z,2025-12-20T23:00:00Z,45,consumo_MedidorKaeser2_hora,COMPRESORES_AIRE
,,8,2025-12-16T21:41:38.5759694Z,2025-12-23T21:41:38.5759694Z,2025-12-20T23:30:00Z,12,consumo_MedidorKaeser2_hora,COMPRESORES_AIRE
,,8,2025-12-16T21:41:38.5759694Z,2025-12-23T21:41:38.5759694Z,2025-12-21T00:00:00Z,12,consumo_MedidorKaeser2_hora,COMPRESORES_AIRE
,,8,2025-12-16T21:41:38.5759694Z,2025-12-23T21:41:38.5759694Z,2025-12-21T00:30:00Z,28,consumo_MedidorKaeser2_hora,COMPRESORES_AIRE
,,8,2025-12-16T21:41:38.5759694Z,2025-12-23T21:41:38.5759694Z,2025-12-21T01:00:00Z,28,consumo_MedidorKaeser2_hora,COMPRESORES_AIRE
,,8,2025-12-16T21:41:38.5759694Z,2025-12-23T21:41:38.5759694Z,2025-12-21T01:30:00Z,23,consumo_MedidorKaeser2_hora,COMPRESORES_AIRE
,,8,2025-12-16T21:41:38.5759694Z,2025-12-23T21:41:38.5759694Z,2025-12-21T02:00:00Z,23,consumo_MedidorKaeser2_hora,COMPRESORES_AIRE
,,8,2025-12-16T21:41:38.5759694Z,2025-12-23T21:41:38.5759694Z,2025-12-21T02:30:00Z,12,consumo_MedidorKaeser2_hora,COMPRESORES_AIRE
,,8,2025-12-16T21:41:38.5759694Z,2025-12-23T21:41:38.5759694Z,2025-12-21T03:00:00Z,12,consumo_MedidorKaeser2_hora,COMPRESORES_AIRE
,,8,2025-12-16T21:41:38.5759694Z,2025-12-23T21:41:38.5759694Z,2025-12-21T03:30:00Z,9,consumo_MedidorKaeser2_hora,COMPRESORES_AIRE
,,8,2025-12-16T21:41:38.5759694Z,2025-12-23T21:41:38.5759694Z,2025-12-21T04:00:00Z,9,consumo_MedidorKaeser2_hora,COMPRESORES_AIRE
,,8,2025-12-16T21:41:38.5759694Z,2025-12-23T21:41:38.5759694Z,2025-12-21T04:30:00Z,29,consumo_MedidorKaeser2_hora,COMPRESORES_AIRE
,,8,2025-12-16T21:41:38.5759694Z,2025-12-23T21:41:38.5759694Z,2025-12-21T05:00:00Z,29,consumo_MedidorKaeser2_hora,COMPRESORES_AIRE
,,8,2025-12-16T21:41:38.5759694Z,2025-12-23T21:41:38.5759694Z,2025-12-21T05:30:00Z,63,consumo_MedidorKaeser2_hora,COMPRESORES_AIRE
,,8,2025-12-16T21:41:38.5759694Z,2025-12-23T21:41:38.5759694Z,2025-12-21T06:00:00Z,63,consumo_MedidorKaeser2_hora,COMPRESORES_AIRE
,,8,2025-12-16T21:41:38.5759694Z,2025-12-23T21:41:38.5759694Z,2025-12-21T06:30:00Z,63,consumo_MedidorKaeser2_hora,COMPRESORES_AIRE
,,8,2025-12-16T21:41:38.5759694Z,2025-12-23T21:41:38.5759694Z,2025-12-21T07:00:00Z,63,consumo_MedidorKaeser2_hora,COMPRESORES_AIRE
,,8,2025-12-16T21:41:38.5759694Z,2025-12-23T21:41:38.5759694Z,2025-12-21T07:30:00Z,8582,consumo_MedidorKaeser2_hora,COMPRESORES_AIRE
,,8,2025-12-16T21:41:38.5759694Z,2025-12-23T21:41:38.5759694Z,2025-12-21T08:00:00Z,8582,consumo_MedidorKaeser2_hora,COMPRESORES_AIRE
,,8,2025-12-16T21:41:38.5759694Z,2025-12-23T21:41:38.5759694Z,2025-12-21T08:30:00Z,6652,consumo_MedidorKaeser2_hora,COMPRESORES_AIRE
,,8,2025-12-16T21:41:38.5759694Z,2025-12-23T21:41:38.5759694Z,2025-12-21T09:00:00Z,6652,consumo_MedidorKaeser2_hora,COMPRESORES_AIRE
,,8,2025-12-16T21:41:38.5759694Z,2025-12-23T21:41:38.5759694Z,2025-12-21T09:30:00Z,60,consumo_MedidorKaeser2_hora,COMPRESORES_AIRE
,,8,2025-12-16T21:41:38.5759694Z,2025-12-23T21:41:38.5759694Z,2025-12-21T10:00:00Z,60,consumo_MedidorKaeser2_hora,COMPRESORES_AIRE
,,8,2025-12-16T21:41:38.5759694Z,2025-12-23T21:41:38.5759694Z,2025-12-21T10:30:00Z,74,consumo_MedidorKaeser2_hora,COMPRESORES_AIRE
,,8,2025-12-16T21:41:38.5759694Z,2025-12-23T21:41:38.5759694Z,2025-12-21T11:00:00Z,74,consumo_MedidorKaeser2_hora,COMPRESORES_AIRE
,,8,2025-12-16T21:41:38.5759694Z,2025-12-23T21:41:38.5759694Z,2025-12-21T11:30:00Z,46,consumo_MedidorKaeser2_hora,COMPRESORES_AIRE
,,8,2025-12-16T21:41:38.5759694Z,2025-12-23T21:41:38.5759694Z,2025-12-21T12:00:00Z,46,consumo_MedidorKaeser2_hora,COMPRESORES_AIRE
,,8,2025-12-16T21:41:38.5759694Z,2025-12-23T21:41:38.5759694Z,2025-12-21T12:30:00Z,52,consumo_MedidorKaeser2_hora,COMPRESORES_AIRE
,,8,2025-12-16T21:41:38.5759694Z,2025-12-23T21:41:38.5759694Z,2025-12-21T13:00:00Z,52,consumo_MedidorKaeser2_hora,COMPRESORES_AIRE
,,8,2025-12-16T21:41:38.5759694Z,2025-12-23T21:41:38.5759694Z,2025-12-21T13:30:00Z,72,consumo_MedidorKaeser2_hora,COMPRESORES_AIRE
,,8,2025-12-16T21:41:38.5759694Z,2025-12-23T21:41:38.5759694Z,2025-12-21T14:00:00Z,72,consumo_MedidorKaeser2_hora,COMPRESORES_AIRE
,,8,2025-12-16T21:41:38.5759694Z,2025-12-23T21:41:38.5759694Z,2025-12-21T14:30:00Z,13692,consumo_MedidorKaeser2_hora,COMPRESORES_AIRE
,,8,2025-12-16T21:41:38.5759694Z,2025-12-23T21:41:38.5759694Z,2025-12-21T15:00:00Z,13692,consumo_MedidorKaeser2_hora,COMPRESORES_AIRE
,,8,2025-12-16T21:41:38.5759694Z,2025-12-23T21:41:38.5759694Z,2025-12-21T15:30:00Z,34669,consumo_MedidorKaeser2_hora,COMPRESORES_AIRE
,,8,2025-12-16T21:41:38.5759694Z,2025-12-23T21:41:38.5759694Z,2025-12-21T16:00:00Z,34669,consumo_MedidorKaeser2_hora,COMPRESORES_AIRE
,,8,2025-12-16T21:41:38.5759694Z,2025-12-23T21:41:38.5759694Z,2025-12-21T16:30:00Z,96332,consumo_MedidorKaeser2_hora,COMPRESORES_AIRE
,,8,2025-12-16T21:41:38.5759694Z,2025-12-23T21:41:38.5759694Z,2025-12-21T17:00:00Z,96332,consumo_MedidorKaeser2_hora,COMPRESORES_AIRE
,,8,2025-12-16T21:41:38.5759694Z,2025-12-23T21:41:38.5759694Z,2025-12-21T17:30:00Z,109233,consumo_MedidorKaeser2_hora,COMPRESORES_AIRE
,,8,2025-12-16T21:41:38.5759694Z,2025-12-23T21:41:38.5759694Z,2025-12-21T18:00:00Z,109233,consumo_MedidorKaeser2_hora,COMPRESORES_AIRE
,,8,2025-12-16T21:41:38.5759694Z,2025-12-23T21:41:38.5759694Z,2025-12-21T18:30:00Z,109773,consumo_MedidorKaeser2_hora,COMPRESORES_AIRE
,,8,2025-12-16T21:41:38.5759694Z,2025-12-23T21:41:38.5759694Z,2025-12-21T19:00:00Z,109773,consumo_MedidorKaeser2_hora,COMPRESORES_AIRE
,,8,2025-12-16T21:41:38.5759694Z,2025-12-23T21:41:38.5759694Z,2025-12-21T19:30:00Z,112524,consumo_MedidorKaeser2_hora,COMPRESORES_AIRE
,,8,2025-12-16T21:41:38.5759694Z,2025-12-23T21:41:38.5759694Z,2025-12-21T20:00:00Z,112524,consumo_MedidorKaeser2_hora,COMPRESORES_AIRE
,,8,2025-12-16T21:41:38.5759694Z,2025-12-23T21:41:38.5759694Z,2025-12-21T20:30:00Z,117995,consumo_MedidorKaeser2_hora,COMPRESORES_AIRE
,,8,2025-12-16T21:41:38.5759694Z,2025-12-23T21:41:38.5759694Z,2025-12-21T21:00:00Z,117995,consumo_MedidorKaeser2_hora,COMPRESORES_AIRE
,,8,2025-12-16T21:41:38.5759694Z,2025-12-23T21:41:38.5759694Z,2025-12-21T21:30:00Z,119474,consumo_MedidorKaeser2_hora,COMPRESORES_AIRE
,,8,2025-12-16T21:41:38.5759694Z,2025-12-23T21:41:38.5759694Z,2025-12-21T22:00:00Z,119474,consumo_MedidorKaeser2_hora,COMPRESORES_AIRE
,,8,2025-12-16T21:41:38.5759694Z,2025-12-23T21:41:38.5759694Z,2025-12-21T22:30:00Z,118832,consumo_MedidorKaeser2_hora,COMPRESORES_AIRE
,,8,2025-12-16T21:41:38.5759694Z,2025-12-23T21:41:38.5759694Z,2025-12-21T23:00:00Z,118832,consumo_MedidorKaeser2_hora,COMPRESORES_AIRE
,,8,2025-12-16T21:41:38.5759694Z,2025-12-23T21:41:38.5759694Z,2025-12-21T23:30:00Z,118378,consumo_MedidorKaeser2_hora,COMPRESORES_AIRE
,,8,2025-12-16T21:41:38.5759694Z,2025-12-23T21:41:38.5759694Z,2025-12-22T00:00:00Z,118378,consumo_MedidorKaeser2_hora,COMPRESORES_AIRE
,,8,2025-12-16T21:41:38.5759694Z,2025-12-23T21:41:38.5759694Z,2025-12-22T00:30:00Z,118891,consumo_MedidorKaeser2_hora,COMPRESORES_AIRE
,,8,2025-12-16T21:41:38.5759694Z,2025-12-23T21:41:38.5759694Z,2025-12-22T01:00:00Z,118891,consumo_MedidorKaeser2_hora,COMPRESORES_AIRE
,,8,2025-12-16T21:41:38.5759694Z,2025-12-23T21:41:38.5759694Z,2025-12-22T01:30:00Z,119093,consumo_MedidorKaeser2_hora,COMPRESORES_AIRE
,,8,2025-12-16T21:41:38.5759694Z,2025-12-23T21:41:38.5759694Z,2025-12-22T02:00:00Z,119093,consumo_MedidorKaeser2_hora,COMPRESORES_AIRE
,,8,2025-12-16T21:41:38.5759694Z,2025-12-23T21:41:38.5759694Z,2025-12-22T02:30:00Z,119405,consumo_MedidorKaeser2_hora,COMPRESORES_AIRE
,,8,2025-12-16T21:41:38.5759694Z,2025-12-23T21:41:38.5759694Z,2025-12-22T03:00:00Z,119405,consumo_MedidorKaeser2_hora,COMPRESORES_AIRE
,,8,2025-12-16T21:41:38.5759694Z,2025-12-23T21:41:38.5759694Z,2025-12-22T03:30:00Z,120648,consumo_MedidorKaeser2_hora,COMPRESORES_AIRE
,,8,2025-12-16T21:41:38.5759694Z,2025-12-23T21:41:38.5759694Z,2025-12-22T04:00:00Z,120648,consumo_MedidorKaeser2_hora,COMPRESORES_AIRE
,,8,2025-12-16T21:41:38.5759694Z,2025-12-23T21:41:38.5759694Z,2025-12-22T04:30:00Z,118700,consumo_MedidorKaeser2_hora,COMPRESORES_AIRE
,,8,2025-12-16T21:41:38.5759694Z,2025-12-23T21:41:38.5759694Z,2025-12-22T05:00:00Z,118700,consumo_MedidorKaeser2_hora,COMPRESORES_AIRE
,,8,2025-12-16T21:41:38.5759694Z,2025-12-23T21:41:38.5759694Z,2025-12-22T05:30:00Z,119527,consumo_MedidorKaeser2_hora,COMPRESORES_AIRE
,,8,2025-12-16T21:41:38.5759694Z,2025-12-23T21:41:38.5759694Z,2025-12-22T06:00:00Z,119527,consumo_MedidorKaeser2_hora,COMPRESORES_AIRE
,,8,2025-12-16T21:41:38.5759694Z,2025-12-23T21:41:38.5759694Z,2025-12-22T06:30:00Z,119527,consumo_MedidorKaeser2_hora,COMPRESORES_AIRE
,,8,2025-12-16T21:41:38.5759694Z,2025-12-23T21:41:38.5759694Z,2025-12-22T07:00:00Z,119527,consumo_MedidorKaeser2_hora,COMPRESORES_AIRE
,,8,2025-12-16T21:41:38.5759694Z,2025-12-23T21:41:38.5759694Z,2025-12-22T07:30:00Z,236104,consumo_MedidorKaeser2_hora,COMPRESORES_AIRE
,,8,2025-12-16T21:41:38.5759694Z,2025-12-23T21:41:38.5759694Z,2025-12-22T08:00:00Z,236104,consumo_MedidorKaeser2_hora,COMPRESORES_AIRE
,,8,2025-12-16T21:41:38.5759694Z,2025-12-23T21:41:38.5759694Z,2025-12-22T08:30:00Z,117328,consumo_MedidorKaeser2_hora,COMPRESORES_AIRE
,,8,2025-12-16T21:41:38.5759694Z,2025-12-23T21:41:38.5759694Z,2025-12-22T09:00:00Z,117328,consumo_MedidorKaeser2_hora,COMPRESORES_AIRE
,,8,2025-12-16T21:41:38.5759694Z,2025-12-23T21:41:38.5759694Z,2025-12-22T09:30:00Z,117810,consumo_MedidorKaeser2_hora,COMPRESORES_AIRE
,,8,2025-12-16T21:41:38.5759694Z,2025-12-23T21:41:38.5759694Z,2025-12-22T10:00:00Z,117810,consumo_MedidorKaeser2_hora,COMPRESORES_AIRE
,,8,2025-12-16T21:41:38.5759694Z,2025-12-23T21:41:38.5759694Z,2025-12-22T10:30:00Z,118084,consumo_MedidorKaeser2_hora,COMPRESORES_AIRE
,,8,2025-12-16T21:41:38.5759694Z,2025-12-23T21:41:38.5759694Z,2025-12-22T11:00:00Z,118084,consumo_MedidorKaeser2_hora,COMPRESORES_AIRE
,,8,2025-12-16T21:41:38.5759694Z,2025-12-23T21:41:38.5759694Z,2025-12-22T11:30:00Z,117985,consumo_MedidorKaeser2_hora,COMPRESORES_AIRE
,,8,2025-12-16T21:41:38.5759694Z,2025-12-23T21:41:38.5759694Z,2025-12-22T12:00:00Z,117985,consumo_MedidorKaeser2_hora,COMPRESORES_AIRE
,,8,2025-12-16T21:41:38.5759694Z,2025-12-23T21:41:38.5759694Z,2025-12-22T12:30:00Z,116611,consumo_MedidorKaeser2_hora,COMPRESORES_AIRE
,,8,2025-12-16T21:41:38.5759694Z,2025-12-23T21:41:38.5759694Z,2025-12-22T13:00:00Z,116611,consumo_MedidorKaeser2_hora,COMPRESORES_AIRE
,,8,2025-12-16T21:41:38.5759694Z,2025-12-23T21:41:38.5759694Z,2025-12-22T13:30:00Z,114801,consumo_MedidorKaeser2_hora,COMPRESORES_AIRE
,,8,2025-12-16T21:41:38.5759694Z,2025-12-23T21:41:38.5759694Z,2025-12-22T14:00:00Z,114801,consumo_MedidorKaeser2_hora,COMPRESORES_AIRE
,,8,2025-12-16T21:41:38.5759694Z,2025-12-23T21:41:38.5759694Z,2025-12-22T14:30:00Z,118586,consumo_MedidorKaeser2_hora,COMPRESORES_AIRE
,,8,2025-12-16T21:41:38.5759694Z,2025-12-23T21:41:38.5759694Z,2025-12-22T15:00:00Z,118586,consumo_MedidorKaeser2_hora,COMPRESORES_AIRE
,,8,2025-12-16T21:41:38.5759694Z,2025-12-23T21:41:38.5759694Z,2025-12-22T15:30:00Z,116350,consumo_MedidorKaeser2_hora,COMPRESORES_AIRE
,,8,2025-12-16T21:41:38.5759694Z,2025-12-23T21:41:38.5759694Z,2025-12-22T16:00:00Z,116350,consumo_MedidorKaeser2_hora,COMPRESORES_AIRE
,,8,2025-12-16T21:41:38.5759694Z,2025-12-23T21:41:38.5759694Z,2025-12-22T16:30:00Z,51604,consumo_MedidorKaeser2_hora,COMPRESORES_AIRE
,,8,2025-12-16T21:41:38.5759694Z,2025-12-23T21:41:38.5759694Z,2025-12-22T17:00:00Z,51604,consumo_MedidorKaeser2_hora,COMPRESORES_AIRE
,,8,2025-12-16T21:41:38.5759694Z,2025-12-23T21:41:38.5759694Z,2025-12-22T17:30:00Z,62,consumo_MedidorKaeser2_hora,COMPRESORES_AIRE
,,8,2025-12-16T21:41:38.5759694Z,2025-12-23T21:41:38.5759694Z,2025-12-22T18:00:00Z,62,consumo_MedidorKaeser2_hora,COMPRESORES_AIRE
,,8,2025-12-16T21:41:38.5759694Z,2025-12-23T21:41:38.5759694Z,2025-12-22T18:30:00Z,77,consumo_MedidorKaeser2_hora,COMPRESORES_AIRE
,,8,2025-12-16T21:41:38.5759694Z,2025-12-23T21:41:38.5759694Z,2025-12-22T19:00:00Z,77,consumo_MedidorKaeser2_hora,COMPRESORES_AIRE
,,8,2025-12-16T21:41:38.5759694Z,2025-12-23T21:41:38.5759694Z,2025-12-22T19:30:00Z,81,consumo_MedidorKaeser2_hora,COMPRESORES_AIRE
,,8,2025-12-16T21:41:38.5759694Z,2025-12-23T21:41:38.5759694Z,2025-12-22T20:00:00Z,81,consumo_MedidorKaeser2_hora,COMPRESORES_AIRE
,,8,2025-12-16T21:41:38.5759694Z,2025-12-23T21:41:38.5759694Z,2025-12-22T20:30:00Z,72,consumo_MedidorKaeser2_hora,COMPRESORES_AIRE
,,8,2025-12-16T21:41:38.5759694Z,2025-12-23T21:41:38.5759694Z,2025-12-22T21:00:00Z,72,consumo_MedidorKaeser2_hora,COMPRESORES_AIRE
,,8,2025-12-16T21:41:38.5759694Z,2025-12-23T21:41:38.5759694Z,2025-12-22T21:30:00Z,77,consumo_MedidorKaeser2_hora,COMPRESORES_AIRE
,,8,2025-12-16T21:41:38.5759694Z,2025-12-23T21:41:38.5759694Z,2025-12-22T22:00:00Z,77,consumo_MedidorKaeser2_hora,COMPRESORES_AIRE
,,8,2025-12-16T21:41:38.5759694Z,2025-12-23T21:41:38.5759694Z,2025-12-22T22:30:00Z,56,consumo_MedidorKaeser2_hora,COMPRESORES_AIRE
,,8,2025-12-16T21:41:38.5759694Z,2025-12-23T21:41:38.5759694Z,2025-12-22T23:00:00Z,56,consumo_MedidorKaeser2_hora,COMPRESORES_AIRE
,,8,2025-12-16T21:41:38.5759694Z,2025-12-23T21:41:38.5759694Z,2025-12-22T23:30:00Z,27,consumo_MedidorKaeser2_hora,COMPRESORES_AIRE
,,8,2025-12-16T21:41:38.5759694Z,2025-12-23T21:41:38.5759694Z,2025-12-23T00:00:00Z,27,consumo_MedidorKaeser2_hora,COMPRESORES_AIRE
,,8,2025-12-16T21:41:38.5759694Z,2025-12-23T21:41:38.5759694Z,2025-12-23T00:30:00Z,42,consumo_MedidorKaeser2_hora,COMPRESORES_AIRE
,,8,2025-12-16T21:41:38.5759694Z,2025-12-23T21:41:38.5759694Z,2025-12-23T01:00:00Z,42,consumo_MedidorKaeser2_hora,COMPRESORES_AIRE
,,8,2025-12-16T21:41:38.5759694Z,2025-12-23T21:41:38.5759694Z,2025-12-23T01:30:00Z,47,consumo_MedidorKaeser2_hora,COMPRESORES_AIRE
,,8,2025-12-16T21:41:38.5759694Z,2025-12-23T21:41:38.5759694Z,2025-12-23T02:00:00Z,47,consumo_MedidorKaeser2_hora,COMPRESORES_AIRE
,,8,2025-12-16T21:41:38.5759694Z,2025-12-23T21:41:38.5759694Z,2025-12-23T02:30:00Z,32,consumo_MedidorKaeser2_hora,COMPRESORES_AIRE
,,8,2025-12-16T21:41:38.5759694Z,2025-12-23T21:41:38.5759694Z,2025-12-23T03:00:00Z,32,consumo_MedidorKaeser2_hora,COMPRESORES_AIRE
,,8,2025-12-16T21:41:38.5759694Z,2025-12-23T21:41:38.5759694Z,2025-12-23T03:30:00Z,46,consumo_MedidorKaeser2_hora,COMPRESORES_AIRE
,,8,2025-12-16T21:41:38.5759694Z,2025-12-23T21:41:38.5759694Z,2025-12-23T04:00:00Z,46,consumo_MedidorKaeser2_hora,COMPRESORES_AIRE
,,8,2025-12-16T21:41:38.5759694Z,2025-12-23T21:41:38.5759694Z,2025-12-23T04:30:00Z,48,consumo_MedidorKaeser2_hora,COMPRESORES_AIRE
,,8,2025-12-16T21:41:38.5759694Z,2025-12-23T21:41:38.5759694Z,2025-12-23T05:00:00Z,48,consumo_MedidorKaeser2_hora,COMPRESORES_AIRE
,,8,2025-12-16T21:41:38.5759694Z,2025-12-23T21:41:38.5759694Z,2025-12-23T05:30:00Z,54,consumo_MedidorKaeser2_hora,COMPRESORES_AIRE
,,8,2025-12-16T21:41:38.5759694Z,2025-12-23T21:41:38.5759694Z,2025-12-23T06:00:00Z,54,consumo_MedidorKaeser2_hora,COMPRESORES_AIRE
,,8,2025-12-16T21:41:38.5759694Z,2025-12-23T21:41:38.5759694Z,2025-12-23T06:30:00Z,54,consumo_MedidorKaeser2_hora,COMPRESORES_AIRE
,,8,2025-12-16T21:41:38.5759694Z,2025-12-23T21:41:38.5759694Z,2025-12-23T07:00:00Z,54,consumo_MedidorKaeser2_hora,COMPRESORES_AIRE
,,8,2025-12-16T21:41:38.5759694Z,2025-12-23T21:41:38.5759694Z,2025-12-23T07:30:00Z,125,consumo_MedidorKaeser2_hora,COMPRESORES_AIRE
,,8,2025-12-16T21:41:38.5759694Z,2025-12-23T21:41:38.5759694Z,2025-12-23T08:00:00Z,125,consumo_MedidorKaeser2_hora,COMPRESORES_AIRE
,,8,2025-12-16T21:41:38.5759694Z,2025-12-23T21:41:38.5759694Z,2025-12-23T08:30:00Z,54,consumo_MedidorKaeser2_hora,COMPRESORES_AIRE
,,8,2025-12-16T21:41:38.5759694Z,2025-12-23T21:41:38.5759694Z,2025-12-23T09:00:00Z,54,consumo_MedidorKaeser2_hora,COMPRESORES_AIRE
,,8,2025-12-16T21:41:38.5759694Z,2025-12-23T21:41:38.5759694Z,2025-12-23T09:30:00Z,86,consumo_MedidorKaeser2_hora,COMPRESORES_AIRE
,,8,2025-12-16T21:41:38.5759694Z,2025-12-23T21:41:38.5759694Z,2025-12-23T10:00:00Z,86,consumo_MedidorKaeser2_hora,COMPRESORES_AIRE
,,8,2025-12-16T21:41:38.5759694Z,2025-12-23T21:41:38.5759694Z,2025-12-23T10:30:00Z,71,consumo_MedidorKaeser2_hora,COMPRESORES_AIRE
,,8,2025-12-16T21:41:38.5759694Z,2025-12-23T21:41:38.5759694Z,2025-12-23T11:00:00Z,71,consumo_MedidorKaeser2_hora,COMPRESORES_AIRE
,,8,2025-12-16T21:41:38.5759694Z,2025-12-23T21:41:38.5759694Z,2025-12-23T11:30:00Z,54,consumo_MedidorKaeser2_hora,COMPRESORES_AIRE
,,8,2025-12-16T21:41:38.5759694Z,2025-12-23T21:41:38.5759694Z,2025-12-23T12:00:00Z,54,consumo_MedidorKaeser2_hora,COMPRESORES_AIRE
,,8,2025-12-16T21:41:38.5759694Z,2025-12-23T21:41:38.5759694Z,2025-12-23T12:30:00Z,50,consumo_MedidorKaeser2_hora,COMPRESORES_AIRE
,,8,2025-12-16T21:41:38.5759694Z,2025-12-23T21:41:38.5759694Z,2025-12-23T13:00:00Z,50,consumo_MedidorKaeser2_hora,COMPRESORES_AIRE
,,8,2025-12-16T21:41:38.5759694Z,2025-12-23T21:41:38.5759694Z,2025-12-23T13:30:00Z,59,consumo_MedidorKaeser2_hora,COMPRESORES_AIRE
,,8,2025-12-16T21:41:38.5759694Z,2025-12-23T21:41:38.5759694Z,2025-12-23T14:00:00Z,59,consumo_MedidorKaeser2_hora,COMPRESORES_AIRE
,,8,2025-12-16T21:41:38.5759694Z,2025-12-23T21:41:38.5759694Z,2025-12-23T14:30:00Z,29,consumo_MedidorKaeser2_hora,COMPRESORES_AIRE
,,8,2025-12-16T21:41:38.5759694Z,2025-12-23T21:41:38.5759694Z,2025-12-23T15:00:00Z,29,consumo_MedidorKaeser2_hora,COMPRESORES_AIRE
,,8,2025-12-16T21:41:38.5759694Z,2025-12-23T21:41:38.5759694Z,2025-12-23T15:30:00Z,70,consumo_MedidorKaeser2_hora,COMPRESORES_AIRE
,,8,2025-12-16T21:41:38.5759694Z,2025-12-23T21:41:38.5759694Z,2025-12-23T16:00:00Z,70,consumo_MedidorKaeser2_hora,COMPRESORES_AIRE
,,8,2025-12-16T21:41:38.5759694Z,2025-12-23T21:41:38.5759694Z,2025-12-23T16:30:00Z,58,consumo_MedidorKaeser2_hora,COMPRESORES_AIRE
,,8,2025-12-16T21:41:38.5759694Z,2025-12-23T21:41:38.5759694Z,2025-12-23T17:00:00Z,58,consumo_MedidorKaeser2_hora,COMPRESORES_AIRE
,,8,2025-12-16T21:41:38.5759694Z,2025-12-23T21:41:38.5759694Z,2025-12-23T17:30:00Z,55,consumo_MedidorKaeser2_hora,COMPRESORES_AIRE
,,8,2025-12-16T21:41:38.5759694Z,2025-12-23T21:41:38.5759694Z,2025-12-23T18:00:00Z,55,consumo_MedidorKaeser2_hora,COMPRESORES_AIRE
,,8,2025-12-16T21:41:38.5759694Z,2025-12-23T21:41:38.5759694Z,2025-12-23T18:30:00Z,70,consumo_MedidorKaeser2_hora,COMPRESORES_AIRE
,,8,2025-12-16T21:41:38.5759694Z,2025-12-23T21:41:38.5759694Z,2025-12-23T19:00:00Z,70,consumo_MedidorKaeser2_hora,COMPRESORES_AIRE
,,8,2025-12-16T21:41:38.5759694Z,2025-12-23T21:41:38.5759694Z,2025-12-23T19:30:00Z,55,consumo_MedidorKaeser2_hora,COMPRESORES_AIRE
,,8,2025-12-16T21:41:38.5759694Z,2025-12-23T21:41:38.5759694Z,2025-12-23T20:00:00Z,55,consumo_MedidorKaeser2_hora,COMPRESORES_AIRE
,,8,2025-12-16T21:41:38.5759694Z,2025-12-23T21:41:38.5759694Z,2025-12-23T20:30:00Z,70,consumo_MedidorKaeser2_hora,COMPRESORES_AIRE
,,8,2025-12-16T21:41:38.5759694Z,2025-12-23T21:41:38.5759694Z,2025-12-23T21:00:00Z,70,consumo_MedidorKaeser2_hora,COMPRESORES_AIRE
,,8,2025-12-16T21:41:38.5759694Z,2025-12-23T21:41:38.5759694Z,2025-12-23T21:30:00Z,62,consumo_MedidorKaeser2_hora,COMPRESORES_AIRE
,,8,2025-12-16T21:41:38.5759694Z,2025-12-23T21:41:38.5759694Z,2025-12-23T21:41:38.5759694Z,62,consumo_MedidorKaeser2_hora,COMPRESORES_AIRE
,,9,2025-12-16T21:41:38.5759694Z,2025-12-23T21:41:38.5759694Z,2025-12-16T22:00:00Z,1,consumo_MedidorKaeser2_minuto,COMPRESORES_AIRE
,,9,2025-12-16T21:41:38.5759694Z,2025-12-23T21:41:38.5759694Z,2025-12-16T22:30:00Z,0,consumo_MedidorKaeser2_minuto,COMPRESORES_AIRE
,,9,2025-12-16T21:41:38.5759694Z,2025-12-23T21:41:38.5759694Z,2025-12-16T23:00:00Z,0,consumo_MedidorKaeser2_minuto,COMPRESORES_AIRE
,,9,2025-12-16T21:41:38.5759694Z,2025-12-23T21:41:38.5759694Z,2025-12-16T23:30:00Z,0,consumo_MedidorKaeser2_minuto,COMPRESORES_AIRE
,,9,2025-12-16T21:41:38.5759694Z,2025-12-23T21:41:38.5759694Z,2025-12-17T00:00:00Z,1,consumo_MedidorKaeser2_minuto,COMPRESORES_AIRE
,,9,2025-12-16T21:41:38.5759694Z,2025-12-23T21:41:38.5759694Z,2025-12-17T00:30:00Z,0,consumo_MedidorKaeser2_minuto,COMPRESORES_AIRE
,,9,2025-12-16T21:41:38.5759694Z,2025-12-23T21:41:38.5759694Z,2025-12-17T01:00:00Z,0,consumo_MedidorKaeser2_minuto,COMPRESORES_AIRE
,,9,2025-12-16T21:41:38.5759694Z,2025-12-23T21:41:38.5759694Z,2025-12-17T01:30:00Z,0,consumo_MedidorKaeser2_minuto,COMPRESORES_AIRE
,,9,2025-12-16T21:41:38.5759694Z,2025-12-23T21:41:38.5759694Z,2025-12-17T02:00:00Z,1,consumo_MedidorKaeser2_minuto,COMPRESORES_AIRE
,,9,2025-12-16T21:41:38.5759694Z,2025-12-23T21:41:38.5759694Z,2025-12-17T02:30:00Z,0,consumo_MedidorKaeser2_minuto,COMPRESORES_AIRE
,,9,2025-12-16T21:41:38.5759694Z,2025-12-23T21:41:38.5759694Z,2025-12-17T03:00:00Z,0,consumo_MedidorKaeser2_minuto,COMPRESORES_AIRE
,,9,2025-12-16T21:41:38.5759694Z,2025-12-23T21:41:38.5759694Z,2025-12-17T03:30:00Z,1,consumo_MedidorKaeser2_minuto,COMPRESORES_AIRE
,,9,2025-12-16T21:41:38.5759694Z,2025-12-23T21:41:38.5759694Z,2025-12-17T04:00:00Z,1,consumo_MedidorKaeser2_minuto,COMPRESORES_AIRE
,,9,2025-12-16T21:41:38.5759694Z,2025-12-23T21:41:38.5759694Z,2025-12-17T04:30:00Z,2,consumo_MedidorKaeser2_minuto,COMPRESORES_AIRE
,,9,2025-12-16T21:41:38.5759694Z,2025-12-23T21:41:38.5759694Z,2025-12-17T05:00:00Z,2,consumo_MedidorKaeser2_minuto,COMPRESORES_AIRE
,,9,2025-12-16T21:41:38.5759694Z,2025-12-23T21:41:38.5759694Z,2025-12-17T05:30:00Z,1,consumo_MedidorKaeser2_minuto,COMPRESORES_AIRE
,,9,2025-12-16T21:41:38.5759694Z,2025-12-23T21:41:38.5759694Z,2025-12-17T06:00:00Z,1,consumo_MedidorKaeser2_minuto,COMPRESORES_AIRE
,,9,2025-12-16T21:41:38.5759694Z,2025-12-23T21:41:38.5759694Z,2025-12-17T06:30:00Z,1,consumo_MedidorKaeser2_minuto,COMPRESORES_AIRE
,,9,2025-12-16T21:41:38.5759694Z,2025-12-23T21:41:38.5759694Z,2025-12-17T07:00:00Z,2,consumo_MedidorKaeser2_minuto,COMPRESORES_AIRE
,,9,2025-12-16T21:41:38.5759694Z,2025-12-23T21:41:38.5759694Z,2025-12-17T07:30:00Z,1,consumo_MedidorKaeser2_minuto,COMPRESORES_AIRE
,,9,2025-12-16T21:41:38.5759694Z,2025-12-23T21:41:38.5759694Z,2025-12-17T08:00:00Z,0,consumo_MedidorKaeser2_minuto,COMPRESORES_AIRE
,,9,2025-12-16T21:41:38.5759694Z,2025-12-23T21:41:38.5759694Z,2025-12-17T08:30:00Z,1,consumo_MedidorKaeser2_minuto,COMPRESORES_AIRE
,,9,2025-12-16T21:41:38.5759694Z,2025-12-23T21:41:38.5759694Z,2025-12-17T09:00:00Z,1,consumo_MedidorKaeser2_minuto,COMPRESORES_AIRE
,,9,2025-12-16T21:41:38.5759694Z,2025-12-23T21:41:38.5759694Z,2025-12-17T09:30:00Z,1,consumo_MedidorKaeser2_minuto,COMPRESORES_AIRE
,,9,2025-12-16T21:41:38.5759694Z,2025-12-23T21:41:38.5759694Z,2025-12-17T10:00:00Z,1,consumo_MedidorKaeser2_minuto,COMPRESORES_AIRE
,,9,2025-12-16T21:41:38.5759694Z,2025-12-23T21:41:38.5759694Z,2025-12-17T10:30:00Z,1,consumo_MedidorKaeser2_minuto,COMPRESORES_AIRE
,,9,2025-12-16T21:41:38.5759694Z,2025-12-23T21:41:38.5759694Z,2025-12-17T11:00:00Z,1,consumo_MedidorKaeser2_minuto,COMPRESORES_AIRE
,,9,2025-12-16T21:41:38.5759694Z,2025-12-23T21:41:38.5759694Z,2025-12-17T11:30:00Z,0,consumo_MedidorKaeser2_minuto,COMPRESORES_AIRE
,,9,2025-12-16T21:41:38.5759694Z,2025-12-23T21:41:38.5759694Z,2025-12-17T12:00:00Z,1,consumo_MedidorKaeser2_minuto,COMPRESORES_AIRE
,,9,2025-12-16T21:41:38.5759694Z,2025-12-23T21:41:38.5759694Z,2025-12-17T12:30:00Z,0,consumo_MedidorKaeser2_minuto,COMPRESORES_AIRE
,,9,2025-12-16T21:41:38.5759694Z,2025-12-23T21:41:38.5759694Z,2025-12-17T13:00:00Z,1,consumo_MedidorKaeser2_minuto,COMPRESORES_AIRE
,,9,2025-12-16T21:41:38.5759694Z,2025-12-23T21:41:38.5759694Z,2025-12-17T13:30:00Z,0,consumo_MedidorKaeser2_minuto,COMPRESORES_AIRE
,,9,2025-12-16T21:41:38.5759694Z,2025-12-23T21:41:38.5759694Z,2025-12-17T14:00:00Z,1,consumo_MedidorKaeser2_minuto,COMPRESORES_AIRE
,,9,2025-12-16T21:41:38.5759694Z,2025-12-23T21:41:38.5759694Z,2025-12-17T14:30:00Z,1,consumo_MedidorKaeser2_minuto,COMPRESORES_AIRE
,,9,2025-12-16T21:41:38.5759694Z,2025-12-23T21:41:38.5759694Z,2025-12-17T15:00:00Z,1,consumo_MedidorKaeser2_minuto,COMPRESORES_AIRE
,,9,2025-12-16T21:41:38.5759694Z,2025-12-23T21:41:38.5759694Z,2025-12-17T15:30:00Z,0,consumo_MedidorKaeser2_minuto,COMPRESORES_AIRE
,,9,2025-12-16T21:41:38.5759694Z,2025-12-23T21:41:38.5759694Z,2025-12-17T16:00:00Z,1,consumo_MedidorKaeser2_minuto,COMPRESORES_AIRE
,,9,2025-12-16T21:41:38.5759694Z,2025-12-23T21:41:38.5759694Z,2025-12-17T16:30:00Z,0,consumo_MedidorKaeser2_minuto,COMPRESORES_AIRE
,,9,2025-12-16T21:41:38.5759694Z,2025-12-23T21:41:38.5759694Z,2025-12-17T17:00:00Z,1,consumo_MedidorKaeser2_minuto,COMPRESORES_AIRE
,,9,2025-12-16T21:41:38.5759694Z,2025-12-23T21:41:38.5759694Z,2025-12-17T17:30:00Z,1,consumo_MedidorKaeser2_minuto,COMPRESORES_AIRE
,,9,2025-12-16T21:41:38.5759694Z,2025-12-23T21:41:38.5759694Z,2025-12-17T18:00:00Z,1,consumo_MedidorKaeser2_minuto,COMPRESORES_AIRE
,,9,2025-12-16T21:41:38.5759694Z,2025-12-23T21:41:38.5759694Z,2025-12-17T18:30:00Z,1,consumo_MedidorKaeser2_minuto,COMPRESORES_AIRE
,,9,2025-12-16T21:41:38.5759694Z,2025-12-23T21:41:38.5759694Z,2025-12-17T19:00:00Z,1,consumo_MedidorKaeser2_minuto,COMPRESORES_AIRE
,,9,2025-12-16T21:41:38.5759694Z,2025-12-23T21:41:38.5759694Z,2025-12-17T19:30:00Z,0,consumo_MedidorKaeser2_minuto,COMPRESORES_AIRE
,,9,2025-12-16T21:41:38.5759694Z,2025-12-23T21:41:38.5759694Z,2025-12-17T20:00:00Z,1,consumo_MedidorKaeser2_minuto,COMPRESORES_AIRE
,,9,2025-12-16T21:41:38.5759694Z,2025-12-23T21:41:38.5759694Z,2025-12-17T20:30:00Z,1,consumo_MedidorKaeser2_minuto,COMPRESORES_AIRE
,,9,2025-12-16T21:41:38.5759694Z,2025-12-23T21:41:38.5759694Z,2025-12-17T21:00:00Z,0,consumo_MedidorKaeser2_minuto,COMPRESORES_AIRE
,,9,2025-12-16T21:41:38.5759694Z,2025-12-23T21:41:38.5759694Z,2025-12-17T21:30:00Z,1,consumo_MedidorKaeser2_minuto,COMPRESORES_AIRE
,,9,2025-12-16T21:41:38.5759694Z,2025-12-23T21:41:38.5759694Z,2025-12-17T22:00:00Z,1,consumo_MedidorKaeser2_minuto,COMPRESORES_AIRE
,,9,2025-12-16T21:41:38.5759694Z,2025-12-23T21:41:38.5759694Z,2025-12-17T22:30:00Z,0,consumo_MedidorKaeser2_minuto,COMPRESORES_AIRE
,,9,2025-12-16T21:41:38.5759694Z,2025-12-23T21:41:38.5759694Z,2025-12-17T23:00:00Z,0,consumo_MedidorKaeser2_minuto,COMPRESORES_AIRE
,,9,2025-12-16T21:41:38.5759694Z,2025-12-23T21:41:38.5759694Z,2025-12-17T23:30:00Z,0,consumo_MedidorKaeser2_minuto,COMPRESORES_AIRE
,,9,2025-12-16T21:41:38.5759694Z,2025-12-23T21:41:38.5759694Z,2025-12-18T17:00:00Z,0,consumo_MedidorKaeser2_minuto,COMPRESORES_AIRE
,,9,2025-12-16T21:41:38.5759694Z,2025-12-23T21:41:38.5759694Z,2025-12-18T17:30:00Z,1,consumo_MedidorKaeser2_minuto,COMPRESORES_AIRE
,,9,2025-12-16T21:41:38.5759694Z,2025-12-23T21:41:38.5759694Z,2025-12-18T18:00:00Z,1,consumo_MedidorKaeser2_minuto,COMPRESORES_AIRE
,,9,2025-12-16T21:41:38.5759694Z,2025-12-23T21:41:38.5759694Z,2025-12-18T18:30:00Z,0,consumo_MedidorKaeser2_minuto,COMPRESORES_AIRE
,,9,2025-12-16T21:41:38.5759694Z,2025-12-23T21:41:38.5759694Z,2025-12-18T19:00:00Z,1,consumo_MedidorKaeser2_minuto,COMPRESORES_AIRE
,,9,2025-12-16T21:41:38.5759694Z,2025-12-23T21:41:38.5759694Z,2025-12-18T19:30:00Z,1,consumo_MedidorKaeser2_minuto,COMPRESORES_AIRE
,,9,2025-12-16T21:41:38.5759694Z,2025-12-23T21:41:38.5759694Z,2025-12-18T20:00:00Z,0,consumo_MedidorKaeser2_minuto,COMPRESORES_AIRE
,,9,2025-12-16T21:41:38.5759694Z,2025-12-23T21:41:38.5759694Z,2025-12-18T20:30:00Z,1,consumo_MedidorKaeser2_minuto,COMPRESORES_AIRE
,,9,2025-12-16T21:41:38.5759694Z,2025-12-23T21:41:38.5759694Z,2025-12-18T21:00:00Z,1,consumo_MedidorKaeser2_minuto,COMPRESORES_AIRE
,,9,2025-12-16T21:41:38.5759694Z,2025-12-23T21:41:38.5759694Z,2025-12-18T21:30:00Z,1,consumo_MedidorKaeser2_minuto,COMPRESORES_AIRE
,,9,2025-12-16T21:41:38.5759694Z,2025-12-23T21:41:38.5759694Z,2025-12-18T22:00:00Z,1,consumo_MedidorKaeser2_minuto,COMPRESORES_AIRE
,,9,2025-12-16T21:41:38.5759694Z,2025-12-23T21:41:38.5759694Z,2025-12-18T22:30:00Z,1,consumo_MedidorKaeser2_minuto,COMPRESORES_AIRE
,,9,2025-12-16T21:41:38.5759694Z,2025-12-23T21:41:38.5759694Z,2025-12-18T23:00:00Z,1,consumo_MedidorKaeser2_minuto,COMPRESORES_AIRE
,,9,2025-12-16T21:41:38.5759694Z,2025-12-23T21:41:38.5759694Z,2025-12-18T23:30:00Z,0,consumo_MedidorKaeser2_minuto,COMPRESORES_AIRE
,,9,2025-12-16T21:41:38.5759694Z,2025-12-23T21:41:38.5759694Z,2025-12-19T00:00:00Z,1,consumo_MedidorKaeser2_minuto,COMPRESORES_AIRE
,,9,2025-12-16T21:41:38.5759694Z,2025-12-23T21:41:38.5759694Z,2025-12-19T00:30:00Z,1,consumo_MedidorKaeser2_minuto,COMPRESORES_AIRE
,,9,2025-12-16T21:41:38.5759694Z,2025-12-23T21:41:38.5759694Z,2025-12-19T01:00:00Z,1,consumo_MedidorKaeser2_minuto,COMPRESORES_AIRE
,,9,2025-12-16T21:41:38.5759694Z,2025-12-23T21:41:38.5759694Z,2025-12-19T01:30:00Z,1,consumo_MedidorKaeser2_minuto,COMPRESORES_AIRE
,,9,2025-12-16T21:41:38.5759694Z,2025-12-23T21:41:38.5759694Z,2025-12-19T02:00:00Z,2,consumo_MedidorKaeser2_minuto,COMPRESORES_AIRE
,,9,2025-12-16T21:41:38.5759694Z,2025-12-23T21:41:38.5759694Z,2025-12-19T02:30:00Z,1,consumo_MedidorKaeser2_minuto,COMPRESORES_AIRE
,,9,2025-12-16T21:41:38.5759694Z,2025-12-23T21:41:38.5759694Z,2025-12-19T03:00:00Z,2,consumo_MedidorKaeser2_minuto,COMPRESORES_AIRE
,,9,2025-12-16T21:41:38.5759694Z,2025-12-23T21:41:38.5759694Z,2025-12-19T03:30:00Z,1,consumo_MedidorKaeser2_minuto,COMPRESORES_AIRE
,,9,2025-12-16T21:41:38.5759694Z,2025-12-23T21:41:38.5759694Z,2025-12-19T04:00:00Z,1,consumo_MedidorKaeser2_minuto,COMPRESORES_AIRE
,,9,2025-12-16T21:41:38.5759694Z,2025-12-23T21:41:38.5759694Z,2025-12-19T04:30:00Z,1,consumo_MedidorKaeser2_minuto,COMPRESORES_AIRE
,,9,2025-12-16T21:41:38.5759694Z,2025-12-23T21:41:38.5759694Z,2025-12-19T05:00:00Z,1,consumo_MedidorKaeser2_minuto,COMPRESORES_AIRE
,,9,2025-12-16T21:41:38.5759694Z,2025-12-23T21:41:38.5759694Z,2025-12-19T05:30:00Z,0,consumo_MedidorKaeser2_minuto,COMPRESORES_AIRE
,,9,2025-12-16T21:41:38.5759694Z,2025-12-23T21:41:38.5759694Z,2025-12-19T06:00:00Z,0,consumo_MedidorKaeser2_minuto,COMPRESORES_AIRE
,,9,2025-12-16T21:41:38.5759694Z,2025-12-23T21:41:38.5759694Z,2025-12-19T06:30:00Z,1,consumo_MedidorKaeser2_minuto,COMPRESORES_AIRE
,,9,2025-12-16T21:41:38.5759694Z,2025-12-23T21:41:38.5759694Z,2025-12-19T07:00:00Z,0,consumo_MedidorKaeser2_minuto,COMPRESORES_AIRE
,,9,2025-12-16T21:41:38.5759694Z,2025-12-23T21:41:38.5759694Z,2025-12-19T07:30:00Z,1,consumo_MedidorKaeser2_minuto,COMPRESORES_AIRE
,,9,2025-12-16T21:41:38.5759694Z,2025-12-23T21:41:38.5759694Z,2025-12-19T08:00:00Z,0,consumo_MedidorKaeser2_minuto,COMPRESORES_AIRE
,,9,2025-12-16T21:41:38.5759694Z,2025-12-23T21:41:38.5759694Z,2025-12-19T08:30:00Z,1,consumo_MedidorKaeser2_minuto,COMPRESORES_AIRE
,,9,2025-12-16T21:41:38.5759694Z,2025-12-23T21:41:38.5759694Z,2025-12-19T09:00:00Z,0,consumo_MedidorKaeser2_minuto,COMPRESORES_AIRE
,,9,2025-12-16T21:41:38.5759694Z,2025-12-23T21:41:38.5759694Z,2025-12-19T09:30:00Z,0,consumo_MedidorKaeser2_minuto,COMPRESORES_AIRE
,,9,2025-12-16T21:41:38.5759694Z,2025-12-23T21:41:38.5759694Z,2025-12-19T10:00:00Z,1,consumo_MedidorKaeser2_minuto,COMPRESORES_AIRE
,,9,2025-12-16T21:41:38.5759694Z,2025-12-23T21:41:38.5759694Z,2025-12-19T10:30:00Z,0,consumo_MedidorKaeser2_minuto,COMPRESORES_AIRE
,,9,2025-12-16T21:41:38.5759694Z,2025-12-23T21:41:38.5759694Z,2025-12-19T11:00:00Z,1,consumo_MedidorKaeser2_minuto,COMPRESORES_AIRE
,,9,2025-12-16T21:41:38.5759694Z,2025-12-23T21:41:38.5759694Z,2025-12-19T11:30:00Z,1,consumo_MedidorKaeser2_minuto,COMPRESORES_AIRE
,,9,2025-12-16T21:41:38.5759694Z,2025-12-23T21:41:38.5759694Z,2025-12-19T12:00:00Z,0,consumo_MedidorKaeser2_minuto,COMPRESORES_AIRE
,,9,2025-12-16T21:41:38.5759694Z,2025-12-23T21:41:38.5759694Z,2025-12-19T12:30:00Z,1,consumo_MedidorKaeser2_minuto,COMPRESORES_AIRE
,,9,2025-12-16T21:41:38.5759694Z,2025-12-23T21:41:38.5759694Z,2025-12-19T13:00:00Z,0,consumo_MedidorKaeser2_minuto,COMPRESORES_AIRE
,,9,2025-12-16T21:41:38.5759694Z,2025-12-23T21:41:38.5759694Z,2025-12-19T13:30:00Z,0,consumo_MedidorKaeser2_minuto,COMPRESORES_AIRE
,,9,2025-12-16T21:41:38.5759694Z,2025-12-23T21:41:38.5759694Z,2025-12-19T14:00:00Z,1,consumo_MedidorKaeser2_minuto,COMPRESORES_AIRE
,,9,2025-12-16T21:41:38.5759694Z,2025-12-23T21:41:38.5759694Z,2025-12-19T14:30:00Z,1,consumo_MedidorKaeser2_minuto,COMPRESORES_AIRE
,,9,2025-12-16T21:41:38.5759694Z,2025-12-23T21:41:38.5759694Z,2025-12-19T15:00:00Z,1,consumo_MedidorKaeser2_minuto,COMPRESORES_AIRE
,,9,2025-12-16T21:41:38.5759694Z,2025-12-23T21:41:38.5759694Z,2025-12-19T15:30:00Z,1,consumo_MedidorKaeser2_minuto,COMPRESORES_AIRE
,,9,2025-12-16T21:41:38.5759694Z,2025-12-23T21:41:38.5759694Z,2025-12-19T16:00:00Z,1,consumo_MedidorKaeser2_minuto,COMPRESORES_AIRE
,,9,2025-12-16T21:41:38.5759694Z,2025-12-23T21:41:38.5759694Z,2025-12-19T16:30:00Z,1,consumo_MedidorKaeser2_minuto,COMPRESORES_AIRE
,,9,2025-12-16T21:41:38.5759694Z,2025-12-23T21:41:38.5759694Z,2025-12-19T17:00:00Z,1,consumo_MedidorKaeser2_minuto,COMPRESORES_AIRE
,,9,2025-12-16T21:41:38.5759694Z,2025-12-23T21:41:38.5759694Z,2025-12-19T17:30:00Z,1,consumo_MedidorKaeser2_minuto,COMPRESORES_AIRE
,,9,2025-12-16T21:41:38.5759694Z,2025-12-23T21:41:38.5759694Z,2025-12-19T18:00:00Z,1,consumo_MedidorKaeser2_minuto,COMPRESORES_AIRE
,,9,2025-12-16T21:41:38.5759694Z,2025-12-23T21:41:38.5759694Z,2025-12-19T18:30:00Z,1,consumo_MedidorKaeser2_minuto,COMPRESORES_AIRE
,,9,2025-12-16T21:41:38.5759694Z,2025-12-23T21:41:38.5759694Z,2025-12-19T19:00:00Z,1,consumo_MedidorKaeser2_minuto,COMPRESORES_AIRE
,,9,2025-12-16T21:41:38.5759694Z,2025-12-23T21:41:38.5759694Z,2025-12-19T19:30:00Z,0,consumo_MedidorKaeser2_minuto,COMPRESORES_AIRE
,,9,2025-12-16T21:41:38.5759694Z,2025-12-23T21:41:38.5759694Z,2025-12-19T20:00:00Z,1,consumo_MedidorKaeser2_minuto,COMPRESORES_AIRE
,,9,2025-12-16T21:41:38.5759694Z,2025-12-23T21:41:38.5759694Z,2025-12-19T20:30:00Z,1,consumo_MedidorKaeser2_minuto,COMPRESORES_AIRE
,,9,2025-12-16T21:41:38.5759694Z,2025-12-23T21:41:38.5759694Z,2025-12-19T21:00:00Z,1,consumo_MedidorKaeser2_minuto,COMPRESORES_AIRE
,,9,2025-12-16T21:41:38.5759694Z,2025-12-23T21:41:38.5759694Z,2025-12-19T21:30:00Z,1,consumo_MedidorKaeser2_minuto,COMPRESORES_AIRE
,,9,2025-12-16T21:41:38.5759694Z,2025-12-23T21:41:38.5759694Z,2025-12-19T22:00:00Z,1,consumo_MedidorKaeser2_minuto,COMPRESORES_AIRE
,,9,2025-12-16T21:41:38.5759694Z,2025-12-23T21:41:38.5759694Z,2025-12-19T22:30:00Z,1,consumo_MedidorKaeser2_minuto,COMPRESORES_AIRE
,,9,2025-12-16T21:41:38.5759694Z,2025-12-23T21:41:38.5759694Z,2025-12-19T23:00:00Z,0,consumo_MedidorKaeser2_minuto,COMPRESORES_AIRE
,,9,2025-12-16T21:41:38.5759694Z,2025-12-23T21:41:38.5759694Z,2025-12-19T23:30:00Z,1,consumo_MedidorKaeser2_minuto,COMPRESORES_AIRE
,,9,2025-12-16T21:41:38.5759694Z,2025-12-23T21:41:38.5759694Z,2025-12-20T00:00:00Z,0,consumo_MedidorKaeser2_minuto,COMPRESORES_AIRE
,,9,2025-12-16T21:41:38.5759694Z,2025-12-23T21:41:38.5759694Z,2025-12-20T00:30:00Z,1,consumo_MedidorKaeser2_minuto,COMPRESORES_AIRE
,,9,2025-12-16T21:41:38.5759694Z,2025-12-23T21:41:38.5759694Z,2025-12-20T01:00:00Z,0,consumo_MedidorKaeser2_minuto,COMPRESORES_AIRE
,,9,2025-12-16T21:41:38.5759694Z,2025-12-23T21:41:38.5759694Z,2025-12-20T01:30:00Z,1,consumo_MedidorKaeser2_minuto,COMPRESORES_AIRE
,,9,2025-12-16T21:41:38.5759694Z,2025-12-23T21:41:38.5759694Z,2025-12-20T02:00:00Z,1313,consumo_MedidorKaeser2_minuto,COMPRESORES_AIRE
,,9,2025-12-16T21:41:38.5759694Z,2025-12-23T21:41:38.5759694Z,2025-12-20T02:30:00Z,1552,consumo_MedidorKaeser2_minuto,COMPRESORES_AIRE
,,9,2025-12-16T21:41:38.5759694Z,2025-12-23T21:41:38.5759694Z,2025-12-20T03:00:00Z,1615,consumo_MedidorKaeser2_minuto,COMPRESORES_AIRE
,,9,2025-12-16T21:41:38.5759694Z,2025-12-23T21:41:38.5759694Z,2025-12-20T03:30:00Z,1629,consumo_MedidorKaeser2_minuto,COMPRESORES_AIRE
,,9,2025-12-16T21:41:38.5759694Z,2025-12-23T21:41:38.5759694Z,2025-12-20T04:00:00Z,1599,consumo_MedidorKaeser2_minuto,COMPRESORES_AIRE
,,9,2025-12-16T21:41:38.5759694Z,2025-12-23T21:41:38.5759694Z,2025-12-20T04:30:00Z,1870,consumo_MedidorKaeser2_minuto,COMPRESORES_AIRE
,,9,2025-12-16T21:41:38.5759694Z,2025-12-23T21:41:38.5759694Z,2025-12-20T05:00:00Z,1859,consumo_MedidorKaeser2_minuto,COMPRESORES_AIRE
,,9,2025-12-16T21:41:38.5759694Z,2025-12-23T21:41:38.5759694Z,2025-12-20T05:30:00Z,1600,consumo_MedidorKaeser2_minuto,COMPRESORES_AIRE
,,9,2025-12-16T21:41:38.5759694Z,2025-12-23T21:41:38.5759694Z,2025-12-20T06:00:00Z,1594,consumo_MedidorKaeser2_minuto,COMPRESORES_AIRE
,,9,2025-12-16T21:41:38.5759694Z,2025-12-23T21:41:38.5759694Z,2025-12-20T06:30:00Z,1873,consumo_MedidorKaeser2_minuto,COMPRESORES_AIRE
,,9,2025-12-16T21:41:38.5759694Z,2025-12-23T21:41:38.5759694Z,2025-12-20T07:00:00Z,1859,consumo_MedidorKaeser2_minuto,COMPRESORES_AIRE
,,9,2025-12-16T21:41:38.5759694Z,2025-12-23T21:41:38.5759694Z,2025-12-20T07:30:00Z,1602,consumo_MedidorKaeser2_minuto,COMPRESORES_AIRE
,,9,2025-12-16T21:41:38.5759694Z,2025-12-23T21:41:38.5759694Z,2025-12-20T08:00:00Z,1594,consumo_MedidorKaeser2_minuto,COMPRESORES_AIRE
,,9,2025-12-16T21:41:38.5759694Z,2025-12-23T21:41:38.5759694Z,2025-12-20T08:30:00Z,0,consumo_MedidorKaeser2_minuto,COMPRESORES_AIRE
,,9,2025-12-16T21:41:38.5759694Z,2025-12-23T21:41:38.5759694Z,2025-12-20T09:00:00Z,1,consumo_MedidorKaeser2_minuto,COMPRESORES_AIRE
,,9,2025-12-16T21:41:38.5759694Z,2025-12-23T21:41:38.5759694Z,2025-12-20T09:30:00Z,1,consumo_MedidorKaeser2_minuto,COMPRESORES_AIRE
,,9,2025-12-16T21:41:38.5759694Z,2025-12-23T21:41:38.5759694Z,2025-12-20T10:00:00Z,1,consumo_MedidorKaeser2_minuto,COMPRESORES_AIRE
,,9,2025-12-16T21:41:38.5759694Z,2025-12-23T21:41:38.5759694Z,2025-12-20T10:30:00Z,0,consumo_MedidorKaeser2_minuto,COMPRESORES_AIRE
,,9,2025-12-16T21:41:38.5759694Z,2025-12-23T21:41:38.5759694Z,2025-12-20T11:00:00Z,1,consumo_MedidorKaeser2_minuto,COMPRESORES_AIRE
,,9,2025-12-16T21:41:38.5759694Z,2025-12-23T21:41:38.5759694Z,2025-12-20T11:30:00Z,0,consumo_MedidorKaeser2_minuto,COMPRESORES_AIRE
,,9,2025-12-16T21:41:38.5759694Z,2025-12-23T21:41:38.5759694Z,2025-12-20T12:00:00Z,1,consumo_MedidorKaeser2_minuto,COMPRESORES_AIRE
,,9,2025-12-16T21:41:38.5759694Z,2025-12-23T21:41:38.5759694Z,2025-12-20T12:30:00Z,0,consumo_MedidorKaeser2_minuto,COMPRESORES_AIRE
,,9,2025-12-16T21:41:38.5759694Z,2025-12-23T21:41:38.5759694Z,2025-12-20T13:00:00Z,2,consumo_MedidorKaeser2_minuto,COMPRESORES_AIRE
,,9,2025-12-16T21:41:38.5759694Z,2025-12-23T21:41:38.5759694Z,2025-12-20T13:30:00Z,0,consumo_MedidorKaeser2_minuto,COMPRESORES_AIRE
,,9,2025-12-16T21:41:38.5759694Z,2025-12-23T21:41:38.5759694Z,2025-12-20T14:00:00Z,2,consumo_MedidorKaeser2_minuto,COMPRESORES_AIRE
,,9,2025-12-16T21:41:38.5759694Z,2025-12-23T21:41:38.5759694Z,2025-12-20T14:30:00Z,1,consumo_MedidorKaeser2_minuto,COMPRESORES_AIRE
,,9,2025-12-16T21:41:38.5759694Z,2025-12-23T21:41:38.5759694Z,2025-12-20T15:00:00Z,2,consumo_MedidorKaeser2_minuto,COMPRESORES_AIRE
,,9,2025-12-16T21:41:38.5759694Z,2025-12-23T21:41:38.5759694Z,2025-12-20T15:30:00Z,2,consumo_MedidorKaeser2_minuto,COMPRESORES_AIRE
,,9,2025-12-16T21:41:38.5759694Z,2025-12-23T21:41:38.5759694Z,2025-12-20T16:00:00Z,1,consumo_MedidorKaeser2_minuto,COMPRESORES_AIRE
,,9,2025-12-16T21:41:38.5759694Z,2025-12-23T21:41:38.5759694Z,2025-12-20T16:30:00Z,0,consumo_MedidorKaeser2_minuto,COMPRESORES_AIRE
,,9,2025-12-16T21:41:38.5759694Z,2025-12-23T21:41:38.5759694Z,2025-12-20T17:00:00Z,0,consumo_MedidorKaeser2_minuto,COMPRESORES_AIRE
,,9,2025-12-16T21:41:38.5759694Z,2025-12-23T21:41:38.5759694Z,2025-12-20T17:30:00Z,0,consumo_MedidorKaeser2_minuto,COMPRESORES_AIRE
,,9,2025-12-16T21:41:38.5759694Z,2025-12-23T21:41:38.5759694Z,2025-12-20T18:00:00Z,1,consumo_MedidorKaeser2_minuto,COMPRESORES_AIRE
,,9,2025-12-16T21:41:38.5759694Z,2025-12-23T21:41:38.5759694Z,2025-12-20T18:30:00Z,1,consumo_MedidorKaeser2_minuto,COMPRESORES_AIRE
,,9,2025-12-16T21:41:38.5759694Z,2025-12-23T21:41:38.5759694Z,2025-12-20T19:00:00Z,0,consumo_MedidorKaeser2_minuto,COMPRESORES_AIRE
,,9,2025-12-16T21:41:38.5759694Z,2025-12-23T21:41:38.5759694Z,2025-12-20T19:30:00Z,0,consumo_MedidorKaeser2_minuto,COMPRESORES_AIRE
,,9,2025-12-16T21:41:38.5759694Z,2025-12-23T21:41:38.5759694Z,2025-12-20T20:00:00Z,1,consumo_MedidorKaeser2_minuto,COMPRESORES_AIRE
,,9,2025-12-16T21:41:38.5759694Z,2025-12-23T21:41:38.5759694Z,2025-12-20T20:30:00Z,1,consumo_MedidorKaeser2_minuto,COMPRESORES_AIRE
,,9,2025-12-16T21:41:38.5759694Z,2025-12-23T21:41:38.5759694Z,2025-12-20T21:00:00Z,0,consumo_MedidorKaeser2_minuto,COMPRESORES_AIRE
,,9,2025-12-16T21:41:38.5759694Z,2025-12-23T21:41:38.5759694Z,2025-12-20T21:30:00Z,1,consumo_MedidorKaeser2_minuto,COMPRESORES_AIRE
,,9,2025-12-16T21:41:38.5759694Z,2025-12-23T21:41:38.5759694Z,2025-12-20T22:00:00Z,1,consumo_MedidorKaeser2_minuto,COMPRESORES_AIRE
,,9,2025-12-16T21:41:38.5759694Z,2025-12-23T21:41:38.5759694Z,2025-12-20T22:30:00Z,0,consumo_MedidorKaeser2_minuto,COMPRESORES_AIRE
,,9,2025-12-16T21:41:38.5759694Z,2025-12-23T21:41:38.5759694Z,2025-12-20T23:00:00Z,0,consumo_MedidorKaeser2_minuto,COMPRESORES_AIRE
,,9,2025-12-16T21:41:38.5759694Z,2025-12-23T21:41:38.5759694Z,2025-12-20T23:30:00Z,1,consumo_MedidorKaeser2_minuto,COMPRESORES_AIRE
,,9,2025-12-16T21:41:38.5759694Z,2025-12-23T21:41:38.5759694Z,2025-12-21T00:00:00Z,1,consumo_MedidorKaeser2_minuto,COMPRESORES_AIRE
,,9,2025-12-16T21:41:38.5759694Z,2025-12-23T21:41:38.5759694Z,2025-12-21T00:30:00Z,0,consumo_MedidorKaeser2_minuto,COMPRESORES_AIRE
,,9,2025-12-16T21:41:38.5759694Z,2025-12-23T21:41:38.5759694Z,2025-12-21T01:00:00Z,1,consumo_MedidorKaeser2_minuto,COMPRESORES_AIRE
,,9,2025-12-16T21:41:38.5759694Z,2025-12-23T21:41:38.5759694Z,2025-12-21T01:30:00Z,1,consumo_MedidorKaeser2_minuto,COMPRESORES_AIRE
,,9,2025-12-16T21:41:38.5759694Z,2025-12-23T21:41:38.5759694Z,2025-12-21T02:00:00Z,0,consumo_MedidorKaeser2_minuto,COMPRESORES_AIRE
,,9,2025-12-16T21:41:38.5759694Z,2025-12-23T21:41:38.5759694Z,2025-12-21T02:30:00Z,0,consumo_MedidorKaeser2_minuto,COMPRESORES_AIRE
,,9,2025-12-16T21:41:38.5759694Z,2025-12-23T21:41:38.5759694Z,2025-12-21T03:00:00Z,1,consumo_MedidorKaeser2_minuto,COMPRESORES_AIRE
,,9,2025-12-16T21:41:38.5759694Z,2025-12-23T21:41:38.5759694Z,2025-12-21T03:30:00Z,1,consumo_MedidorKaeser2_minuto,COMPRESORES_AIRE
,,9,2025-12-16T21:41:38.5759694Z,2025-12-23T21:41:38.5759694Z,2025-12-21T04:00:00Z,2,consumo_MedidorKaeser2_minuto,COMPRESORES_AIRE
,,9,2025-12-16T21:41:38.5759694Z,2025-12-23T21:41:38.5759694Z,2025-12-21T04:30:00Z,1,consumo_MedidorKaeser2_minuto,COMPRESORES_AIRE
,,9,2025-12-16T21:41:38.5759694Z,2025-12-23T21:41:38.5759694Z,2025-12-21T05:00:00Z,1,consumo_MedidorKaeser2_minuto,COMPRESORES_AIRE
,,9,2025-12-16T21:41:38.5759694Z,2025-12-23T21:41:38.5759694Z,2025-12-21T05:30:00Z,2,consumo_MedidorKaeser2_minuto,COMPRESORES_AIRE
,,9,2025-12-16T21:41:38.5759694Z,2025-12-23T21:41:38.5759694Z,2025-12-21T06:00:00Z,1,consumo_MedidorKaeser2_minuto,COMPRESORES_AIRE
,,9,2025-12-16T21:41:38.5759694Z,2025-12-23T21:41:38.5759694Z,2025-12-21T06:30:00Z,2,consumo_MedidorKaeser2_minuto,COMPRESORES_AIRE
,,9,2025-12-16T21:41:38.5759694Z,2025-12-23T21:41:38.5759694Z,2025-12-21T07:00:00Z,0,consumo_MedidorKaeser2_minuto,COMPRESORES_AIRE
,,9,2025-12-16T21:41:38.5759694Z,2025-12-23T21:41:38.5759694Z,2025-12-21T07:30:00Z,2,consumo_MedidorKaeser2_minuto,COMPRESORES_AIRE
,,9,2025-12-16T21:41:38.5759694Z,2025-12-23T21:41:38.5759694Z,2025-12-21T08:00:00Z,2,consumo_MedidorKaeser2_minuto,COMPRESORES_AIRE
,,9,2025-12-16T21:41:38.5759694Z,2025-12-23T21:41:38.5759694Z,2025-12-21T08:30:00Z,1,consumo_MedidorKaeser2_minuto,COMPRESORES_AIRE
,,9,2025-12-16T21:41:38.5759694Z,2025-12-23T21:41:38.5759694Z,2025-12-21T09:00:00Z,2,consumo_MedidorKaeser2_minuto,COMPRESORES_AIRE
,,9,2025-12-16T21:41:38.5759694Z,2025-12-23T21:41:38.5759694Z,2025-12-21T09:30:00Z,0,consumo_MedidorKaeser2_minuto,COMPRESORES_AIRE
,,9,2025-12-16T21:41:38.5759694Z,2025-12-23T21:41:38.5759694Z,2025-12-21T10:00:00Z,2,consumo_MedidorKaeser2_minuto,COMPRESORES_AIRE
,,9,2025-12-16T21:41:38.5759694Z,2025-12-23T21:41:38.5759694Z,2025-12-21T10:30:00Z,1,consumo_MedidorKaeser2_minuto,COMPRESORES_AIRE
,,9,2025-12-16T21:41:38.5759694Z,2025-12-23T21:41:38.5759694Z,2025-12-21T11:00:00Z,1,consumo_MedidorKaeser2_minuto,COMPRESORES_AIRE
,,9,2025-12-16T21:41:38.5759694Z,2025-12-23T21:41:38.5759694Z,2025-12-21T11:30:00Z,1,consumo_MedidorKaeser2_minuto,COMPRESORES_AIRE
,,9,2025-12-16T21:41:38.5759694Z,2025-12-23T21:41:38.5759694Z,2025-12-21T12:00:00Z,1,consumo_MedidorKaeser2_minuto,COMPRESORES_AIRE
,,9,2025-12-16T21:41:38.5759694Z,2025-12-23T21:41:38.5759694Z,2025-12-21T12:30:00Z,2,consumo_MedidorKaeser2_minuto,COMPRESORES_AIRE
,,9,2025-12-16T21:41:38.5759694Z,2025-12-23T21:41:38.5759694Z,2025-12-21T13:00:00Z,1,consumo_MedidorKaeser2_minuto,COMPRESORES_AIRE
,,9,2025-12-16T21:41:38.5759694Z,2025-12-23T21:41:38.5759694Z,2025-12-21T13:30:00Z,1302,consumo_MedidorKaeser2_minuto,COMPRESORES_AIRE
,,9,2025-12-16T21:41:38.5759694Z,2025-12-23T21:41:38.5759694Z,2025-12-21T14:00:00Z,138,consumo_MedidorKaeser2_minuto,COMPRESORES_AIRE
,,9,2025-12-16T21:41:38.5759694Z,2025-12-23T21:41:38.5759694Z,2025-12-21T14:30:00Z,2,consumo_MedidorKaeser2_minuto,COMPRESORES_AIRE
,,9,2025-12-16T21:41:38.5759694Z,2025-12-23T21:41:38.5759694Z,2025-12-21T15:00:00Z,1803,consumo_MedidorKaeser2_minuto,COMPRESORES_AIRE
,,9,2025-12-16T21:41:38.5759694Z,2025-12-23T21:41:38.5759694Z,2025-12-21T15:30:00Z,1461,consumo_MedidorKaeser2_minuto,COMPRESORES_AIRE
,,9,2025-12-16T21:41:38.5759694Z,2025-12-23T21:41:38.5759694Z,2025-12-21T16:00:00Z,1488,consumo_MedidorKaeser2_minuto,COMPRESORES_AIRE
,,9,2025-12-16T21:41:38.5759694Z,2025-12-23T21:41:38.5759694Z,2025-12-21T16:30:00Z,1552,consumo_MedidorKaeser2_minuto,COMPRESORES_AIRE
,,9,2025-12-16T21:41:38.5759694Z,2025-12-23T21:41:38.5759694Z,2025-12-21T17:00:00Z,1496,consumo_MedidorKaeser2_minuto,COMPRESORES_AIRE
,,9,2025-12-16T21:41:38.5759694Z,2025-12-23T21:41:38.5759694Z,2025-12-21T17:30:00Z,1798,consumo_MedidorKaeser2_minuto,COMPRESORES_AIRE
,,9,2025-12-16T21:41:38.5759694Z,2025-12-23T21:41:38.5759694Z,2025-12-21T18:00:00Z,1455,consumo_MedidorKaeser2_minuto,COMPRESORES_AIRE
,,9,2025-12-16T21:41:38.5759694Z,2025-12-23T21:41:38.5759694Z,2025-12-21T18:30:00Z,1552,consumo_MedidorKaeser2_minuto,COMPRESORES_AIRE
,,9,2025-12-16T21:41:38.5759694Z,2025-12-23T21:41:38.5759694Z,2025-12-21T19:00:00Z,1567,consumo_MedidorKaeser2_minuto,COMPRESORES_AIRE
,,9,2025-12-16T21:41:38.5759694Z,2025-12-23T21:41:38.5759694Z,2025-12-21T19:30:00Z,1818,consumo_MedidorKaeser2_minuto,COMPRESORES_AIRE
,,9,2025-12-16T21:41:38.5759694Z,2025-12-23T21:41:38.5759694Z,2025-12-21T20:00:00Z,1866,consumo_MedidorKaeser2_minuto,COMPRESORES_AIRE
,,9,2025-12-16T21:41:38.5759694Z,2025-12-23T21:41:38.5759694Z,2025-12-21T20:30:00Z,1601,consumo_MedidorKaeser2_minuto,COMPRESORES_AIRE
,,9,2025-12-16T21:41:38.5759694Z,2025-12-23T21:41:38.5759694Z,2025-12-21T21:00:00Z,1594,consumo_MedidorKaeser2_minuto,COMPRESORES_AIRE
,,9,2025-12-16T21:41:38.5759694Z,2025-12-23T21:41:38.5759694Z,2025-12-21T21:30:00Z,1882,consumo_MedidorKaeser2_minuto,COMPRESORES_AIRE
,,9,2025-12-16T21:41:38.5759694Z,2025-12-23T21:41:38.5759694Z,2025-12-21T22:00:00Z,1845,consumo_MedidorKaeser2_minuto,COMPRESORES_AIRE
,,9,2025-12-16T21:41:38.5759694Z,2025-12-23T21:41:38.5759694Z,2025-12-21T22:30:00Z,1578,consumo_MedidorKaeser2_minuto,COMPRESORES_AIRE
,,9,2025-12-16T21:41:38.5759694Z,2025-12-23T21:41:38.5759694Z,2025-12-21T23:00:00Z,1584,consumo_MedidorKaeser2_minuto,COMPRESORES_AIRE
,,9,2025-12-16T21:41:38.5759694Z,2025-12-23T21:41:38.5759694Z,2025-12-21T23:30:00Z,1586,consumo_MedidorKaeser2_minuto,COMPRESORES_AIRE
,,9,2025-12-16T21:41:38.5759694Z,2025-12-23T21:41:38.5759694Z,2025-12-22T00:00:00Z,1853,consumo_MedidorKaeser2_minuto,COMPRESORES_AIRE
,,9,2025-12-16T21:41:38.5759694Z,2025-12-23T21:41:38.5759694Z,2025-12-22T00:30:00Z,1854,consumo_MedidorKaeser2_minuto,COMPRESORES_AIRE
,,9,2025-12-16T21:41:38.5759694Z,2025-12-23T21:41:38.5759694Z,2025-12-22T01:00:00Z,1588,consumo_MedidorKaeser2_minuto,COMPRESORES_AIRE
,,9,2025-12-16T21:41:38.5759694Z,2025-12-23T21:41:38.5759694Z,2025-12-22T01:30:00Z,1590,consumo_MedidorKaeser2_minuto,COMPRESORES_AIRE
,,9,2025-12-16T21:41:38.5759694Z,2025-12-23T21:41:38.5759694Z,2025-12-22T02:00:00Z,1861,consumo_MedidorKaeser2_minuto,COMPRESORES_AIRE
,,9,2025-12-16T21:41:38.5759694Z,2025-12-23T21:41:38.5759694Z,2025-12-22T02:30:00Z,1872,consumo_MedidorKaeser2_minuto,COMPRESORES_AIRE
,,9,2025-12-16T21:41:38.5759694Z,2025-12-23T21:41:38.5759694Z,2025-12-22T03:00:00Z,1866,consumo_MedidorKaeser2_minuto,COMPRESORES_AIRE
,,9,2025-12-16T21:41:38.5759694Z,2025-12-23T21:41:38.5759694Z,2025-12-22T03:30:00Z,1587,consumo_MedidorKaeser2_minuto,COMPRESORES_AIRE
,,9,2025-12-16T21:41:38.5759694Z,2025-12-23T21:41:38.5759694Z,2025-12-22T04:00:00Z,1583,consumo_MedidorKaeser2_minuto,COMPRESORES_AIRE
,,9,2025-12-16T21:41:38.5759694Z,2025-12-23T21:41:38.5759694Z,2025-12-22T04:30:00Z,1866,consumo_MedidorKaeser2_minuto,COMPRESORES_AIRE
,,9,2025-12-16T21:41:38.5759694Z,2025-12-23T21:41:38.5759694Z,2025-12-22T05:00:00Z,1852,consumo_MedidorKaeser2_minuto,COMPRESORES_AIRE
,,9,2025-12-16T21:41:38.5759694Z,2025-12-23T21:41:38.5759694Z,2025-12-22T05:30:00Z,1582,consumo_MedidorKaeser2_minuto,COMPRESORES_AIRE
,,9,2025-12-16T21:41:38.5759694Z,2025-12-23T21:41:38.5759694Z,2025-12-22T06:00:00Z,1572,consumo_MedidorKaeser2_minuto,COMPRESORES_AIRE
,,9,2025-12-16T21:41:38.5759694Z,2025-12-23T21:41:38.5759694Z,2025-12-22T06:30:00Z,1572,consumo_MedidorKaeser2_minuto,COMPRESORES_AIRE
,,9,2025-12-16T21:41:38.5759694Z,2025-12-23T21:41:38.5759694Z,2025-12-22T07:00:00Z,1822,consumo_MedidorKaeser2_minuto,COMPRESORES_AIRE
,,9,2025-12-16T21:41:38.5759694Z,2025-12-23T21:41:38.5759694Z,2025-12-22T07:30:00Z,1837,consumo_MedidorKaeser2_minuto,COMPRESORES_AIRE
,,9,2025-12-16T21:41:38.5759694Z,2025-12-23T21:41:38.5759694Z,2025-12-22T08:00:00Z,1573,consumo_MedidorKaeser2_minuto,COMPRESORES_AIRE
,,9,2025-12-16T21:41:38.5759694Z,2025-12-23T21:41:38.5759694Z,2025-12-22T08:30:00Z,1568,consumo_MedidorKaeser2_minuto,COMPRESORES_AIRE
,,9,2025-12-16T21:41:38.5759694Z,2025-12-23T21:41:38.5759694Z,2025-12-22T09:00:00Z,1823,consumo_MedidorKaeser2_minuto,COMPRESORES_AIRE
,,9,2025-12-16T21:41:38.5759694Z,2025-12-23T21:41:38.5759694Z,2025-12-22T09:30:00Z,1841,consumo_MedidorKaeser2_minuto,COMPRESORES_AIRE
,,9,2025-12-16T21:41:38.5759694Z,2025-12-23T21:41:38.5759694Z,2025-12-22T10:00:00Z,1841,consumo_MedidorKaeser2_minuto,COMPRESORES_AIRE
,,9,2025-12-16T21:41:38.5759694Z,2025-12-23T21:41:38.5759694Z,2025-12-22T10:30:00Z,1573,consumo_MedidorKaeser2_minuto,COMPRESORES_AIRE
,,9,2025-12-16T21:41:38.5759694Z,2025-12-23T21:41:38.5759694Z,2025-12-22T11:00:00Z,1568,consumo_MedidorKaeser2_minuto,COMPRESORES_AIRE
,,9,2025-12-16T21:41:38.5759694Z,2025-12-23T21:41:38.5759694Z,2025-12-22T11:30:00Z,1821,consumo_MedidorKaeser2_minuto,COMPRESORES_AIRE
,,9,2025-12-16T21:41:38.5759694Z,2025-12-23T21:41:38.5759694Z,2025-12-22T12:00:00Z,1779,consumo_MedidorKaeser2_minuto,COMPRESORES_AIRE
,,9,2025-12-16T21:41:38.5759694Z,2025-12-23T21:41:38.5759694Z,2025-12-22T12:30:00Z,1538,consumo_MedidorKaeser2_minuto,COMPRESORES_AIRE
,,9,2025-12-16T21:41:38.5759694Z,2025-12-23T21:41:38.5759694Z,2025-12-22T13:00:00Z,1540,consumo_MedidorKaeser2_minuto,COMPRESORES_AIRE
,,9,2025-12-16T21:41:38.5759694Z,2025-12-23T21:41:38.5759694Z,2025-12-22T13:30:00Z,1584,consumo_MedidorKaeser2_minuto,COMPRESORES_AIRE
,,9,2025-12-16T21:41:38.5759694Z,2025-12-23T21:41:38.5759694Z,2025-12-22T14:00:00Z,1848,consumo_MedidorKaeser2_minuto,COMPRESORES_AIRE
,,9,2025-12-16T21:41:38.5759694Z,2025-12-23T21:41:38.5759694Z,2025-12-22T14:30:00Z,1810,consumo_MedidorKaeser2_minuto,COMPRESORES_AIRE
,,9,2025-12-16T21:41:38.5759694Z,2025-12-23T21:41:38.5759694Z,2025-12-22T15:00:00Z,1551,consumo_MedidorKaeser2_minuto,COMPRESORES_AIRE
,,9,2025-12-16T21:41:38.5759694Z,2025-12-23T21:41:38.5759694Z,2025-12-22T15:30:00Z,14,consumo_MedidorKaeser2_minuto,COMPRESORES_AIRE
,,9,2025-12-16T21:41:38.5759694Z,2025-12-23T21:41:38.5759694Z,2025-12-22T16:00:00Z,0,consumo_MedidorKaeser2_minuto,COMPRESORES_AIRE
,,9,2025-12-16T21:41:38.5759694Z,2025-12-23T21:41:38.5759694Z,2025-12-22T16:30:00Z,1,consumo_MedidorKaeser2_minuto,COMPRESORES_AIRE
,,9,2025-12-16T21:41:38.5759694Z,2025-12-23T21:41:38.5759694Z,2025-12-22T17:00:00Z,0,consumo_MedidorKaeser2_minuto,COMPRESORES_AIRE
,,9,2025-12-16T21:41:38.5759694Z,2025-12-23T21:41:38.5759694Z,2025-12-22T17:30:00Z,1,consumo_MedidorKaeser2_minuto,COMPRESORES_AIRE
,,9,2025-12-16T21:41:38.5759694Z,2025-12-23T21:41:38.5759694Z,2025-12-22T18:00:00Z,1,consumo_MedidorKaeser2_minuto,COMPRESORES_AIRE
,,9,2025-12-16T21:41:38.5759694Z,2025-12-23T21:41:38.5759694Z,2025-12-22T18:30:00Z,1,consumo_MedidorKaeser2_minuto,COMPRESORES_AIRE
,,9,2025-12-16T21:41:38.5759694Z,2025-12-23T21:41:38.5759694Z,2025-12-22T19:00:00Z,1,consumo_MedidorKaeser2_minuto,COMPRESORES_AIRE
,,9,2025-12-16T21:41:38.5759694Z,2025-12-23T21:41:38.5759694Z,2025-12-22T19:30:00Z,1,consumo_MedidorKaeser2_minuto,COMPRESORES_AIRE
,,9,2025-12-16T21:41:38.5759694Z,2025-12-23T21:41:38.5759694Z,2025-12-22T20:00:00Z,1,consumo_MedidorKaeser2_minuto,COMPRESORES_AIRE
,,9,2025-12-16T21:41:38.5759694Z,2025-12-23T21:41:38.5759694Z,2025-12-22T20:30:00Z,2,consumo_MedidorKaeser2_minuto,COMPRESORES_AIRE
,,9,2025-12-16T21:41:38.5759694Z,2025-12-23T21:41:38.5759694Z,2025-12-22T21:00:00Z,2,consumo_MedidorKaeser2_minuto,COMPRESORES_AIRE
,,9,2025-12-16T21:41:38.5759694Z,2025-12-23T21:41:38.5759694Z,2025-12-22T21:30:00Z,1,consumo_MedidorKaeser2_minuto,COMPRESORES_AIRE
,,9,2025-12-16T21:41:38.5759694Z,2025-12-23T21:41:38.5759694Z,2025-12-22T22:00:00Z,0,consumo_MedidorKaeser2_minuto,COMPRESORES_AIRE
,,9,2025-12-16T21:41:38.5759694Z,2025-12-23T21:41:38.5759694Z,2025-12-22T22:30:00Z,1,consumo_MedidorKaeser2_minuto,COMPRESORES_AIRE
,,9,2025-12-16T21:41:38.5759694Z,2025-12-23T21:41:38.5759694Z,2025-12-22T23:00:00Z,1,consumo_MedidorKaeser2_minuto,COMPRESORES_AIRE
,,9,2025-12-16T21:41:38.5759694Z,2025-12-23T21:41:38.5759694Z,2025-12-22T23:30:00Z,0,consumo_MedidorKaeser2_minuto,COMPRESORES_AIRE
,,9,2025-12-16T21:41:38.5759694Z,2025-12-23T21:41:38.5759694Z,2025-12-23T00:00:00Z,1,consumo_MedidorKaeser2_minuto,COMPRESORES_AIRE
,,9,2025-12-16T21:41:38.5759694Z,2025-12-23T21:41:38.5759694Z,2025-12-23T00:30:00Z,1,consumo_MedidorKaeser2_minuto,COMPRESORES_AIRE
,,9,2025-12-16T21:41:38.5759694Z,2025-12-23T21:41:38.5759694Z,2025-12-23T01:00:00Z,0,consumo_MedidorKaeser2_minuto,COMPRESORES_AIRE
,,9,2025-12-16T21:41:38.5759694Z,2025-12-23T21:41:38.5759694Z,2025-12-23T01:30:00Z,0,consumo_MedidorKaeser2_minuto,COMPRESORES_AIRE
,,9,2025-12-16T21:41:38.5759694Z,2025-12-23T21:41:38.5759694Z,2025-12-23T02:00:00Z,0,consumo_MedidorKaeser2_minuto,COMPRESORES_AIRE
,,9,2025-12-16T21:41:38.5759694Z,2025-12-23T21:41:38.5759694Z,2025-12-23T02:30:00Z,1,consumo_MedidorKaeser2_minuto,COMPRESORES_AIRE
,,9,2025-12-16T21:41:38.5759694Z,2025-12-23T21:41:38.5759694Z,2025-12-23T03:00:00Z,1,consumo_MedidorKaeser2_minuto,COMPRESORES_AIRE
,,9,2025-12-16T21:41:38.5759694Z,2025-12-23T21:41:38.5759694Z,2025-12-23T03:30:00Z,0,consumo_MedidorKaeser2_minuto,COMPRESORES_AIRE
,,9,2025-12-16T21:41:38.5759694Z,2025-12-23T21:41:38.5759694Z,2025-12-23T04:00:00Z,1,consumo_MedidorKaeser2_minuto,COMPRESORES_AIRE
,,9,2025-12-16T21:41:38.5759694Z,2025-12-23T21:41:38.5759694Z,2025-12-23T04:30:00Z,1,consumo_MedidorKaeser2_minuto,COMPRESORES_AIRE
,,9,2025-12-16T21:41:38.5759694Z,2025-12-23T21:41:38.5759694Z,2025-12-23T05:00:00Z,2,consumo_MedidorKaeser2_minuto,COMPRESORES_AIRE
,,9,2025-12-16T21:41:38.5759694Z,2025-12-23T21:41:38.5759694Z,2025-12-23T05:30:00Z,0,consumo_MedidorKaeser2_minuto,COMPRESORES_AIRE
,,9,2025-12-16T21:41:38.5759694Z,2025-12-23T21:41:38.5759694Z,2025-12-23T06:00:00Z,1,consumo_MedidorKaeser2_minuto,COMPRESORES_AIRE
,,9,2025-12-16T21:41:38.5759694Z,2025-12-23T21:41:38.5759694Z,2025-12-23T06:30:00Z,1,consumo_MedidorKaeser2_minuto,COMPRESORES_AIRE
,,9,2025-12-16T21:41:38.5759694Z,2025-12-23T21:41:38.5759694Z,2025-12-23T07:00:00Z,1,consumo_MedidorKaeser2_minuto,COMPRESORES_AIRE
,,9,2025-12-16T21:41:38.5759694Z,2025-12-23T21:41:38.5759694Z,2025-12-23T07:30:00Z,0,consumo_MedidorKaeser2_minuto,COMPRESORES_AIRE
,,9,2025-12-16T21:41:38.5759694Z,2025-12-23T21:41:38.5759694Z,2025-12-23T08:00:00Z,1,consumo_MedidorKaeser2_minuto,COMPRESORES_AIRE
,,9,2025-12-16T21:41:38.5759694Z,2025-12-23T21:41:38.5759694Z,2025-12-23T08:30:00Z,1,consumo_MedidorKaeser2_minuto,COMPRESORES_AIRE
,,9,2025-12-16T21:41:38.5759694Z,2025-12-23T21:41:38.5759694Z,2025-12-23T09:00:00Z,1,consumo_MedidorKaeser2_minuto,COMPRESORES_AIRE
,,9,2025-12-16T21:41:38.5759694Z,2025-12-23T21:41:38.5759694Z,2025-12-23T09:30:00Z,1,consumo_MedidorKaeser2_minuto,COMPRESORES_AIRE
,,9,2025-12-16T21:41:38.5759694Z,2025-12-23T21:41:38.5759694Z,2025-12-23T10:00:00Z,0,consumo_MedidorKaeser2_minuto,COMPRESORES_AIRE
,,9,2025-12-16T21:41:38.5759694Z,2025-12-23T21:41:38.5759694Z,2025-12-23T10:30:00Z,2,consumo_MedidorKaeser2_minuto,COMPRESORES_AIRE
,,9,2025-12-16T21:41:38.5759694Z,2025-12-23T21:41:38.5759694Z,2025-12-23T11:00:00Z,0,consumo_MedidorKaeser2_minuto,COMPRESORES_AIRE
,,9,2025-12-16T21:41:38.5759694Z,2025-12-23T21:41:38.5759694Z,2025-12-23T11:30:00Z,1,consumo_MedidorKaeser2_minuto,COMPRESORES_AIRE
,,9,2025-12-16T21:41:38.5759694Z,2025-12-23T21:41:38.5759694Z,2025-12-23T12:00:00Z,0,consumo_MedidorKaeser2_minuto,COMPRESORES_AIRE
,,9,2025-12-16T21:41:38.5759694Z,2025-12-23T21:41:38.5759694Z,2025-12-23T12:30:00Z,1,consumo_MedidorKaeser2_minuto,COMPRESORES_AIRE
,,9,2025-12-16T21:41:38.5759694Z,2025-12-23T21:41:38.5759694Z,2025-12-23T13:00:00Z,1,consumo_MedidorKaeser2_minuto,COMPRESORES_AIRE
,,9,2025-12-16T21:41:38.5759694Z,2025-12-23T21:41:38.5759694Z,2025-12-23T13:30:00Z,1,consumo_MedidorKaeser2_minuto,COMPRESORES_AIRE
,,9,2025-12-16T21:41:38.5759694Z,2025-12-23T21:41:38.5759694Z,2025-12-23T14:00:00Z,1,consumo_MedidorKaeser2_minuto,COMPRESORES_AIRE
,,9,2025-12-16T21:41:38.5759694Z,2025-12-23T21:41:38.5759694Z,2025-12-23T14:30:00Z,1,consumo_MedidorKaeser2_minuto,COMPRESORES_AIRE
,,9,2025-12-16T21:41:38.5759694Z,2025-12-23T21:41:38.5759694Z,2025-12-23T15:00:00Z,1,consumo_MedidorKaeser2_minuto,COMPRESORES_AIRE
,,9,2025-12-16T21:41:38.5759694Z,2025-12-23T21:41:38.5759694Z,2025-12-23T15:30:00Z,1,consumo_MedidorKaeser2_minuto,COMPRESORES_AIRE
,,9,2025-12-16T21:41:38.5759694Z,2025-12-23T21:41:38.5759694Z,2025-12-23T16:00:00Z,1,consumo_MedidorKaeser2_minuto,COMPRESORES_AIRE
,,9,2025-12-16T21:41:38.5759694Z,2025-12-23T21:41:38.5759694Z,2025-12-23T16:30:00Z,0,consumo_MedidorKaeser2_minuto,COMPRESORES_AIRE
,,9,2025-12-16T21:41:38.5759694Z,2025-12-23T21:41:38.5759694Z,2025-12-23T17:00:00Z,0,consumo_MedidorKaeser2_minuto,COMPRESORES_AIRE
,,9,2025-12-16T21:41:38.5759694Z,2025-12-23T21:41:38.5759694Z,2025-12-23T17:30:00Z,1,consumo_MedidorKaeser2_minuto,COMPRESORES_AIRE
,,9,2025-12-16T21:41:38.5759694Z,2025-12-23T21:41:38.5759694Z,2025-12-23T18:00:00Z,1,consumo_MedidorKaeser2_minuto,COMPRESORES_AIRE
,,9,2025-12-16T21:41:38.5759694Z,2025-12-23T21:41:38.5759694Z,2025-12-23T18:30:00Z,1,consumo_MedidorKaeser2_minuto,COMPRESORES_AIRE
,,9,2025-12-16T21:41:38.5759694Z,2025-12-23T21:41:38.5759694Z,2025-12-23T19:00:00Z,1,consumo_MedidorKaeser2_minuto,COMPRESORES_AIRE
,,9,2025-12-16T21:41:38.5759694Z,2025-12-23T21:41:38.5759694Z,2025-12-23T19:30:00Z,1,consumo_MedidorKaeser2_minuto,COMPRESORES_AIRE
,,9,2025-12-16T21:41:38.5759694Z,2025-12-23T21:41:38.5759694Z,2025-12-23T20:00:00Z,1,consumo_MedidorKaeser2_minuto,COMPRESORES_AIRE
,,9,2025-12-16T21:41:38.5759694Z,2025-12-23T21:41:38.5759694Z,2025-12-23T20:30:00Z,0,consumo_MedidorKaeser2_minuto,COMPRESORES_AIRE
,,9,2025-12-16T21:41:38.5759694Z,2025-12-23T21:41:38.5759694Z,2025-12-23T21:00:00Z,1,consumo_MedidorKaeser2_minuto,COMPRESORES_AIRE
,,9,2025-12-16T21:41:38.5759694Z,2025-12-23T21:41:38.5759694Z,2025-12-23T21:30:00Z,1,consumo_MedidorKaeser2_minuto,COMPRESORES_AIRE
,,9,2025-12-16T21:41:38.5759694Z,2025-12-23T21:41:38.5759694Z,2025-12-23T21:41:38.5759694Z,1,consumo_MedidorKaeser2_minuto,COMPRESORES_AIRE
