,result,table,_start,_stop,_time,_value,_field,_measurement
,,0,2025-12-16T21:45:51.6124436Z,2025-12-23T21:45:51.6124436Z,2025-12-16T22:00:00Z,80.38304901123047,PRESION_AIRE_GENERAL,COGENERACION_PLC2
,,0,2025-12-16T21:45:51.6124436Z,2025-12-23T21:45:51.6124436Z,2025-12-16T22:30:00Z,81.48577880859375,PRESION_AIRE_GENERAL,COGENERACION_PLC2
,,0,2025-12-16T21:45:51.6124436Z,2025-12-23T21:45:51.6124436Z,2025-12-16T23:00:00Z,80.61520385742188,PRESION_AIRE_GENERAL,COGENERACION_PLC2
,,0,2025-12-16T21:45:51.6124436Z,2025-12-23T21:45:51.6124436Z,2025-12-16T23:30:00Z,79.33836364746094,PRESION_AIRE_GENERAL,COGENERACION_PLC2
,,0,2025-12-16T21:45:51.6124436Z,2025-12-23T21:45:51.6124436Z,2025-12-17T00:00:00Z,81.1375503540039,PRESION_AIRE_GENERAL,COGENERACION_PLC2
,,0,2025-12-16T21:45:51.6124436Z,2025-12-23T21:45:51.6124436Z,2025-12-17T00:30:00Z,80.96343231201172,PRESION_AIRE_GENERAL,COGENERACION_PLC2
,,0,2025-12-16T21:45:51.6124436Z,2025-12-23T21:45:51.6124436Z,2025-12-17T01:00:00Z,79.8316879272461,PRESION_AIRE_GENERAL,COGENERACION_PLC2
,,0,2025-12-16T21:45:51.6124436Z,2025-12-23T21:45:51.6124436Z,2025-12-17T01:30:00Z,80.09285736083984,PRESION_AIRE_GENERAL,COGENERACION_PLC2
,,0,2025-12-16T21:45:51.6124436Z,2025-12-23T21:45:51.6124436Z,2025-12-17T02:00:00Z,78.52582550048828,PRESION_AIRE_GENERAL,COGENERACION_PLC2
,,0,2025-12-16T21:45:51.6124436Z,2025-12-23T21:45:51.6124436Z,2025-12-17T02:30:00Z,79.01914978027344,PRESION_AIRE_GENERAL,COGENERACION_PLC2
,,0,2025-12-16T21:45:51.6124436Z,2025-12-23T21:45:51.6124436Z,2025-12-17T03:00:00Z,79.62855529785156,PRESION_AIRE_GENERAL,COGENERACION_PLC2
,,0,2025-12-16T21:45:51.6124436Z,2025-12-23T21:45:51.6124436Z,2025-12-17T03:30:00Z,78.72895812988281,PRESION_AIRE_GENERAL,COGENERACION_PLC2
,,0,2025-12-16T21:45:51.6124436Z,2025-12-23T21:45:51.6124436Z,2025-12-17T04:00:00Z,80.35403442382812,PRESION_AIRE_GENERAL,COGENERACION_PLC2
,,0,2025-12-16T21:45:51.6124436Z,2025-12-23T21:45:51.6124436Z,2025-12-17T04:30:00Z,80.76029968261719,PRESION_AIRE_GENERAL,COGENERACION_PLC2
,,0,2025-12-16T21:45:51.6124436Z,2025-12-23T21:45:51.6124436Z,2025-12-17T05:00:00Z,80.9053955078125,PRESION_AIRE_GENERAL,COGENERACION_PLC2
,,0,2025-12-16T21:45:51.6124436Z,2025-12-23T21:45:51.6124436Z,2025-12-17T05:30:00Z,81.1375503540039,PRESION_AIRE_GENERAL,COGENERACION_PLC2
,,0,2025-12-16T21:45:51.6124436Z,2025-12-23T21:45:51.6124436Z,2025-12-17T06:00:00Z,80.23795318603516,PRESION_AIRE_GENERAL,COGENERACION_PLC2
,,0,2025-12-16T21:45:51.6124436Z,2025-12-23T21:45:51.6124436Z,2025-12-17T06:30:00Z,80.03482055664062,PRESION_AIRE_GENERAL,COGENERACION_PLC2
,,0,2025-12-16T21:45:51.6124436Z,2025-12-23T21:45:51.6124436Z,2025-12-17T07:00:00Z,80.84735870361328,PRESION_AIRE_GENERAL,COGENERACION_PLC2
,,0,2025-12-16T21:45:51.6124436Z,2025-12-23T21:45:51.6124436Z,2025-12-17T07:30:00Z,80.9053955078125,PRESION_AIRE_GENERAL,COGENERACION_PLC2
,,0,2025-12-16T21:45:51.6124436Z,2025-12-23T21:45:51.6124436Z,2025-12-17T08:00:00Z,80.47010803222656,PRESION_AIRE_GENERAL,COGENERACION_PLC2
,,0,2025-12-16T21:45:51.6124436Z,2025-12-23T21:45:51.6124436Z,2025-12-17T08:30:00Z,79.54149627685547,PRESION_AIRE_GENERAL,COGENERACION_PLC2
,,0,2025-12-16T21:45:51.6124436Z,2025-12-23T21:45:51.6124436Z,2025-12-17T09:00:00Z,81.86302947998047,PRESION_AIRE_GENERAL,COGENERACION_PLC2
,,0,2025-12-16T21:45:51.6124436Z,2025-12-23T21:45:51.6124436Z,2025-12-17T09:30:00Z,80.55716705322266,PRESION_AIRE_GENERAL,COGENERACION_PLC2
,,0,2025-12-16T21:45:51.6124436Z,2025-12-23T21:45:51.6124436Z,2025-12-17T10:00:00Z,81.1375503540039,PRESION_AIRE_GENERAL,COGENERACION_PLC2
,,0,2025-12-16T21:45:51.6124436Z,2025-12-23T21:45:51.6124436Z,2025-12-17T10:30:00Z,80.47010803222656,PRESION_AIRE_GENERAL,COGENERACION_PLC2
,,0,2025-12-16T21:45:51.6124436Z,2025-12-23T21:45:51.6124436Z,2025-12-17T11:00:00Z,80.52814483642578,PRESION_AIRE_GENERAL,COGENERACION_PLC2
,,0,2025-12-16T21:45:51.6124436Z,2025-12-23T21:45:51.6124436Z,2025-12-17T11:30:00Z,81.6598892211914,PRESION_AIRE_GENERAL,COGENERACION_PLC2
,,0,2025-12-16T21:45:51.6124436Z,2025-12-23T21:45:51.6124436Z,2025-12-17T12:00:00Z,82.066162109375,PRESION_AIRE_GENERAL,COGENERACION_PLC2
,,0,2025-12-16T21:45:51.6124436Z,2025-12-23T21:45:51.6124436Z,2025-12-17T12:30:00Z,81.9791030883789,PRESION_AIRE_GENERAL,COGENERACION_PLC2
,,0,2025-12-16T21:45:51.6124436Z,2025-12-23T21:45:51.6124436Z,2025-12-17T13:00:00Z,81.9791030883789,PRESION_AIRE_GENERAL,COGENERACION_PLC2
,,0,2025-12-16T21:45:51.6124436Z,2025-12-23T21:45:51.6124436Z,2025-12-17T13:30:00Z,81.63087463378906,PRESION_AIRE_GENERAL,COGENERACION_PLC2
,,0,2025-12-16T21:45:51.6124436Z,2025-12-23T21:45:51.6124436Z,2025-12-17T14:00:00Z,82.93673706054688,PRESION_AIRE_GENERAL,COGENERACION_PLC2
,,0,2025-12-16T21:45:51.6124436Z,2025-12-23T21:45:51.6124436Z,2025-12-17T14:30:00Z,83.2269287109375,PRESION_AIRE_GENERAL,COGENERACION_PLC2
,,0,2025-12-16T21:45:51.6124436Z,2025-12-23T21:45:51.6124436Z,2025-12-17T15:00:00Z,84.70690155029297,PRESION_AIRE_GENERAL,COGENERACION_PLC2
,,0,2025-12-16T21:45:51.6124436Z,2025-12-23T21:45:51.6124436Z,2025-12-17T15:30:00Z,83.40103912353516,PRESION_AIRE_GENERAL,COGENERACION_PLC2
,,0,2025-12-16T21:45:51.6124436Z,2025-12-23T21:45:51.6124436Z,2025-12-17T16:00:00Z,82.44341278076172,PRESION_AIRE_GENERAL,COGENERACION_PLC2
,,0,2025-12-16T21:45:51.6124436Z,2025-12-23T21:45:51.6124436Z,2025-12-17T16:30:00Z,82.58850860595703,PRESION_AIRE_GENERAL,COGENERACION_PLC2
,,0,2025-12-16T21:45:51.6124436Z,2025-12-23T21:45:51.6124436Z,2025-12-17T17:00:00Z,83.57515716552734,PRESION_AIRE_GENERAL,COGENERACION_PLC2
,,0,2025-12-16T21:45:51.6124436Z,2025-12-23T21:45:51.6124436Z,2025-12-17T17:30:00Z,83.66221618652344,PRESION_AIRE_GENERAL,COGENERACION_PLC2
,,0,2025-12-16T21:45:51.6124436Z,2025-12-23T21:45:51.6124436Z,2025-12-17T18:00:00Z,82.87870025634766,PRESION_AIRE_GENERAL,COGENERACION_PLC2
,,0,2025-12-16T21:45:51.6124436Z,2025-12-23T21:45:51.6124436Z,2025-12-17T18:30:00Z,82.70458221435547,PRESION_AIRE_GENERAL,COGENERACION_PLC2
,,0,2025-12-16T21:45:51.6124436Z,2025-12-23T21:45:51.6124436Z,2025-12-17T19:00:00Z,80.76029968261719,PRESION_AIRE_GENERAL,COGENERACION_PLC2
,,0,2025-12-16T21:45:51.6124436Z,2025-12-23T21:45:51.6124436Z,2025-12-17T19:30:00Z,81.63087463378906,PRESION_AIRE_GENERAL,COGENERACION_PLC2
,,0,2025-12-16T21:45:51.6124436Z,2025-12-23T21:45:51.6124436Z,2025-12-17T20:00:00Z,79.33836364746094,PRESION_AIRE_GENERAL,COGENERACION_PLC2
,,0,2025-12-16T21:45:51.6124436Z,2025-12-23T21:45:51.6124436Z,2025-12-17T20:30:00Z,80.47010803222656,PRESION_AIRE_GENERAL,COGENERACION_PLC2
,,0,2025-12-16T21:45:51.6124436Z,2025-12-23T21:45:51.6124436Z,2025-12-17T21:00:00Z,81.68891143798828,PRESION_AIRE_GENERAL,COGENERACION_PLC2
,,0,2025-12-16T21:45:51.6124436Z,2025-12-23T21:45:51.6124436Z,2025-12-17T21:30:00Z,81.95008087158203,PRESION_AIRE_GENERAL,COGENERACION_PLC2
,,0,2025-12-16T21:45:51.6124436Z,2025-12-23T21:45:51.6124436Z,2025-12-17T22:00:00Z,80.64422607421875,PRESION_AIRE_GENERAL,COGENERACION_PLC2
,,0,2025-12-16T21:45:51.6124436Z,2025-12-23T21:45:51.6124436Z,2025-12-17T22:30:00Z,80.23795318603516,PRESION_AIRE_GENERAL,COGENERACION_PLC2
,,0,2025-12-16T21:45:51.6124436Z,2025-12-23T21:45:51.6124436Z,2025-12-17T23:00:00Z,81.34068298339844,PRESION_AIRE_GENERAL,COGENERACION_PLC2
,,0,2025-12-16T21:45:51.6124436Z,2025-12-23T21:45:51.6124436Z,2025-12-17T23:30:00Z,81.22460174560547,PRESION_AIRE_GENERAL,COGENERACION_PLC2
,,0,2025-12-16T21:45:51.6124436Z,2025-12-23T21:45:51.6124436Z,2025-12-18T17:00:00Z,80.52814483642578,PRESION_AIRE_GENERAL,COGENERACION_PLC2
,,0,2025-12-16T21:45:51.6124436Z,2025-12-23T21:45:51.6124436Z,2025-12-18T17:30:00Z,80.9053955078125,PRESION_AIRE_GENERAL,COGENERACION_PLC2
,,0,2025-12-16T21:45:51.6124436Z,2025-12-23T21:45:51.6124436Z,2025-12-18T18:00:00Z,80.6732406616211,PRESION_AIRE_GENERAL,COGENERACION_PLC2
,,0,2025-12-16T21:45:51.6124436Z,2025-12-23T21:45:51.6124436Z,2025-12-18T18:30:00Z,79.6575698852539,PRESION_AIRE_GENERAL,COGENERACION_PLC2
,,0,2025-12-16T21:45:51.6124436Z,2025-12-23T21:45:51.6124436Z,2025-12-18T19:00:00Z,80.52814483642578,PRESION_AIRE_GENERAL,COGENERACION_PLC2
,,0,2025-12-16T21:45:51.6124436Z,2025-12-23T21:45:51.6124436Z,2025-12-18T19:30:00Z,78.17759704589844,PRESION_AIRE_GENERAL,COGENERACION_PLC2
,,0,2025-12-16T21:45:51.6124436Z,2025-12-23T21:45:51.6124436Z,2025-12-18T20:00:00Z,79.94776153564453,PRESION_AIRE_GENERAL,COGENERACION_PLC2
,,0,2025-12-16T21:45:51.6124436Z,2025-12-23T21:45:51.6124436Z,2025-12-18T20:30:00Z,79.91874694824219,PRESION_AIRE_GENERAL,COGENERACION_PLC2
,,0,2025-12-16T21:45:51.6124436Z,2025-12-23T21:45:51.6124436Z,2025-12-18T21:00:00Z,80.9053955078125,PRESION_AIRE_GENERAL,COGENERACION_PLC2
,,0,2025-12-16T21:45:51.6124436Z,2025-12-23T21:45:51.6124436Z,2025-12-18T21:30:00Z,80.70226287841797,PRESION_AIRE_GENERAL,COGENERACION_PLC2
,,0,2025-12-16T21:45:51.6124436Z,2025-12-23T21:45:51.6124436Z,2025-12-18T22:00:00Z,78.38072967529297,PRESION_AIRE_GENERAL,COGENERACION_PLC2
,,0,2025-12-16T21:45:51.6124436Z,2025-12-23T21:45:51.6124436Z,2025-12-18T22:30:00Z,80.76029968261719,PRESION_AIRE_GENERAL,COGENERACION_PLC2
,,0,2025-12-16T21:45:51.6124436Z,2025-12-23T21:45:51.6124436Z,2025-12-18T23:00:00Z,80.26697540283203,PRESION_AIRE_GENERAL,COGENERACION_PLC2
,,0,2025-12-16T21:45:51.6124436Z,2025-12-23T21:45:51.6124436Z,2025-12-18T23:30:00Z,80.23795318603516,PRESION_AIRE_GENERAL,COGENERACION_PLC2
,,0,2025-12-16T21:45:51.6124436Z,2025-12-23T21:45:51.6124436Z,2025-12-19T00:00:00Z,83.80731201171875,PRESION_AIRE_GENERAL,COGENERACION_PLC2
,,0,2025-12-16T21:45:51.6124436Z,2025-12-23T21:45:51.6124436Z,2025-12-19T00:30:00Z,84.41670989990234,PRESION_AIRE_GENERAL,COGENERACION_PLC2
,,0,2025-12-16T21:45:51.6124436Z,2025-12-23T21:45:51.6124436Z,2025-12-19T01:00:00Z,83.2269287109375,PRESION_AIRE_GENERAL,COGENERACION_PLC2
,,0,2025-12-16T21:45:51.6124436Z,2025-12-23T21:45:51.6124436Z,2025-12-19T01:30:00Z,85.57747650146484,PRESION_AIRE_GENERAL,COGENERACION_PLC2
,,0,2025-12-16T21:45:51.6124436Z,2025-12-23T21:45:51.6124436Z,2025-12-19T02:00:00Z,86.1578598022461,PRESION_AIRE_GENERAL,COGENERACION_PLC2
,,0,2025-12-16T21:45:51.6124436Z,2025-12-23T21:45:51.6124436Z,2025-12-19T02:30:00Z,84.70690155029297,PRESION_AIRE_GENERAL,COGENERACION_PLC2
,,0,2025-12-16T21:45:51.6124436Z,2025-12-23T21:45:51.6124436Z,2025-12-19T03:00:00Z,84.9970932006836,PRESION_AIRE_GENERAL,COGENERACION_PLC2
,,0,2025-12-16T21:45:51.6124436Z,2025-12-23T21:45:51.6124436Z,2025-12-19T03:30:00Z,85.05513000488281,PRESION_AIRE_GENERAL,COGENERACION_PLC2
,,0,2025-12-16T21:45:51.6124436Z,2025-12-23T21:45:51.6124436Z,2025-12-19T04:00:00Z,84.4747543334961,PRESION_AIRE_GENERAL,COGENERACION_PLC2
,,0,2025-12-16T21:45:51.6124436Z,2025-12-23T21:45:51.6124436Z,2025-12-19T04:30:00Z,85.49041748046875,PRESION_AIRE_GENERAL,COGENERACION_PLC2
,,0,2025-12-16T21:45:51.6124436Z,2025-12-23T21:45:51.6124436Z,2025-12-19T05:00:00Z,85.28728485107422,PRESION_AIRE_GENERAL,COGENERACION_PLC2
,,0,2025-12-16T21:45:51.6124436Z,2025-12-23T21:45:51.6124436Z,2025-12-19T05:30:00Z,84.56180572509766,PRESION_AIRE_GENERAL,COGENERACION_PLC2
,,0,2025-12-16T21:45:51.6124436Z,2025-12-23T21:45:51.6124436Z,2025-12-19T06:00:00Z,84.18456268310547,PRESION_AIRE_GENERAL,COGENERACION_PLC2
,,0,2025-12-16T21:45:51.6124436Z,2025-12-23T21:45:51.6124436Z,2025-12-19T06:30:00Z,85.5484619140625,PRESION_AIRE_GENERAL,COGENERACION_PLC2
,,0,2025-12-16T21:45:51.6124436Z,2025-12-23T21:45:51.6124436Z,2025-12-19T07:00:00Z,84.18456268310547,PRESION_AIRE_GENERAL,COGENERACION_PLC2
,,0,2025-12-16T21:45:51.6124436Z,2025-12-23T21:45:51.6124436Z,2025-12-19T07:30:00Z,83.74927520751953,PRESION_AIRE_GENERAL,COGENERACION_PLC2
,,0,2025-12-16T21:45:51.6124436Z,2025-12-23T21:45:51.6124436Z,2025-12-19T08:00:00Z,81.8340072631836,PRESION_AIRE_GENERAL,COGENERACION_PLC2
,,0,2025-12-16T21:45:51.6124436Z,2025-12-23T21:45:51.6124436Z,2025-12-19T08:30:00Z,84.53279113769531,PRESION_AIRE_GENERAL,COGENERACION_PLC2
,,0,2025-12-16T21:45:51.6124436Z,2025-12-23T21:45:51.6124436Z,2025-12-19T09:00:00Z,84.18456268310547,PRESION_AIRE_GENERAL,COGENERACION_PLC2
,,0,2025-12-16T21:45:51.6124436Z,2025-12-23T21:45:51.6124436Z,2025-12-19T09:30:00Z,85.86766815185547,PRESION_AIRE_GENERAL,COGENERACION_PLC2
,,0,2025-12-16T21:45:51.6124436Z,2025-12-23T21:45:51.6124436Z,2025-12-19T10:00:00Z,84.53279113769531,PRESION_AIRE_GENERAL,COGENERACION_PLC2
,,0,2025-12-16T21:45:51.6124436Z,2025-12-23T21:45:51.6124436Z,2025-12-19T10:30:00Z,85.78060913085938,PRESION_AIRE_GENERAL,COGENERACION_PLC2
,,0,2025-12-16T21:45:51.6124436Z,2025-12-23T21:45:51.6124436Z,2025-12-19T11:00:00Z,85.34532165527344,PRESION_AIRE_GENERAL,COGENERACION_PLC2
,,0,2025-12-16T21:45:51.6124436Z,2025-12-23T21:45:51.6124436Z,2025-12-19T11:30:00Z,84.85199737548828,PRESION_AIRE_GENERAL,COGENERACION_PLC2
,,0,2025-12-16T21:45:51.6124436Z,2025-12-23T21:45:51.6124436Z,2025-12-19T12:00:00Z,85.5484619140625,PRESION_AIRE_GENERAL,COGENERACION_PLC2
,,0,2025-12-16T21:45:51.6124436Z,2025-12-23T21:45:51.6124436Z,2025-12-19T12:30:00Z,79.54149627685547,PRESION_AIRE_GENERAL,COGENERACION_PLC2
,,0,2025-12-16T21:45:51.6124436Z,2025-12-23T21:45:51.6124436Z,2025-12-19T13:00:00Z,80.93441772460938,PRESION_AIRE_GENERAL,COGENERACION_PLC2
,,0,2025-12-16T21:45:51.6124436Z,2025-12-23T21:45:51.6124436Z,2025-12-19T13:30:00Z,80.09285736083984,PRESION_AIRE_GENERAL,COGENERACION_PLC2
,,0,2025-12-16T21:45:51.6124436Z,2025-12-23T21:45:51.6124436Z,2025-12-19T14:00:00Z,80.49913024902344,PRESION_AIRE_GENERAL,COGENERACION_PLC2
,,0,2025-12-16T21:45:51.6124436Z,2025-12-23T21:45:51.6124436Z,2025-12-19T14:30:00Z,79.9767837524414,PRESION_AIRE_GENERAL,COGENERACION_PLC2
,,0,2025-12-16T21:45:51.6124436Z,2025-12-23T21:45:51.6124436Z,2025-12-19T15:00:00Z,80.03482055664062,PRESION_AIRE_GENERAL,COGENERACION_PLC2
,,0,2025-12-16T21:45:51.6124436Z,2025-12-23T21:45:51.6124436Z,2025-12-19T15:30:00Z,79.6575698852539,PRESION_AIRE_GENERAL,COGENERACION_PLC2
,,0,2025-12-16T21:45:51.6124436Z,2025-12-23T21:45:51.6124436Z,2025-12-19T16:00:00Z,80.03482055664062,PRESION_AIRE_GENERAL,COGENERACION_PLC2
,,0,2025-12-16T21:45:51.6124436Z,2025-12-23T21:45:51.6124436Z,2025-12-19T16:30:00Z,79.6575698852539,PRESION_AIRE_GENERAL,COGENERACION_PLC2
,,0,2025-12-16T21:45:51.6124436Z,2025-12-23T21:45:51.6124436Z,2025-12-19T17:00:00Z,79.88972473144531,PRESION_AIRE_GENERAL,COGENERACION_PLC2
,,0,2025-12-16T21:45:51.6124436Z,2025-12-23T21:45:51.6124436Z,2025-12-19T17:30:00Z,79.54149627685547,PRESION_AIRE_GENERAL,COGENERACION_PLC2
,,0,2025-12-16T21:45:51.6124436Z,2025-12-23T21:45:51.6124436Z,2025-12-19T18:00:00Z,78.8160171508789,PRESION_AIRE_GENERAL,COGENERACION_PLC2
,,0,2025-12-16T21:45:51.6124436Z,2025-12-23T21:45:51.6124436Z,2025-12-19T18:30:00Z,79.39640045166016,PRESION_AIRE_GENERAL,COGENERACION_PLC2
,,0,2025-12-16T21:45:51.6124436Z,2025-12-23T21:45:51.6124436Z,2025-12-19T19:00:00Z,79.91874694824219,PRESION_AIRE_GENERAL,COGENERACION_PLC2
,,0,2025-12-16T21:45:51.6124436Z,2025-12-23T21:45:51.6124436Z,2025-12-19T19:30:00Z,79.62855529785156,PRESION_AIRE_GENERAL,COGENERACION_PLC2
,,0,2025-12-16T21:45:51.6124436Z,2025-12-23T21:45:51.6124436Z,2025-12-19T20:00:00Z,79.22228240966797,PRESION_AIRE_GENERAL,COGENERACION_PLC2
,,0,2025-12-16T21:45:51.6124436Z,2025-12-23T21:45:51.6124436Z,2025-12-19T20:30:00Z,80.03482055664062,PRESION_AIRE_GENERAL,COGENERACION_PLC2
,,0,2025-12-16T21:45:51.6124436Z,2025-12-23T21:45:51.6124436Z,2025-12-19T21:00:00Z,78.78699493408203,PRESION_AIRE_GENERAL,COGENERACION_PLC2
,,0,2025-12-16T21:45:51.6124436Z,2025-12-23T21:45:51.6124436Z,2025-12-19T21:30:00Z,79.48345947265625,PRESION_AIRE_GENERAL,COGENERACION_PLC2
,,0,2025-12-16T21:45:51.6124436Z,2025-12-23T21:45:51.6124436Z,2025-12-19T22:00:00Z,78.38072967529297,PRESION_AIRE_GENERAL,COGENERACION_PLC2
,,0,2025-12-16T21:45:51.6124436Z,2025-12-23T21:45:51.6124436Z,2025-12-19T22:30:00Z,79.5124740600586,PRESION_AIRE_GENERAL,COGENERACION_PLC2
,,0,2025-12-16T21:45:51.6124436Z,2025-12-23T21:45:51.6124436Z,2025-12-19T23:00:00Z,79.54149627685547,PRESION_AIRE_GENERAL,COGENERACION_PLC2
,,0,2025-12-16T21:45:51.6124436Z,2025-12-23T21:45:51.6124436Z,2025-12-19T23:30:00Z,79.54149627685547,PRESION_AIRE_GENERAL,COGENERACION_PLC2
,,0,2025-12-16T21:45:51.6124436Z,2025-12-23T21:45:51.6124436Z,2025-12-20T00:00:00Z,80.12187957763672,PRESION_AIRE_GENERAL,COGENERACION_PLC2
,,0,2025-12-16T21:45:51.6124436Z,2025-12-23T21:45:51.6124436Z,2025-12-20T00:30:00Z,78.06151580810547,PRESION_AIRE_GENERAL,COGENERACION_PLC2
,,0,2025-12-16T21:45:51.6124436Z,2025-12-23T21:45:51.6124436Z,2025-12-20T01:00:00Z,76.87173461914062,PRESION_AIRE_GENERAL,COGENERACION_PLC2
,,0,2025-12-16T21:45:51.6124436Z,2025-12-23T21:45:51.6124436Z,2025-12-20T01:30:00Z,77.1909408569336,PRESION_AIRE_GENERAL,COGENERACION_PLC2
,,0,2025-12-16T21:45:51.6124436Z,2025-12-23T21:45:51.6124436Z,2025-12-20T02:00:00Z,82.00812530517578,PRESION_AIRE_GENERAL,COGENERACION_PLC2
,,0,2025-12-16T21:45:51.6124436Z,2025-12-23T21:45:51.6124436Z,2025-12-20T02:30:00Z,81.6598892211914,PRESION_AIRE_GENERAL,COGENERACION_PLC2
,,0,2025-12-16T21:45:51.6124436Z,2025-12-23T21:45:51.6124436Z,2025-12-20T03:00:00Z,82.09517669677734,PRESION_AIRE_GENERAL,COGENERACION_PLC2
,,0,2025-12-16T21:45:51.6124436Z,2025-12-23T21:45:51.6124436Z,2025-12-20T03:30:00Z,84.73592376708984,PRESION_AIRE_GENERAL,COGENERACION_PLC2
,,0,2025-12-16T21:45:51.6124436Z,2025-12-23T21:45:51.6124436Z,2025-12-20T04:00:00Z,80.93441772460938,PRESION_AIRE_GENERAL,COGENERACION_PLC2
,,0,2025-12-16T21:45:51.6124436Z,2025-12-23T21:45:51.6124436Z,2025-12-20T04:30:00Z,80.70226287841797,PRESION_AIRE_GENERAL,COGENERACION_PLC2
,,0,2025-12-16T21:45:51.6124436Z,2025-12-23T21:45:51.6124436Z,2025-12-20T05:00:00Z,80.17991638183594,PRESION_AIRE_GENERAL,COGENERACION_PLC2
,,0,2025-12-16T21:45:51.6124436Z,2025-12-23T21:45:51.6124436Z,2025-12-20T05:30:00Z,80.76029968261719,PRESION_AIRE_GENERAL,COGENERACION_PLC2
,,0,2025-12-16T21:45:51.6124436Z,2025-12-23T21:45:51.6124436Z,2025-12-20T06:00:00Z,80.20893859863281,PRESION_AIRE_GENERAL,COGENERACION_PLC2
,,0,2025-12-16T21:45:51.6124436Z,2025-12-23T21:45:51.6124436Z,2025-12-20T06:30:00Z,81.77597045898438,PRESION_AIRE_GENERAL,COGENERACION_PLC2
,,0,2025-12-16T21:45:51.6124436Z,2025-12-23T21:45:51.6124436Z,2025-12-20T07:00:00Z,79.39640045166016,PRESION_AIRE_GENERAL,COGENERACION_PLC2
,,0,2025-12-16T21:45:51.6124436Z,2025-12-23T21:45:51.6124436Z,2025-12-20T07:30:00Z,80.9924545288086,PRESION_AIRE_GENERAL,COGENERACION_PLC2
,,0,2025-12-16T21:45:51.6124436Z,2025-12-23T21:45:51.6124436Z,2025-12-20T08:00:00Z,80.20893859863281,PRESION_AIRE_GENERAL,COGENERACION_PLC2
,,0,2025-12-16T21:45:51.6124436Z,2025-12-23T21:45:51.6124436Z,2025-12-20T08:30:00Z,83.69123077392578,PRESION_AIRE_GENERAL,COGENERACION_PLC2
,,0,2025-12-16T21:45:51.6124436Z,2025-12-23T21:45:51.6124436Z,2025-12-20T09:00:00Z,84.09750366210938,PRESION_AIRE_GENERAL,COGENERACION_PLC2
,,0,2025-12-16T21:45:51.6124436Z,2025-12-23T21:45:51.6124436Z,2025-12-20T09:30:00Z,83.80731201171875,PRESION_AIRE_GENERAL,COGENERACION_PLC2
,,0,2025-12-16T21:45:51.6124436Z,2025-12-23T21:45:51.6124436Z,2025-12-20T10:00:00Z,84.3876953125,PRESION_AIRE_GENERAL,COGENERACION_PLC2
,,0,2025-12-16T21:45:51.6124436Z,2025-12-23T21:45:51.6124436Z,2025-12-20T10:30:00Z,84.44573211669922,PRESION_AIRE_GENERAL,COGENERACION_PLC2
,,0,2025-12-16T21:45:51.6124436Z,2025-12-23T21:45:51.6124436Z,2025-12-20T11:00:00Z,82.87870025634766,PRESION_AIRE_GENERAL,COGENERACION_PLC2
,,0,2025-12-16T21:45:51.6124436Z,2025-12-23T21:45:51.6124436Z,2025-12-20T11:30:00Z,82.55948638916016,PRESION_AIRE_GENERAL,COGENERACION_PLC2
,,0,2025-12-16T21:45:51.6124436Z,2025-12-23T21:45:51.6124436Z,2025-12-20T12:00:00Z,83.3139877319336,PRESION_AIRE_GENERAL,COGENERACION_PLC2
,,0,2025-12-16T21:45:51.6124436Z,2025-12-23T21:45:51.6124436Z,2025-12-20T12:30:00Z,83.54613494873047,PRESION_AIRE_GENERAL,COGENERACION_PLC2
,,0,2025-12-16T21:45:51.6124436Z,2025-12-23T21:45:51.6124436Z,2025-12-20T13:00:00Z,82.24027252197266,PRESION_AIRE_GENERAL,COGENERACION_PLC2
,,0,2025-12-16T21:45:51.6124436Z,2025-12-23T21:45:51.6124436Z,2025-12-20T13:30:00Z,82.2983169555664,PRESION_AIRE_GENERAL,COGENERACION_PLC2
,,0,2025-12-16T21:45:51.6124436Z,2025-12-23T21:45:51.6124436Z,2025-12-20T14:00:00Z,79.39640045166016,PRESION_AIRE_GENERAL,COGENERACION_PLC2
,,0,2025-12-16T21:45:51.6124436Z,2025-12-23T21:45:51.6124436Z,2025-12-20T14:30:00Z,79.48345947265625,PRESION_AIRE_GENERAL,COGENERACION_PLC2
,,0,2025-12-16T21:45:51.6124436Z,2025-12-23T21:45:51.6124436Z,2025-12-20T15:00:00Z,79.48345947265625,PRESION_AIRE_GENERAL,COGENERACION_PLC2
,,0,2025-12-16T21:45:51.6124436Z,2025-12-23T21:45:51.6124436Z,2025-12-20T15:30:00Z,79.30934143066406,PRESION_AIRE_GENERAL,COGENERACION_PLC2
,,0,2025-12-16T21:45:51.6124436Z,2025-12-23T21:45:51.6124436Z,2025-12-20T16:00:00Z,79.48345947265625,PRESION_AIRE_GENERAL,COGENERACION_PLC2
,,0,2025-12-16T21:45:51.6124436Z,2025-12-23T21:45:51.6124436Z,2025-12-20T16:30:00Z,80.0638427734375,PRESION_AIRE_GENERAL,COGENERACION_PLC2
,,0,2025-12-16T21:45:51.6124436Z,2025-12-23T21:45:51.6124436Z,2025-12-20T17:00:00Z,78.903076171875,PRESION_AIRE_GENERAL,COGENERACION_PLC2
,,0,2025-12-16T21:45:51.6124436Z,2025-12-23T21:45:51.6124436Z,2025-12-20T17:30:00Z,78.8160171508789,PRESION_AIRE_GENERAL,COGENERACION_PLC2
,,0,2025-12-16T21:45:51.6124436Z,2025-12-23T21:45:51.6124436Z,2025-12-20T18:00:00Z,80.64422607421875,PRESION_AIRE_GENERAL,COGENERACION_PLC2
,,0,2025-12-16T21:45:51.6124436Z,2025-12-23T21:45:51.6124436Z,2025-12-20T18:30:00Z,78.93209075927734,PRESION_AIRE_GENERAL,COGENERACION_PLC2
,,0,2025-12-16T21:45:51.6124436Z,2025-12-23T21:45:51.6124436Z,2025-12-20T19:00:00Z,78.61288452148438,PRESION_AIRE_GENERAL,COGENERACION_PLC2
,,0,2025-12-16T21:45:51.6124436Z,2025-12-23T21:45:51.6124436Z,2025-12-20T19:30:00Z,79.45443725585938,PRESION_AIRE_GENERAL,COGENERACION_PLC2
,,0,2025-12-16T21:45:51.6124436Z,2025-12-23T21:45:51.6124436Z,2025-12-20T20:00:00Z,79.19326782226562,PRESION_AIRE_GENERAL,COGENERACION_PLC2
,,0,2025-12-16T21:45:51.6124436Z,2025-12-23T21:45:51.6124436Z,2025-12-20T20:30:00Z,80.76029968261719,PRESION_AIRE_GENERAL,COGENERACION_PLC2
,,0,2025-12-16T21:45:51.6124436Z,2025-12-23T21:45:51.6124436Z,2025-12-20T21:00:00Z,79.68659210205078,PRESION_AIRE_GENERAL,COGENERACION_PLC2
,,0,2025-12-16T21:45:51.6124436Z,2025-12-23T21:45:51.6124436Z,2025-12-20T21:30:00Z,79.30934143066406,PRESION_AIRE_GENERAL,COGENERACION_PLC2
,,0,2025-12-16T21:45:51.6124436Z,2025-12-23T21:45:51.6124436Z,2025-12-20T22:00:00Z,80.47010803222656,PRESION_AIRE_GENERAL,COGENERACION_PLC2
,,0,2025-12-16T21:45:51.6124436Z,2025-12-23T21:45:51.6124436Z,2025-12-20T22:30:00Z,79.45443725585938,PRESION_AIRE_GENERAL,COGENERACION_PLC2
,,0,2025-12-16T21:45:51.6124436Z,2025-12-23T21:45:51.6124436Z,2025-12-20T23:00:00Z,80.09285736083984,PRESION_AIRE_GENERAL,COGENERACION_PLC2
,,0,2025-12-16T21:45:51.6124436Z,2025-12-23T21:45:51.6124436Z,2025-12-20T23:30:00Z,80.8183364868164,PRESION_AIRE_GENERAL,COGENERACION_PLC2
,,0,2025-12-16T21:45:51.6124436Z,2025-12-23T21:45:51.6124436Z,2025-12-21T00:00:00Z,80.47010803222656,PRESION_AIRE_GENERAL,COGENERACION_PLC2
,,0,2025-12-16T21:45:51.6124436Z,2025-12-23T21:45:51.6124436Z,2025-12-21T00:30:00Z,81.1375503540039,PRESION_AIRE_GENERAL,COGENERACION_PLC2
,,0,2025-12-16T21:45:51.6124436Z,2025-12-23T21:45:51.6124436Z,2025-12-21T01:00:00Z,80.96343231201172,PRESION_AIRE_GENERAL,COGENERACION_PLC2
,,0,2025-12-16T21:45:51.6124436Z,2025-12-23T21:45:51.6124436Z,2025-12-21T01:30:00Z,80.03482055664062,PRESION_AIRE_GENERAL,COGENERACION_PLC2
,,0,2025-12-16T21:45:51.6124436Z,2025-12-23T21:45:51.6124436Z,2025-12-21T02:00:00Z,81.48577880859375,PRESION_AIRE_GENERAL,COGENERACION_PLC2
,,0,2025-12-16T21:45:51.6124436Z,2025-12-23T21:45:51.6124436Z,2025-12-21T02:30:00Z,80.84735870361328,PRESION_AIRE_GENERAL,COGENERACION_PLC2
,,0,2025-12-16T21:45:51.6124436Z,2025-12-23T21:45:51.6124436Z,2025-12-21T03:00:00Z,82.44341278076172,PRESION_AIRE_GENERAL,COGENERACION_PLC2
,,0,2025-12-16T21:45:51.6124436Z,2025-12-23T21:45:51.6124436Z,2025-12-21T03:30:00Z,81.68891143798828,PRESION_AIRE_GENERAL,COGENERACION_PLC2
,,0,2025-12-16T21:45:51.6124436Z,2025-12-23T21:45:51.6124436Z,2025-12-21T04:00:00Z,82.64654541015625,PRESION_AIRE_GENERAL,COGENERACION_PLC2
,,0,2025-12-16T21:45:51.6124436Z,2025-12-23T21:45:51.6124436Z,2025-12-21T04:30:00Z,82.93673706054688,PRESION_AIRE_GENERAL,COGENERACION_PLC2
,,0,2025-12-16T21:45:51.6124436Z,2025-12-23T21:45:51.6124436Z,2025-12-21T05:00:00Z,84.3006362915039,PRESION_AIRE_GENERAL,COGENERACION_PLC2
,,0,2025-12-16T21:45:51.6124436Z,2025-12-23T21:45:51.6124436Z,2025-12-21T05:30:00Z,93.47068786621094,PRESION_AIRE_GENERAL,COGENERACION_PLC2
,,0,2025-12-16T21:45:51.6124436Z,2025-12-23T21:45:51.6124436Z,2025-12-21T06:00:00Z,76.3493881225586,PRESION_AIRE_GENERAL,COGENERACION_PLC2
,,0,2025-12-16T21:45:51.6124436Z,2025-12-23T21:45:51.6124436Z,2025-12-21T06:30:00Z,76.3493881225586,PRESION_AIRE_GENERAL,COGENERACION_PLC2
,,0,2025-12-16T21:45:51.6124436Z,2025-12-23T21:45:51.6124436Z,2025-12-21T07:00:00Z,70.25536346435547,PRESION_AIRE_GENERAL,COGENERACION_PLC2
,,0,2025-12-16T21:45:51.6124436Z,2025-12-23T21:45:51.6124436Z,2025-12-21T07:30:00Z,75.91410064697266,PRESION_AIRE_GENERAL,COGENERACION_PLC2
,,0,2025-12-16T21:45:51.6124436Z,2025-12-23T21:45:51.6124436Z,2025-12-21T08:00:00Z,73.41845703125,PRESION_AIRE_GENERAL,COGENERACION_PLC2
,,0,2025-12-16T21:45:51.6124436Z,2025-12-23T21:45:51.6124436Z,2025-12-21T08:30:00Z,85.86766815185547,PRESION_AIRE_GENERAL,COGENERACION_PLC2
,,0,2025-12-16T21:45:51.6124436Z,2025-12-23T21:45:51.6124436Z,2025-12-21T09:00:00Z,82.79164123535156,PRESION_AIRE_GENERAL,COGENERACION_PLC2
,,0,2025-12-16T21:45:51.6124436Z,2025-12-23T21:45:51.6124436Z,2025-12-21T09:30:00Z,87.08647155761719,PRESION_AIRE_GENERAL,COGENERACION_PLC2
,,0,2025-12-16T21:45:51.6124436Z,2025-12-23T21:45:51.6124436Z,2025-12-21T10:00:00Z,83.80731201171875,PRESION_AIRE_GENERAL,COGENERACION_PLC2
,,0,2025-12-16T21:45:51.6124436Z,2025-12-23T21:45:51.6124436Z,2025-12-21T10:30:00Z,82.70458221435547,PRESION_AIRE_GENERAL,COGENERACION_PLC2
,,0,2025-12-16T21:45:51.6124436Z,2025-12-23T21:45:51.6124436Z,2025-12-21T11:00:00Z,87.49274444580078,PRESION_AIRE_GENERAL,COGENERACION_PLC2
,,0,2025-12-16T21:45:51.6124436Z,2025-12-23T21:45:51.6124436Z,2025-12-21T11:30:00Z,84.03946685791016,PRESION_AIRE_GENERAL,COGENERACION_PLC2
,,0,2025-12-16T21:45:51.6124436Z,2025-12-23T21:45:51.6124436Z,2025-12-21T12:00:00Z,86.18688201904297,PRESION_AIRE_GENERAL,COGENERACION_PLC2
,,0,2025-12-16T21:45:51.6124436Z,2025-12-23T21:45:51.6124436Z,2025-12-21T12:30:00Z,91.70052337646484,PRESION_AIRE_GENERAL,COGENERACION_PLC2
,,0,2025-12-16T21:45:51.6124436Z,2025-12-23T21:45:51.6124436Z,2025-12-21T13:00:00Z,90.42367553710938,PRESION_AIRE_GENERAL,COGENERACION_PLC2
,,0,2025-12-16T21:45:51.6124436Z,2025-12-23T21:45:51.6124436Z,2025-12-21T13:30:00Z,82.09517669677734,PRESION_AIRE_GENERAL,COGENERACION_PLC2
,,0,2025-12-16T21:45:51.6124436Z,2025-12-23T21:45:51.6124436Z,2025-12-21T14:00:00Z,76.72663879394531,PRESION_AIRE_GENERAL,COGENERACION_PLC2
,,0,2025-12-16T21:45:51.6124436Z,2025-12-23T21:45:51.6124436Z,2025-12-21T14:30:00Z,76.92977142333984,PRESION_AIRE_GENERAL,COGENERACION_PLC2
,,0,2025-12-16T21:45:51.6124436Z,2025-12-23T21:45:51.6124436Z,2025-12-21T15:00:00Z,76.90074920654297,PRESION_AIRE_GENERAL,COGENERACION_PLC2
,,0,2025-12-16T21:45:51.6124436Z,2025-12-23T21:45:51.6124436Z,2025-12-21T15:30:00Z,86.33197784423828,PRESION_AIRE_GENERAL,COGENERACION_PLC2
,,0,2025-12-16T21:45:51.6124436Z,2025-12-23T21:45:51.6124436Z,2025-12-21T16:00:00Z,85.98374938964844,PRESION_AIRE_GENERAL,COGENERACION_PLC2
,,0,2025-12-16T21:45:51.6124436Z,2025-12-23T21:45:51.6124436Z,2025-12-21T16:30:00Z,85.78060913085938,PRESION_AIRE_GENERAL,COGENERACION_PLC2
,,0,2025-12-16T21:45:51.6124436Z,2025-12-23T21:45:51.6124436Z,2025-12-21T17:00:00Z,86.44805145263672,PRESION_AIRE_GENERAL,COGENERACION_PLC2
,,0,2025-12-16T21:45:51.6124436Z,2025-12-23T21:45:51.6124436Z,2025-12-21T17:30:00Z,86.18688201904297,PRESION_AIRE_GENERAL,COGENERACION_PLC2
,,0,2025-12-16T21:45:51.6124436Z,2025-12-23T21:45:51.6124436Z,2025-12-21T18:00:00Z,85.89669036865234,PRESION_AIRE_GENERAL,COGENERACION_PLC2
,,0,2025-12-16T21:45:51.6124436Z,2025-12-23T21:45:51.6124436Z,2025-12-21T18:30:00Z,86.01276397705078,PRESION_AIRE_GENERAL,COGENERACION_PLC2
,,0,2025-12-16T21:45:51.6124436Z,2025-12-23T21:45:51.6124436Z,2025-12-21T19:00:00Z,78.29367065429688,PRESION_AIRE_GENERAL,COGENERACION_PLC2
,,0,2025-12-16T21:45:51.6124436Z,2025-12-23T21:45:51.6124436Z,2025-12-21T19:30:00Z,73.65060424804688,PRESION_AIRE_GENERAL,COGENERACION_PLC2
,,0,2025-12-16T21:45:51.6124436Z,2025-12-23T21:45:51.6124436Z,2025-12-21T20:00:00Z,84.59082794189453,PRESION_AIRE_GENERAL,COGENERACION_PLC2
,,0,2025-12-16T21:45:51.6124436Z,2025-12-23T21:45:51.6124436Z,2025-12-21T20:30:00Z,84.03946685791016,PRESION_AIRE_GENERAL,COGENERACION_PLC2
,,0,2025-12-16T21:45:51.6124436Z,2025-12-23T21:45:51.6124436Z,2025-12-21T21:00:00Z,83.25594329833984,PRESION_AIRE_GENERAL,COGENERACION_PLC2
,,0,2025-12-16T21:45:51.6124436Z,2025-12-23T21:45:51.6124436Z,2025-12-21T21:30:00Z,81.34068298339844,PRESION_AIRE_GENERAL,COGENERACION_PLC2
,,0,2025-12-16T21:45:51.6124436Z,2025-12-23T21:45:51.6124436Z,2025-12-21T22:00:00Z,80.41207122802734,PRESION_AIRE_GENERAL,COGENERACION_PLC2
,,0,2025-12-16T21:45:51.6124436Z,2025-12-23T21:45:51.6124436Z,2025-12-21T22:30:00Z,80.6732406616211,PRESION_AIRE_GENERAL,COGENERACION_PLC2
,,0,2025-12-16T21:45:51.6124436Z,2025-12-23T21:45:51.6124436Z,2025-12-21T23:00:00Z,81.54381561279297,PRESION_AIRE_GENERAL,COGENERACION_PLC2
,,0,2025-12-16T21:45:51.6124436Z,2025-12-23T21:45:51.6124436Z,2025-12-21T23:30:00Z,81.57283782958984,PRESION_AIRE_GENERAL,COGENERACION_PLC2
,,0,2025-12-16T21:45:51.6124436Z,2025-12-23T21:45:51.6124436Z,2025-12-22T00:00:00Z,80.41207122802734,PRESION_AIRE_GENERAL,COGENERACION_PLC2
,,0,2025-12-16T21:45:51.6124436Z,2025-12-23T21:45:51.6124436Z,2025-12-22T00:30:00Z,81.25362396240234,PRESION_AIRE_GENERAL,COGENERACION_PLC2
,,0,2025-12-16T21:45:51.6124436Z,2025-12-23T21:45:51.6124436Z,2025-12-22T01:00:00Z,80.35403442382812,PRESION_AIRE_GENERAL,COGENERACION_PLC2
,,0,2025-12-16T21:45:51.6124436Z,2025-12-23T21:45:51.6124436Z,2025-12-22T01:30:00Z,82.12419891357422,PRESION_AIRE_GENERAL,COGENERACION_PLC2
,,0,2025-12-16T21:45:51.6124436Z,2025-12-23T21:45:51.6124436Z,2025-12-22T02:00:00Z,82.6755599975586,PRESION_AIRE_GENERAL,COGENERACION_PLC2
,,0,2025-12-16T21:45:51.6124436Z,2025-12-23T21:45:51.6124436Z,2025-12-22T02:30:00Z,84.03946685791016,PRESION_AIRE_GENERAL,COGENERACION_PLC2
,,0,2025-12-16T21:45:51.6124436Z,2025-12-23T21:45:51.6124436Z,2025-12-22T03:00:00Z,82.24027252197266,PRESION_AIRE_GENERAL,COGENERACION_PLC2
,,0,2025-12-16T21:45:51.6124436Z,2025-12-23T21:45:51.6124436Z,2025-12-22T03:30:00Z,82.066162109375,PRESION_AIRE_GENERAL,COGENERACION_PLC2
,,0,2025-12-16T21:45:51.6124436Z,2025-12-23T21:45:51.6124436Z,2025-12-22T04:00:00Z,81.6598892211914,PRESION_AIRE_GENERAL,COGENERACION_PLC2
,,0,2025-12-16T21:45:51.6124436Z,2025-12-23T21:45:51.6124436Z,2025-12-22T04:30:00Z,83.43006134033203,PRESION_AIRE_GENERAL,COGENERACION_PLC2
,,0,2025-12-16T21:45:51.6124436Z,2025-12-23T21:45:51.6124436Z,2025-12-22T05:00:00Z,81.80498504638672,PRESION_AIRE_GENERAL,COGENERACION_PLC2
,,0,2025-12-16T21:45:51.6124436Z,2025-12-23T21:45:51.6124436Z,2025-12-22T05:30:00Z,81.36969757080078,PRESION_AIRE_GENERAL,COGENERACION_PLC2
,,0,2025-12-16T21:45:51.6124436Z,2025-12-23T21:45:51.6124436Z,2025-12-22T06:00:00Z,80.41207122802734,PRESION_AIRE_GENERAL,COGENERACION_PLC2
,,0,2025-12-16T21:45:51.6124436Z,2025-12-23T21:45:51.6124436Z,2025-12-22T06:30:00Z,80.23795318603516,PRESION_AIRE_GENERAL,COGENERACION_PLC2
,,0,2025-12-16T21:45:51.6124436Z,2025-12-23T21:45:51.6124436Z,2025-12-22T07:00:00Z,80.12187957763672,PRESION_AIRE_GENERAL,COGENERACION_PLC2
,,0,2025-12-16T21:45:51.6124436Z,2025-12-23T21:45:51.6124436Z,2025-12-22T07:30:00Z,80.6732406616211,PRESION_AIRE_GENERAL,COGENERACION_PLC2
,,0,2025-12-16T21:45:51.6124436Z,2025-12-23T21:45:51.6124436Z,2025-12-22T08:00:00Z,80.64422607421875,PRESION_AIRE_GENERAL,COGENERACION_PLC2
,,0,2025-12-16T21:45:51.6124436Z,2025-12-23T21:45:51.6124436Z,2025-12-22T08:30:00Z,80.32501220703125,PRESION_AIRE_GENERAL,COGENERACION_PLC2
,,0,2025-12-16T21:45:51.6124436Z,2025-12-23T21:45:51.6124436Z,2025-12-22T09:00:00Z,80.47010803222656,PRESION_AIRE_GENERAL,COGENERACION_PLC2
,,0,2025-12-16T21:45:51.6124436Z,2025-12-23T21:45:51.6124436Z,2025-12-22T09:30:00Z,80.93441772460938,PRESION_AIRE_GENERAL,COGENERACION_PLC2
,,0,2025-12-16T21:45:51.6124436Z,2025-12-23T21:45:51.6124436Z,2025-12-22T10:00:00Z,80.61520385742188,PRESION_AIRE_GENERAL,COGENERACION_PLC2
,,0,2025-12-16T21:45:51.6124436Z,2025-12-23T21:45:51.6124436Z,2025-12-22T10:30:00Z,79.77365112304688,PRESION_AIRE_GENERAL,COGENERACION_PLC2
,,0,2025-12-16T21:45:51.6124436Z,2025-12-23T21:45:51.6124436Z,2025-12-22T11:00:00Z,79.39640045166016,PRESION_AIRE_GENERAL,COGENERACION_PLC2
,,0,2025-12-16T21:45:51.6124436Z,2025-12-23T21:45:51.6124436Z,2025-12-22T11:30:00Z,77.91641998291016,PRESION_AIRE_GENERAL,COGENERACION_PLC2
,,0,2025-12-16T21:45:51.6124436Z,2025-12-23T21:45:51.6124436Z,2025-12-22T12:00:00Z,73.65060424804688,PRESION_AIRE_GENERAL,COGENERACION_PLC2
,,0,2025-12-16T21:45:51.6124436Z,2025-12-23T21:45:51.6124436Z,2025-12-22T12:30:00Z,75.62390899658203,PRESION_AIRE_GENERAL,COGENERACION_PLC2
,,0,2025-12-16T21:45:51.6124436Z,2025-12-23T21:45:51.6124436Z,2025-12-22T13:00:00Z,76.84271240234375,PRESION_AIRE_GENERAL,COGENERACION_PLC2
,,0,2025-12-16T21:45:51.6124436Z,2025-12-23T21:45:51.6124436Z,2025-12-22T13:30:00Z,85.1421890258789,PRESION_AIRE_GENERAL,COGENERACION_PLC2
,,0,2025-12-16T21:45:51.6124436Z,2025-12-23T21:45:51.6124436Z,2025-12-22T14:00:00Z,82.21125793457031,PRESION_AIRE_GENERAL,COGENERACION_PLC2
,,0,2025-12-16T21:45:51.6124436Z,2025-12-23T21:45:51.6124436Z,2025-12-22T14:30:00Z,77.77132415771484,PRESION_AIRE_GENERAL,COGENERACION_PLC2
,,0,2025-12-16T21:45:51.6124436Z,2025-12-23T21:45:51.6124436Z,2025-12-22T15:00:00Z,76.32036590576172,PRESION_AIRE_GENERAL,COGENERACION_PLC2
,,0,2025-12-16T21:45:51.6124436Z,2025-12-23T21:45:51.6124436Z,2025-12-22T15:30:00Z,87.05745697021484,PRESION_AIRE_GENERAL,COGENERACION_PLC2
,,0,2025-12-16T21:45:51.6124436Z,2025-12-23T21:45:51.6124436Z,2025-12-22T16:00:00Z,86.27394104003906,PRESION_AIRE_GENERAL,COGENERACION_PLC2
,,0,2025-12-16T21:45:51.6124436Z,2025-12-23T21:45:51.6124436Z,2025-12-22T16:30:00Z,85.63551330566406,PRESION_AIRE_GENERAL,COGENERACION_PLC2
,,0,2025-12-16T21:45:51.6124436Z,2025-12-23T21:45:51.6124436Z,2025-12-22T17:00:00Z,84.96807861328125,PRESION_AIRE_GENERAL,COGENERACION_PLC2
,,0,2025-12-16T21:45:51.6124436Z,2025-12-23T21:45:51.6124436Z,2025-12-22T17:30:00Z,85.25827026367188,PRESION_AIRE_GENERAL,COGENERACION_PLC2
,,0,2025-12-16T21:45:51.6124436Z,2025-12-23T21:45:51.6124436Z,2025-12-22T18:00:00Z,85.69355773925781,PRESION_AIRE_GENERAL,COGENERACION_PLC2
,,0,2025-12-16T21:45:51.6124436Z,2025-12-23T21:45:51.6124436Z,2025-12-22T18:30:00Z,84.9100341796875,PRESION_AIRE_GENERAL,COGENERACION_PLC2
,,0,2025-12-16T21:45:51.6124436Z,2025-12-23T21:45:51.6124436Z,2025-12-22T19:00:00Z,85.83865356445312,PRESION_AIRE_GENERAL,COGENERACION_PLC2
,,0,2025-12-16T21:45:51.6124436Z,2025-12-23T21:45:51.6124436Z,2025-12-22T19:30:00Z,84.3876953125,PRESION_AIRE_GENERAL,COGENERACION_PLC2
,,0,2025-12-16T21:45:51.6124436Z,2025-12-23T21:45:51.6124436Z,2025-12-22T20:00:00Z,83.89437103271484,PRESION_AIRE_GENERAL,COGENERACION_PLC2
,,0,2025-12-16T21:45:51.6124436Z,2025-12-23T21:45:51.6124436Z,2025-12-22T20:30:00Z,85.05513000488281,PRESION_AIRE_GENERAL,COGENERACION_PLC2
,,0,2025-12-16T21:45:51.6124436Z,2025-12-23T21:45:51.6124436Z,2025-12-22T21:00:00Z,84.41670989990234,PRESION_AIRE_GENERAL,COGENERACION_PLC2
,,0,2025-12-16T21:45:51.6124436Z,2025-12-23T21:45:51.6124436Z,2025-12-22T21:30:00Z,84.41670989990234,PRESION_AIRE_GENERAL,COGENERACION_PLC2
,,0,2025-12-16T21:45:51.6124436Z,2025-12-23T21:45:51.6124436Z,2025-12-22T22:00:00Z,85.89669036865234,PRESION_AIRE_GENERAL,COGENERACION_PLC2
,,0,2025-12-16T21:45:51.6124436Z,2025-12-23T21:45:51.6124436Z,2025-12-22T22:30:00Z,78.29367065429688,PRESION_AIRE_GENERAL,COGENERACION_PLC2
,,0,2025-12-16T21:45:51.6124436Z,2025-12-23T21:45:51.6124436Z,2025-12-22T23:00:00Z,78.20661163330078,PRESION_AIRE_GENERAL,COGENERACION_PLC2
,,0,2025-12-16T21:45:51.6124436Z,2025-12-23T21:45:51.6124436Z,2025-12-22T23:30:00Z,77.56819152832031,PRESION_AIRE_GENERAL,COGENERACION_PLC2
,,0,2025-12-16T21:45:51.6124436Z,2025-12-23T21:45:51.6124436Z,2025-12-23T00:00:00Z,77.77132415771484,PRESION_AIRE_GENERAL,COGENERACION_PLC2
,,0,2025-12-16T21:45:51.6124436Z,2025-12-23T21:45:51.6124436Z,2025-12-23T00:30:00Z,78.8160171508789,PRESION_AIRE_GENERAL,COGENERACION_PLC2
,,0,2025-12-16T21:45:51.6124436Z,2025-12-23T21:45:51.6124436Z,2025-12-23T01:00:00Z,77.91641998291016,PRESION_AIRE_GENERAL,COGENERACION_PLC2
,,0,2025-12-16T21:45:51.6124436Z,2025-12-23T21:45:51.6124436Z,2025-12-23T01:30:00Z,78.3517074584961,PRESION_AIRE_GENERAL,COGENERACION_PLC2
,,0,2025-12-16T21:45:51.6124436Z,2025-12-23T21:45:51.6124436Z,2025-12-23T02:00:00Z,77.71328735351562,PRESION_AIRE_GENERAL,COGENERACION_PLC2
,,0,2025-12-16T21:45:51.6124436Z,2025-12-23T21:45:51.6124436Z,2025-12-23T02:30:00Z,77.91641998291016,PRESION_AIRE_GENERAL,COGENERACION_PLC2
,,0,2025-12-16T21:45:51.6124436Z,2025-12-23T21:45:51.6124436Z,2025-12-23T03:00:00Z,78.75798034667969,PRESION_AIRE_GENERAL,COGENERACION_PLC2
,,0,2025-12-16T21:45:51.6124436Z,2025-12-23T21:45:51.6124436Z,2025-12-23T03:30:00Z,78.43876647949219,PRESION_AIRE_GENERAL,COGENERACION_PLC2
,,0,2025-12-16T21:45:51.6124436Z,2025-12-23T21:45:51.6124436Z,2025-12-23T04:00:00Z,79.6575698852539,PRESION_AIRE_GENERAL,COGENERACION_PLC2
,,0,2025-12-16T21:45:51.6124436Z,2025-12-23T21:45:51.6124436Z,2025-12-23T04:30:00Z,78.29367065429688,PRESION_AIRE_GENERAL,COGENERACION_PLC2
,,0,2025-12-16T21:45:51.6124436Z,2025-12-23T21:45:51.6124436Z,2025-12-23T05:00:00Z,77.04584503173828,PRESION_AIRE_GENERAL,COGENERACION_PLC2
,,0,2025-12-16T21:45:51.6124436Z,2025-12-23T21:45:51.6124436Z,2025-12-23T05:30:00Z,79.74462890625,PRESION_AIRE_GENERAL,COGENERACION_PLC2
,,0,2025-12-16T21:45:51.6124436Z,2025-12-23T21:45:51.6124436Z,2025-12-23T06:00:00Z,80.20893859863281,PRESION_AIRE_GENERAL,COGENERACION_PLC2
,,0,2025-12-16T21:45:51.6124436Z,2025-12-23T21:45:51.6124436Z,2025-12-23T06:30:00Z,79.68659210205078,PRESION_AIRE_GENERAL,COGENERACION_PLC2
,,0,2025-12-16T21:45:51.6124436Z,2025-12-23T21:45:51.6124436Z,2025-12-23T07:00:00Z,81.07951354980469,PRESION_AIRE_GENERAL,COGENERACION_PLC2
,,0,2025-12-16T21:45:51.6124436Z,2025-12-23T21:45:51.6124436Z,2025-12-23T07:30:00Z,79.62855529785156,PRESION_AIRE_GENERAL,COGENERACION_PLC2
,,0,2025-12-16T21:45:51.6124436Z,2025-12-23T21:45:51.6124436Z,2025-12-23T08:00:00Z,80.55716705322266,PRESION_AIRE_GENERAL,COGENERACION_PLC2
,,0,2025-12-16T21:45:51.6124436Z,2025-12-23T21:45:51.6124436Z,2025-12-23T08:30:00Z,79.88972473144531,PRESION_AIRE_GENERAL,COGENERACION_PLC2
,,0,2025-12-16T21:45:51.6124436Z,2025-12-23T21:45:51.6124436Z,2025-12-23T09:00:00Z,80.52814483642578,PRESION_AIRE_GENERAL,COGENERACION_PLC2
,,0,2025-12-16T21:45:51.6124436Z,2025-12-23T21:45:51.6124436Z,2025-12-23T09:30:00Z,80.20893859863281,PRESION_AIRE_GENERAL,COGENERACION_PLC2
,,0,2025-12-16T21:45:51.6124436Z,2025-12-23T21:45:51.6124436Z,2025-12-23T10:00:00Z,80.78932189941406,PRESION_AIRE_GENERAL,COGENERACION_PLC2
,,0,2025-12-16T21:45:51.6124436Z,2025-12-23T21:45:51.6124436Z,2025-12-23T10:30:00Z,79.94776153564453,PRESION_AIRE_GENERAL,COGENERACION_PLC2
,,0,2025-12-16T21:45:51.6124436Z,2025-12-23T21:45:51.6124436Z,2025-12-23T11:00:00Z,79.91874694824219,PRESION_AIRE_GENERAL,COGENERACION_PLC2
,,0,2025-12-16T21:45:51.6124436Z,2025-12-23T21:45:51.6124436Z,2025-12-23T11:30:00Z,80.03482055664062,PRESION_AIRE_GENERAL,COGENERACION_PLC2
,,0,2025-12-16T21:45:51.6124436Z,2025-12-23T21:45:51.6124436Z,2025-12-23T12:00:00Z,80.26697540283203,PRESION_AIRE_GENERAL,COGENERACION_PLC2
,,0,2025-12-16T21:45:51.6124436Z,2025-12-23T21:45:51.6124436Z,2025-12-23T12:30:00Z,81.54381561279297,PRESION_AIRE_GENERAL,COGENERACION_PLC2
,,0,2025-12-16T21:45:51.6124436Z,2025-12-23T21:45:51.6124436Z,2025-12-23T13:00:00Z,81.22460174560547,PRESION_AIRE_GENERAL,COGENERACION_PLC2
,,0,2025-12-16T21:45:51.6124436Z,2025-12-23T21:45:51.6124436Z,2025-12-23T13:30:00Z,80.26697540283203,PRESION_AIRE_GENERAL,COGENERACION_PLC2
,,0,2025-12-16T21:45:51.6124436Z,2025-12-23T21:45:51.6124436Z,2025-12-23T14:00:00Z,80.55716705322266,PRESION_AIRE_GENERAL,COGENERACION_PLC2
,,0,2025-12-16T21:45:51.6124436Z,2025-12-23T21:45:51.6124436Z,2025-12-23T14:30:00Z,81.10852813720703,PRESION_AIRE_GENERAL,COGENERACION_PLC2
,,0,2025-12-16T21:45:51.6124436Z,2025-12-23T21:45:51.6124436Z,2025-12-23T15:00:00Z,79.54149627685547,PRESION_AIRE_GENERAL,COGENERACION_PLC2
,,0,2025-12-16T21:45:51.6124436Z,2025-12-23T21:45:51.6124436Z,2025-12-23T15:30:00Z,79.62855529785156,PRESION_AIRE_GENERAL,COGENERACION_PLC2
,,0,2025-12-16T21:45:51.6124436Z,2025-12-23T21:45:51.6124436Z,2025-12-23T16:00:00Z,80.23795318603516,PRESION_AIRE_GENERAL,COGENERACION_PLC2
,,0,2025-12-16T21:45:51.6124436Z,2025-12-23T21:45:51.6124436Z,2025-12-23T16:30:00Z,79.16424560546875,PRESION_AIRE_GENERAL,COGENERACION_PLC2
,,0,2025-12-16T21:45:51.6124436Z,2025-12-23T21:45:51.6124436Z,2025-12-23T17:00:00Z,80.70226287841797,PRESION_AIRE_GENERAL,COGENERACION_PLC2
,,0,2025-12-16T21:45:51.6124436Z,2025-12-23T21:45:51.6124436Z,2025-12-23T17:30:00Z,80.26697540283203,PRESION_AIRE_GENERAL,COGENERACION_PLC2
,,0,2025-12-16T21:45:51.6124436Z,2025-12-23T21:45:51.6124436Z,2025-12-23T18:00:00Z,81.54381561279297,PRESION_AIRE_GENERAL,COGENERACION_PLC2
,,0,2025-12-16T21:45:51.6124436Z,2025-12-23T21:45:51.6124436Z,2025-12-23T18:30:00Z,80.32501220703125,PRESION_AIRE_GENERAL,COGENERACION_PLC2
,,0,2025-12-16T21:45:51.6124436Z,2025-12-23T21:45:51.6124436Z,2025-12-23T19:00:00Z,81.10852813720703,PRESION_AIRE_GENERAL,COGENERACION_PLC2
,,0,2025-12-16T21:45:51.6124436Z,2025-12-23T21:45:51.6124436Z,2025-12-23T19:30:00Z,81.28264617919922,PRESION_AIRE_GENERAL,COGENERACION_PLC2
,,0,2025-12-16T21:45:51.6124436Z,2025-12-23T21:45:51.6124436Z,2025-12-23T20:00:00Z,80.09285736083984,PRESION_AIRE_GENERAL,COGENERACION_PLC2
,,0,2025-12-16T21:45:51.6124436Z,2025-12-23T21:45:51.6124436Z,2025-12-23T20:30:00Z,81.28264617919922,PRESION_AIRE_GENERAL,COGENERACION_PLC2
,,0,2025-12-16T21:45:51.6124436Z,2025-12-23T21:45:51.6124436Z,2025-12-23T21:00:00Z,80.09285736083984,PRESION_AIRE_GENERAL,COGENERACION_PLC2
,,0,2025-12-16T21:45:51.6124436Z,2025-12-23T21:45:51.6124436Z,2025-12-23T21:30:00Z,80.12187957763672,PRESION_AIRE_GENERAL,COGENERACION_PLC2
,,0,2025-12-16T21:45:51.6124436Z,2025-12-23T21:45:51.6124436Z,2025-12-23T21:45:51.6124436Z,81.5147933959961,PRESION_AIRE_GENERAL,COGENERACION_PLC2
,,1,2025-12-16T21:45:51.6124436Z,2025-12-23T21:45:51.6124436Z,2025-12-16T22:00:00Z,4.583335876464844,PUNTO_ROCIO,COGENERACION_PLC2
,,1,2025-12-16T21:45:51.6124436Z,2025-12-23T21:45:51.6124436Z,2025-12-16T22:30:00Z,5.364585876464844,PUNTO_ROCIO,COGENERACION_PLC2
,,1,2025-12-16T21:45:51.6124436Z,2025-12-23T21:45:51.6124436Z,2025-12-16T23:00:00Z,4.84375,PUNTO_ROCIO,COGENERACION_PLC2
,,1,2025-12-16T21:45:51.6124436Z,2025-12-23T21:45:51.6124436Z,2025-12-16T23:30:00Z,3.9756927490234375,PUNTO_ROCIO,COGENERACION_PLC2
,,1,2025-12-16T21:45:51.6124436Z,2025-12-23T21:45:51.6124436Z,2025-12-17T00:00:00Z,5.1331024169921875,PUNTO_ROCIO,COGENERACION_PLC2
,,1,2025-12-16T21:45:51.6124436Z,2025-12-23T21:45:51.6124436Z,2025-12-17T00:30:00Z,5.1331024169921875,PUNTO_ROCIO,COGENERACION_PLC2
,,1,2025-12-16T21:45:51.6124436Z,2025-12-23T21:45:51.6124436Z,2025-12-17T01:00:00Z,4.207176208496094,PUNTO_ROCIO,COGENERACION_PLC2
,,1,2025-12-16T21:45:51.6124436Z,2025-12-23T21:45:51.6124436Z,2025-12-17T01:30:00Z,4.409721374511719,PUNTO_ROCIO,COGENERACION_PLC2
,,1,2025-12-16T21:45:51.6124436Z,2025-12-23T21:45:51.6124436Z,2025-12-17T02:00:00Z,3.3391189575195312,PUNTO_ROCIO,COGENERACION_PLC2
,,1,2025-12-16T21:45:51.6124436Z,2025-12-23T21:45:51.6124436Z,2025-12-17T02:30:00Z,3.7152748107910156,PUNTO_ROCIO,COGENERACION_PLC2
,,1,2025-12-16T21:45:51.6124436Z,2025-12-23T21:45:51.6124436Z,2025-12-17T03:00:00Z,4.120368957519531,PUNTO_ROCIO,COGENERACION_PLC2
,,1,2025-12-16T21:45:51.6124436Z,2025-12-23T21:45:51.6124436Z,2025-12-17T03:30:00Z,3.483795166015625,PUNTO_ROCIO,COGENERACION_PLC2
,,1,2025-12-16T21:45:51.6124436Z,2025-12-23T21:45:51.6124436Z,2025-12-17T04:00:00Z,4.583335876464844,PUNTO_ROCIO,COGENERACION_PLC2
,,1,2025-12-16T21:45:51.6124436Z,2025-12-23T21:45:51.6124436Z,2025-12-17T04:30:00Z,4.9594879150390625,PUNTO_ROCIO,COGENERACION_PLC2
,,1,2025-12-16T21:45:51.6124436Z,2025-12-23T21:45:51.6124436Z,2025-12-17T05:00:00Z,4.9594879150390625,PUNTO_ROCIO,COGENERACION_PLC2
,,1,2025-12-16T21:45:51.6124436Z,2025-12-23T21:45:51.6124436Z,2025-12-17T05:30:00Z,5.21990966796875,PUNTO_ROCIO,COGENERACION_PLC2
,,1,2025-12-16T21:45:51.6124436Z,2025-12-23T21:45:51.6124436Z,2025-12-17T06:00:00Z,4.525459289550781,PUNTO_ROCIO,COGENERACION_PLC2
,,1,2025-12-16T21:45:51.6124436Z,2025-12-23T21:45:51.6124436Z,2025-12-17T06:30:00Z,4.3807830810546875,PUNTO_ROCIO,COGENERACION_PLC2
,,1,2025-12-16T21:45:51.6124436Z,2025-12-23T21:45:51.6124436Z,2025-12-17T07:00:00Z,5.017356872558594,PUNTO_ROCIO,COGENERACION_PLC2
,,1,2025-12-16T21:45:51.6124436Z,2025-12-23T21:45:51.6124436Z,2025-12-17T07:30:00Z,4.9305572509765625,PUNTO_ROCIO,COGENERACION_PLC2
,,1,2025-12-16T21:45:51.6124436Z,2025-12-23T21:45:51.6124436Z,2025-12-17T08:00:00Z,4.785881042480469,PUNTO_ROCIO,COGENERACION_PLC2
,,1,2025-12-16T21:45:51.6124436Z,2025-12-23T21:45:51.6124436Z,2025-12-17T08:30:00Z,4.0625,PUNTO_ROCIO,COGENERACION_PLC2
,,1,2025-12-16T21:45:51.6124436Z,2025-12-23T21:45:51.6124436Z,2025-12-17T09:00:00Z,5.6539306640625,PUNTO_ROCIO,COGENERACION_PLC2
,,1,2025-12-16T21:45:51.6124436Z,2025-12-23T21:45:51.6124436Z,2025-12-17T09:30:00Z,4.699073791503906,PUNTO_ROCIO,COGENERACION_PLC2
,,1,2025-12-16T21:45:51.6124436Z,2025-12-23T21:45:51.6124436Z,2025-12-17T10:00:00Z,5.21990966796875,PUNTO_ROCIO,COGENERACION_PLC2
,,1,2025-12-16T21:45:51.6124436Z,2025-12-23T21:45:51.6124436Z,2025-12-17T10:30:00Z,4.785881042480469,PUNTO_ROCIO,COGENERACION_PLC2
,,1,2025-12-16T21:45:51.6124436Z,2025-12-23T21:45:51.6124436Z,2025-12-17T11:00:00Z,4.699073791503906,PUNTO_ROCIO,COGENERACION_PLC2
,,1,2025-12-16T21:45:51.6124436Z,2025-12-23T21:45:51.6124436Z,2025-12-17T11:30:00Z,5.509254455566406,PUNTO_ROCIO,COGENERACION_PLC2
,,1,2025-12-16T21:45:51.6124436Z,2025-12-23T21:45:51.6124436Z,2025-12-17T12:00:00Z,5.856483459472656,PUNTO_ROCIO,COGENERACION_PLC2
,,1,2025-12-16T21:45:51.6124436Z,2025-12-23T21:45:51.6124436Z,2025-12-17T12:30:00Z,5.7118072509765625,PUNTO_ROCIO,COGENERACION_PLC2
,,1,2025-12-16T21:45:51.6124436Z,2025-12-23T21:45:51.6124436Z,2025-12-17T13:00:00Z,5.827545166015625,PUNTO_ROCIO,COGENERACION_PLC2
,,1,2025-12-16T21:45:51.6124436Z,2025-12-23T21:45:51.6124436Z,2025-12-17T13:30:00Z,5.422454833984375,PUNTO_ROCIO,COGENERACION_PLC2
,,1,2025-12-16T21:45:51.6124436Z,2025-12-23T21:45:51.6124436Z,2025-12-17T14:00:00Z,6.4351806640625,PUNTO_ROCIO,COGENERACION_PLC2
,,1,2025-12-16T21:45:51.6124436Z,2025-12-23T21:45:51.6124436Z,2025-12-17T14:30:00Z,6.608795166015625,PUNTO_ROCIO,COGENERACION_PLC2
,,1,2025-12-16T21:45:51.6124436Z,2025-12-23T21:45:51.6124436Z,2025-12-17T15:00:00Z,7.59259033203125,PUNTO_ROCIO,COGENERACION_PLC2
,,1,2025-12-16T21:45:51.6124436Z,2025-12-23T21:45:51.6124436Z,2025-12-17T15:30:00Z,6.753471374511719,PUNTO_ROCIO,COGENERACION_PLC2
,,1,2025-12-16T21:45:51.6124436Z,2025-12-23T21:45:51.6124436Z,2025-12-17T16:00:00Z,6.145835876464844,PUNTO_ROCIO,COGENERACION_PLC2
,,1,2025-12-16T21:45:51.6124436Z,2025-12-23T21:45:51.6124436Z,2025-12-17T16:30:00Z,6.145835876464844,PUNTO_ROCIO,COGENERACION_PLC2
,,1,2025-12-16T21:45:51.6124436Z,2025-12-23T21:45:51.6124436Z,2025-12-17T17:00:00Z,6.753471374511719,PUNTO_ROCIO,COGENERACION_PLC2
,,1,2025-12-16T21:45:51.6124436Z,2025-12-23T21:45:51.6124436Z,2025-12-17T17:30:00Z,6.8981475830078125,PUNTO_ROCIO,COGENERACION_PLC2
,,1,2025-12-16T21:45:51.6124436Z,2025-12-23T21:45:51.6124436Z,2025-12-17T18:00:00Z,6.3194427490234375,PUNTO_ROCIO,COGENERACION_PLC2
,,1,2025-12-16T21:45:51.6124436Z,2025-12-23T21:45:51.6124436Z,2025-12-17T18:30:00Z,6.174766540527344,PUNTO_ROCIO,COGENERACION_PLC2
,,1,2025-12-16T21:45:51.6124436Z,2025-12-23T21:45:51.6124436Z,2025-12-17T19:00:00Z,4.9305572509765625,PUNTO_ROCIO,COGENERACION_PLC2
,,1,2025-12-16T21:45:51.6124436Z,2025-12-23T21:45:51.6124436Z,2025-12-17T19:30:00Z,5.567131042480469,PUNTO_ROCIO,COGENERACION_PLC2
,,1,2025-12-16T21:45:51.6124436Z,2025-12-23T21:45:51.6124436Z,2025-12-17T20:00:00Z,3.8310165405273438,PUNTO_ROCIO,COGENERACION_PLC2
,,1,2025-12-16T21:45:51.6124436Z,2025-12-23T21:45:51.6124436Z,2025-12-17T20:30:00Z,4.699073791503906,PUNTO_ROCIO,COGENERACION_PLC2
,,1,2025-12-16T21:45:51.6124436Z,2025-12-23T21:45:51.6124436Z,2025-12-17T21:00:00Z,5.509254455566406,PUNTO_ROCIO,COGENERACION_PLC2
,,1,2025-12-16T21:45:51.6124436Z,2025-12-23T21:45:51.6124436Z,2025-12-17T21:30:00Z,5.6539306640625,PUNTO_ROCIO,COGENERACION_PLC2
,,1,2025-12-16T21:45:51.6124436Z,2025-12-23T21:45:51.6124436Z,2025-12-17T22:00:00Z,4.814811706542969,PUNTO_ROCIO,COGENERACION_PLC2
,,1,2025-12-16T21:45:51.6124436Z,2025-12-23T21:45:51.6124436Z,2025-12-17T22:30:00Z,4.583335876464844,PUNTO_ROCIO,COGENERACION_PLC2
,,1,2025-12-16T21:45:51.6124436Z,2025-12-23T21:45:51.6124436Z,2025-12-17T23:00:00Z,5.306709289550781,PUNTO_ROCIO,COGENERACION_PLC2
,,1,2025-12-16T21:45:51.6124436Z,2025-12-23T21:45:51.6124436Z,2025-12-17T23:30:00Z,5.277778625488281,PUNTO_ROCIO,COGENERACION_PLC2
,,1,2025-12-16T21:45:51.6124436Z,2025-12-23T21:45:51.6124436Z,2025-12-18T17:00:00Z,4.699073791503906,PUNTO_ROCIO,COGENERACION_PLC2
,,1,2025-12-16T21:45:51.6124436Z,2025-12-23T21:45:51.6124436Z,2025-12-18T17:30:00Z,5.017356872558594,PUNTO_ROCIO,COGENERACION_PLC2
,,1,2025-12-16T21:45:51.6124436Z,2025-12-23T21:45:51.6124436Z,2025-12-18T18:00:00Z,4.785881042480469,PUNTO_ROCIO,COGENERACION_PLC2
,,1,2025-12-16T21:45:51.6124436Z,2025-12-23T21:45:51.6124436Z,2025-12-18T18:30:00Z,4.236106872558594,PUNTO_ROCIO,COGENERACION_PLC2
,,1,2025-12-16T21:45:51.6124436Z,2025-12-23T21:45:51.6124436Z,2025-12-18T19:00:00Z,4.814811706542969,PUNTO_ROCIO,COGENERACION_PLC2
,,1,2025-12-16T21:45:51.6124436Z,2025-12-23T21:45:51.6124436Z,2025-12-18T19:30:00Z,3.1944427490234375,PUNTO_ROCIO,COGENERACION_PLC2
,,1,2025-12-16T21:45:51.6124436Z,2025-12-23T21:45:51.6124436Z,2025-12-18T20:00:00Z,4.409721374511719,PUNTO_ROCIO,COGENERACION_PLC2
,,1,2025-12-16T21:45:51.6124436Z,2025-12-23T21:45:51.6124436Z,2025-12-18T20:30:00Z,4.207176208496094,PUNTO_ROCIO,COGENERACION_PLC2
,,1,2025-12-16T21:45:51.6124436Z,2025-12-23T21:45:51.6124436Z,2025-12-18T21:00:00Z,4.9305572509765625,PUNTO_ROCIO,COGENERACION_PLC2
,,1,2025-12-16T21:45:51.6124436Z,2025-12-23T21:45:51.6124436Z,2025-12-18T21:30:00Z,4.84375,PUNTO_ROCIO,COGENERACION_PLC2
,,1,2025-12-16T21:45:51.6124436Z,2025-12-23T21:45:51.6124436Z,2025-12-18T22:00:00Z,3.2523155212402344,PUNTO_ROCIO,COGENERACION_PLC2
,,1,2025-12-16T21:45:51.6124436Z,2025-12-23T21:45:51.6124436Z,2025-12-18T22:30:00Z,4.9594879150390625,PUNTO_ROCIO,COGENERACION_PLC2
,,1,2025-12-16T21:45:51.6124436Z,2025-12-23T21:45:51.6124436Z,2025-12-18T23:00:00Z,4.641204833984375,PUNTO_ROCIO,COGENERACION_PLC2
,,1,2025-12-16T21:45:51.6124436Z,2025-12-23T21:45:51.6124436Z,2025-12-18T23:30:00Z,4.5543975830078125,PUNTO_ROCIO,COGENERACION_PLC2
,,1,2025-12-16T21:45:51.6124436Z,2025-12-23T21:45:51.6124436Z,2025-12-19T00:00:00Z,7.042823791503906,PUNTO_ROCIO,COGENERACION_PLC2
,,1,2025-12-16T21:45:51.6124436Z,2025-12-23T21:45:51.6124436Z,2025-12-19T00:30:00Z,7.390045166015625,PUNTO_ROCIO,COGENERACION_PLC2
,,1,2025-12-16T21:45:51.6124436Z,2025-12-23T21:45:51.6124436Z,2025-12-19T01:00:00Z,6.579856872558594,PUNTO_ROCIO,COGENERACION_PLC2
,,1,2025-12-16T21:45:51.6124436Z,2025-12-23T21:45:51.6124436Z,2025-12-19T01:30:00Z,8.200233459472656,PUNTO_ROCIO,COGENERACION_PLC2
,,1,2025-12-16T21:45:51.6124436Z,2025-12-23T21:45:51.6124436Z,2025-12-19T02:00:00Z,8.576385498046875,PUNTO_ROCIO,COGENERACION_PLC2
,,1,2025-12-16T21:45:51.6124436Z,2025-12-23T21:45:51.6124436Z,2025-12-19T02:30:00Z,7.6793975830078125,PUNTO_ROCIO,COGENERACION_PLC2
,,1,2025-12-16T21:45:51.6124436Z,2025-12-23T21:45:51.6124436Z,2025-12-19T03:00:00Z,7.824073791503906,PUNTO_ROCIO,COGENERACION_PLC2
,,1,2025-12-16T21:45:51.6124436Z,2025-12-23T21:45:51.6124436Z,2025-12-19T03:30:00Z,7.8819427490234375,PUNTO_ROCIO,COGENERACION_PLC2
,,1,2025-12-16T21:45:51.6124436Z,2025-12-23T21:45:51.6124436Z,2025-12-19T04:00:00Z,7.534721374511719,PUNTO_ROCIO,COGENERACION_PLC2
,,1,2025-12-16T21:45:51.6124436Z,2025-12-23T21:45:51.6124436Z,2025-12-19T04:30:00Z,8.200233459472656,PUNTO_ROCIO,COGENERACION_PLC2
,,1,2025-12-16T21:45:51.6124436Z,2025-12-23T21:45:51.6124436Z,2025-12-19T05:00:00Z,8.055557250976562,PUNTO_ROCIO,COGENERACION_PLC2
,,1,2025-12-16T21:45:51.6124436Z,2025-12-23T21:45:51.6124436Z,2025-12-19T05:30:00Z,7.56365966796875,PUNTO_ROCIO,COGENERACION_PLC2
,,1,2025-12-16T21:45:51.6124436Z,2025-12-23T21:45:51.6124436Z,2025-12-19T06:00:00Z,7.332176208496094,PUNTO_ROCIO,COGENERACION_PLC2
,,1,2025-12-16T21:45:51.6124436Z,2025-12-23T21:45:51.6124436Z,2025-12-19T06:30:00Z,8.258102416992188,PUNTO_ROCIO,COGENERACION_PLC2
,,1,2025-12-16T21:45:51.6124436Z,2025-12-23T21:45:51.6124436Z,2025-12-19T07:00:00Z,7.3032379150390625,PUNTO_ROCIO,COGENERACION_PLC2
,,1,2025-12-16T21:45:51.6124436Z,2025-12-23T21:45:51.6124436Z,2025-12-19T07:30:00Z,7.013885498046875,PUNTO_ROCIO,COGENERACION_PLC2
,,1,2025-12-16T21:45:51.6124436Z,2025-12-23T21:45:51.6124436Z,2025-12-19T08:00:00Z,5.596061706542969,PUNTO_ROCIO,COGENERACION_PLC2
,,1,2025-12-16T21:45:51.6124436Z,2025-12-23T21:45:51.6124436Z,2025-12-19T08:30:00Z,7.56365966796875,PUNTO_ROCIO,COGENERACION_PLC2
,,1,2025-12-16T21:45:51.6124436Z,2025-12-23T21:45:51.6124436Z,2025-12-19T09:00:00Z,7.332176208496094,PUNTO_ROCIO,COGENERACION_PLC2
,,1,2025-12-16T21:45:51.6124436Z,2025-12-23T21:45:51.6124436Z,2025-12-19T09:30:00Z,8.431709289550781,PUNTO_ROCIO,COGENERACION_PLC2
,,1,2025-12-16T21:45:51.6124436Z,2025-12-23T21:45:51.6124436Z,2025-12-19T10:00:00Z,7.4768524169921875,PUNTO_ROCIO,COGENERACION_PLC2
,,1,2025-12-16T21:45:51.6124436Z,2025-12-23T21:45:51.6124436Z,2025-12-19T10:30:00Z,8.431709289550781,PUNTO_ROCIO,COGENERACION_PLC2
,,1,2025-12-16T21:45:51.6124436Z,2025-12-23T21:45:51.6124436Z,2025-12-19T11:00:00Z,7.9976806640625,PUNTO_ROCIO,COGENERACION_PLC2
,,1,2025-12-16T21:45:51.6124436Z,2025-12-23T21:45:51.6124436Z,2025-12-19T11:30:00Z,7.824073791503906,PUNTO_ROCIO,COGENERACION_PLC2
,,1,2025-12-16T21:45:51.6124436Z,2025-12-23T21:45:51.6124436Z,2025-12-19T12:00:00Z,8.258102416992188,PUNTO_ROCIO,COGENERACION_PLC2
,,1,2025-12-16T21:45:51.6124436Z,2025-12-23T21:45:51.6124436Z,2025-12-19T12:30:00Z,4.120368957519531,PUNTO_ROCIO,COGENERACION_PLC2
,,1,2025-12-16T21:45:51.6124436Z,2025-12-23T21:45:51.6124436Z,2025-12-19T13:00:00Z,5.075233459472656,PUNTO_ROCIO,COGENERACION_PLC2
,,1,2025-12-16T21:45:51.6124436Z,2025-12-23T21:45:51.6124436Z,2025-12-19T13:30:00Z,4.43865966796875,PUNTO_ROCIO,COGENERACION_PLC2
,,1,2025-12-16T21:45:51.6124436Z,2025-12-23T21:45:51.6124436Z,2025-12-19T14:00:00Z,4.814811706542969,PUNTO_ROCIO,COGENERACION_PLC2
,,1,2025-12-16T21:45:51.6124436Z,2025-12-23T21:45:51.6124436Z,2025-12-19T14:30:00Z,4.3518524169921875,PUNTO_ROCIO,COGENERACION_PLC2
,,1,2025-12-16T21:45:51.6124436Z,2025-12-23T21:45:51.6124436Z,2025-12-19T15:00:00Z,4.409721374511719,PUNTO_ROCIO,COGENERACION_PLC2
,,1,2025-12-16T21:45:51.6124436Z,2025-12-23T21:45:51.6124436Z,2025-12-19T15:30:00Z,4.207176208496094,PUNTO_ROCIO,COGENERACION_PLC2
,,1,2025-12-16T21:45:51.6124436Z,2025-12-23T21:45:51.6124436Z,2025-12-19T16:00:00Z,4.3807830810546875,PUNTO_ROCIO,COGENERACION_PLC2
,,1,2025-12-16T21:45:51.6124436Z,2025-12-23T21:45:51.6124436Z,2025-12-19T16:30:00Z,4.120368957519531,PUNTO_ROCIO,COGENERACION_PLC2
,,1,2025-12-16T21:45:51.6124436Z,2025-12-23T21:45:51.6124436Z,2025-12-19T17:00:00Z,4.3518524169921875,PUNTO_ROCIO,COGENERACION_PLC2
,,1,2025-12-16T21:45:51.6124436Z,2025-12-23T21:45:51.6124436Z,2025-12-19T17:30:00Z,4.0914306640625,PUNTO_ROCIO,COGENERACION_PLC2
,,1,2025-12-16T21:45:51.6124436Z,2025-12-23T21:45:51.6124436Z,2025-12-19T18:00:00Z,3.5706024169921875,PUNTO_ROCIO,COGENERACION_PLC2
,,1,2025-12-16T21:45:51.6124436Z,2025-12-23T21:45:51.6124436Z,2025-12-19T18:30:00Z,3.946758270263672,PUNTO_ROCIO,COGENERACION_PLC2
,,1,2025-12-16T21:45:51.6124436Z,2025-12-23T21:45:51.6124436Z,2025-12-19T19:00:00Z,4.3518524169921875,PUNTO_ROCIO,COGENERACION_PLC2
,,1,2025-12-16T21:45:51.6124436Z,2025-12-23T21:45:51.6124436Z,2025-12-19T19:30:00Z,4.207176208496094,PUNTO_ROCIO,COGENERACION_PLC2
,,1,2025-12-16T21:45:51.6124436Z,2025-12-23T21:45:51.6124436Z,2025-12-19T20:00:00Z,3.8599510192871094,PUNTO_ROCIO,COGENERACION_PLC2
,,1,2025-12-16T21:45:51.6124436Z,2025-12-23T21:45:51.6124436Z,2025-12-19T20:30:00Z,4.409721374511719,PUNTO_ROCIO,COGENERACION_PLC2
,,1,2025-12-16T21:45:51.6124436Z,2025-12-23T21:45:51.6124436Z,2025-12-19T21:00:00Z,3.483795166015625,PUNTO_ROCIO,COGENERACION_PLC2
,,1,2025-12-16T21:45:51.6124436Z,2025-12-23T21:45:51.6124436Z,2025-12-19T21:30:00Z,3.9756927490234375,PUNTO_ROCIO,COGENERACION_PLC2
,,1,2025-12-16T21:45:51.6124436Z,2025-12-23T21:45:51.6124436Z,2025-12-19T22:00:00Z,3.368053436279297,PUNTO_ROCIO,COGENERACION_PLC2
,,1,2025-12-16T21:45:51.6124436Z,2025-12-23T21:45:51.6124436Z,2025-12-19T22:30:00Z,4.0914306640625,PUNTO_ROCIO,COGENERACION_PLC2
,,1,2025-12-16T21:45:51.6124436Z,2025-12-23T21:45:51.6124436Z,2025-12-19T23:00:00Z,4.004631042480469,PUNTO_ROCIO,COGENERACION_PLC2
,,1,2025-12-16T21:45:51.6124436Z,2025-12-23T21:45:51.6124436Z,2025-12-19T23:30:00Z,4.120368957519531,PUNTO_ROCIO,COGENERACION_PLC2
,,1,2025-12-16T21:45:51.6124436Z,2025-12-23T21:45:51.6124436Z,2025-12-20T00:00:00Z,4.525459289550781,PUNTO_ROCIO,COGENERACION_PLC2
,,1,2025-12-16T21:45:51.6124436Z,2025-12-23T21:45:51.6124436Z,2025-12-20T00:30:00Z,3.0787010192871094,PUNTO_ROCIO,COGENERACION_PLC2
,,1,2025-12-16T21:45:51.6124436Z,2025-12-23T21:45:51.6124436Z,2025-12-20T01:00:00Z,2.181713104248047,PUNTO_ROCIO,COGENERACION_PLC2
,,1,2025-12-16T21:45:51.6124436Z,2025-12-23T21:45:51.6124436Z,2025-12-20T01:30:00Z,2.4710655212402344,PUNTO_ROCIO,COGENERACION_PLC2
,,1,2025-12-16T21:45:51.6124436Z,2025-12-23T21:45:51.6124436Z,2025-12-20T02:00:00Z,5.798606872558594,PUNTO_ROCIO,COGENERACION_PLC2
,,1,2025-12-16T21:45:51.6124436Z,2025-12-23T21:45:51.6124436Z,2025-12-20T02:30:00Z,5.567131042480469,PUNTO_ROCIO,COGENERACION_PLC2
,,1,2025-12-16T21:45:51.6124436Z,2025-12-23T21:45:51.6124436Z,2025-12-20T03:00:00Z,5.885414123535156,PUNTO_ROCIO,COGENERACION_PLC2
,,1,2025-12-16T21:45:51.6124436Z,2025-12-23T21:45:51.6124436Z,2025-12-20T03:30:00Z,7.59259033203125,PUNTO_ROCIO,COGENERACION_PLC2
,,1,2025-12-16T21:45:51.6124436Z,2025-12-23T21:45:51.6124436Z,2025-12-20T04:00:00Z,4.988426208496094,PUNTO_ROCIO,COGENERACION_PLC2
,,1,2025-12-16T21:45:51.6124436Z,2025-12-23T21:45:51.6124436Z,2025-12-20T04:30:00Z,4.8726806640625,PUNTO_ROCIO,COGENERACION_PLC2
,,1,2025-12-16T21:45:51.6124436Z,2025-12-23T21:45:51.6124436Z,2025-12-20T05:00:00Z,4.5543975830078125,PUNTO_ROCIO,COGENERACION_PLC2
,,1,2025-12-16T21:45:51.6124436Z,2025-12-23T21:45:51.6124436Z,2025-12-20T05:30:00Z,4.84375,PUNTO_ROCIO,COGENERACION_PLC2
,,1,2025-12-16T21:45:51.6124436Z,2025-12-23T21:45:51.6124436Z,2025-12-20T06:00:00Z,4.525459289550781,PUNTO_ROCIO,COGENERACION_PLC2
,,1,2025-12-16T21:45:51.6124436Z,2025-12-23T21:45:51.6124436Z,2025-12-20T06:30:00Z,5.5381927490234375,PUNTO_ROCIO,COGENERACION_PLC2
,,1,2025-12-16T21:45:51.6124436Z,2025-12-23T21:45:51.6124436Z,2025-12-20T07:00:00Z,4.0625,PUNTO_ROCIO,COGENERACION_PLC2
,,1,2025-12-16T21:45:51.6124436Z,2025-12-23T21:45:51.6124436Z,2025-12-20T07:30:00Z,5.104164123535156,PUNTO_ROCIO,COGENERACION_PLC2
,,1,2025-12-16T21:45:51.6124436Z,2025-12-23T21:45:51.6124436Z,2025-12-20T08:00:00Z,4.5543975830078125,PUNTO_ROCIO,COGENERACION_PLC2
,,1,2025-12-16T21:45:51.6124436Z,2025-12-23T21:45:51.6124436Z,2025-12-20T08:30:00Z,7.013885498046875,PUNTO_ROCIO,COGENERACION_PLC2
,,1,2025-12-16T21:45:51.6124436Z,2025-12-23T21:45:51.6124436Z,2025-12-20T09:00:00Z,7.245368957519531,PUNTO_ROCIO,COGENERACION_PLC2
,,1,2025-12-16T21:45:51.6124436Z,2025-12-23T21:45:51.6124436Z,2025-12-20T09:30:00Z,6.984954833984375,PUNTO_ROCIO,COGENERACION_PLC2
,,1,2025-12-16T21:45:51.6124436Z,2025-12-23T21:45:51.6124436Z,2025-12-20T10:00:00Z,7.390045166015625,PUNTO_ROCIO,COGENERACION_PLC2
,,1,2025-12-16T21:45:51.6124436Z,2025-12-23T21:45:51.6124436Z,2025-12-20T10:30:00Z,7.534721374511719,PUNTO_ROCIO,COGENERACION_PLC2
,,1,2025-12-16T21:45:51.6124436Z,2025-12-23T21:45:51.6124436Z,2025-12-20T11:00:00Z,6.377311706542969,PUNTO_ROCIO,COGENERACION_PLC2
,,1,2025-12-16T21:45:51.6124436Z,2025-12-23T21:45:51.6124436Z,2025-12-20T11:30:00Z,6.174766540527344,PUNTO_ROCIO,COGENERACION_PLC2
,,1,2025-12-16T21:45:51.6124436Z,2025-12-23T21:45:51.6124436Z,2025-12-20T12:00:00Z,6.753471374511719,PUNTO_ROCIO,COGENERACION_PLC2
,,1,2025-12-16T21:45:51.6124436Z,2025-12-23T21:45:51.6124436Z,2025-12-20T12:30:00Z,6.8981475830078125,PUNTO_ROCIO,COGENERACION_PLC2
,,1,2025-12-16T21:45:51.6124436Z,2025-12-23T21:45:51.6124436Z,2025-12-20T13:00:00Z,6.03009033203125,PUNTO_ROCIO,COGENERACION_PLC2
,,1,2025-12-16T21:45:51.6124436Z,2025-12-23T21:45:51.6124436Z,2025-12-20T13:30:00Z,6.00115966796875,PUNTO_ROCIO,COGENERACION_PLC2
,,1,2025-12-16T21:45:51.6124436Z,2025-12-23T21:45:51.6124436Z,2025-12-20T14:00:00Z,3.9756927490234375,PUNTO_ROCIO,COGENERACION_PLC2
,,1,2025-12-16T21:45:51.6124436Z,2025-12-23T21:45:51.6124436Z,2025-12-20T14:30:00Z,4.120368957519531,PUNTO_ROCIO,COGENERACION_PLC2
,,1,2025-12-16T21:45:51.6124436Z,2025-12-23T21:45:51.6124436Z,2025-12-20T15:00:00Z,4.120368957519531,PUNTO_ROCIO,COGENERACION_PLC2
,,1,2025-12-16T21:45:51.6124436Z,2025-12-23T21:45:51.6124436Z,2025-12-20T15:30:00Z,3.946758270263672,PUNTO_ROCIO,COGENERACION_PLC2
,,1,2025-12-16T21:45:51.6124436Z,2025-12-23T21:45:51.6124436Z,2025-12-20T16:00:00Z,4.0625,PUNTO_ROCIO,COGENERACION_PLC2
,,1,2025-12-16T21:45:51.6124436Z,2025-12-23T21:45:51.6124436Z,2025-12-20T16:30:00Z,4.3807830810546875,PUNTO_ROCIO,COGENERACION_PLC2
,,1,2025-12-16T21:45:51.6124436Z,2025-12-23T21:45:51.6124436Z,2025-12-20T17:00:00Z,3.5706024169921875,PUNTO_ROCIO,COGENERACION_PLC2
,,1,2025-12-16T21:45:51.6124436Z,2025-12-23T21:45:51.6124436Z,2025-12-20T17:30:00Z,3.6574058532714844,PUNTO_ROCIO,COGENERACION_PLC2
,,1,2025-12-16T21:45:51.6124436Z,2025-12-23T21:45:51.6124436Z,2025-12-20T18:00:00Z,4.84375,PUNTO_ROCIO,COGENERACION_PLC2
,,1,2025-12-16T21:45:51.6124436Z,2025-12-23T21:45:51.6124436Z,2025-12-20T18:30:00Z,3.68634033203125,PUNTO_ROCIO,COGENERACION_PLC2
,,1,2025-12-16T21:45:51.6124436Z,2025-12-23T21:45:51.6124436Z,2025-12-20T19:00:00Z,3.368053436279297,PUNTO_ROCIO,COGENERACION_PLC2
,,1,2025-12-16T21:45:51.6124436Z,2025-12-23T21:45:51.6124436Z,2025-12-20T19:30:00Z,3.946758270263672,PUNTO_ROCIO,COGENERACION_PLC2
,,1,2025-12-16T21:45:51.6124436Z,2025-12-23T21:45:51.6124436Z,2025-12-20T20:00:00Z,3.8599510192871094,PUNTO_ROCIO,COGENERACION_PLC2
,,1,2025-12-16T21:45:51.6124436Z,2025-12-23T21:45:51.6124436Z,2025-12-20T20:30:00Z,4.8726806640625,PUNTO_ROCIO,COGENERACION_PLC2
,,1,2025-12-16T21:45:51.6124436Z,2025-12-23T21:45:51.6124436Z,2025-12-20T21:00:00Z,4.236106872558594,PUNTO_ROCIO,COGENERACION_PLC2
,,1,2025-12-16T21:45:51.6124436Z,2025-12-23T21:45:51.6124436Z,2025-12-20T21:30:00Z,3.9178237915039062,PUNTO_ROCIO,COGENERACION_PLC2
,,1,2025-12-16T21:45:51.6124436Z,2025-12-23T21:45:51.6124436Z,2025-12-20T22:00:00Z,4.670135498046875,PUNTO_ROCIO,COGENERACION_PLC2
,,1,2025-12-16T21:45:51.6124436Z,2025-12-23T21:45:51.6124436Z,2025-12-20T22:30:00Z,3.9756927490234375,PUNTO_ROCIO,COGENERACION_PLC2
,,1,2025-12-16T21:45:51.6124436Z,2025-12-23T21:45:51.6124436Z,2025-12-20T23:00:00Z,4.496528625488281,PUNTO_ROCIO,COGENERACION_PLC2
,,1,2025-12-16T21:45:51.6124436Z,2025-12-23T21:45:51.6124436Z,2025-12-20T23:30:00Z,4.988426208496094,PUNTO_ROCIO,COGENERACION_PLC2
,,1,2025-12-16T21:45:51.6124436Z,2025-12-23T21:45:51.6124436Z,2025-12-21T00:00:00Z,4.785881042480469,PUNTO_ROCIO,COGENERACION_PLC2
,,1,2025-12-16T21:45:51.6124436Z,2025-12-23T21:45:51.6124436Z,2025-12-21T00:30:00Z,5.1331024169921875,PUNTO_ROCIO,COGENERACION_PLC2
,,1,2025-12-16T21:45:51.6124436Z,2025-12-23T21:45:51.6124436Z,2025-12-21T01:00:00Z,5.075233459472656,PUNTO_ROCIO,COGENERACION_PLC2
,,1,2025-12-16T21:45:51.6124436Z,2025-12-23T21:45:51.6124436Z,2025-12-21T01:30:00Z,4.3518524169921875,PUNTO_ROCIO,COGENERACION_PLC2
,,1,2025-12-16T21:45:51.6124436Z,2025-12-23T21:45:51.6124436Z,2025-12-21T02:00:00Z,5.422454833984375,PUNTO_ROCIO,COGENERACION_PLC2
,,1,2025-12-16T21:45:51.6124436Z,2025-12-23T21:45:51.6124436Z,2025-12-21T02:30:00Z,5.075233459472656,PUNTO_ROCIO,COGENERACION_PLC2
,,1,2025-12-16T21:45:51.6124436Z,2025-12-23T21:45:51.6124436Z,2025-12-21T03:00:00Z,6.03009033203125,PUNTO_ROCIO,COGENERACION_PLC2
,,1,2025-12-16T21:45:51.6124436Z,2025-12-23T21:45:51.6124436Z,2025-12-21T03:30:00Z,5.509254455566406,PUNTO_ROCIO,COGENERACION_PLC2
,,1,2025-12-16T21:45:51.6124436Z,2025-12-23T21:45:51.6124436Z,2025-12-21T04:00:00Z,6.1168975830078125,PUNTO_ROCIO,COGENERACION_PLC2
,,1,2025-12-16T21:45:51.6124436Z,2025-12-23T21:45:51.6124436Z,2025-12-21T04:30:00Z,6.4351806640625,PUNTO_ROCIO,COGENERACION_PLC2
,,1,2025-12-16T21:45:51.6124436Z,2025-12-23T21:45:51.6124436Z,2025-12-21T05:00:00Z,7.332176208496094,PUNTO_ROCIO,COGENERACION_PLC2
,,1,2025-12-16T21:45:51.6124436Z,2025-12-23T21:45:51.6124436Z,2025-12-21T05:30:00Z,13.553237915039062,PUNTO_ROCIO,COGENERACION_PLC2
,,1,2025-12-16T21:45:51.6124436Z,2025-12-23T21:45:51.6124436Z,2025-12-21T06:00:00Z,1.8055534362792969,PUNTO_ROCIO,COGENERACION_PLC2
,,1,2025-12-16T21:45:51.6124436Z,2025-12-23T21:45:51.6124436Z,2025-12-21T06:30:00Z,1.8344879150390625,PUNTO_ROCIO,COGENERACION_PLC2
,,1,2025-12-16T21:45:51.6124436Z,2025-12-23T21:45:51.6124436Z,2025-12-21T07:00:00Z,-2.2743072509765625,PUNTO_ROCIO,COGENERACION_PLC2
,,1,2025-12-16T21:45:51.6124436Z,2025-12-23T21:45:51.6124436Z,2025-12-21T07:30:00Z,1.6319427490234375,PUNTO_ROCIO,COGENERACION_PLC2
,,1,2025-12-16T21:45:51.6124436Z,2025-12-23T21:45:51.6124436Z,2025-12-21T08:00:00Z,-0.19097137451171875,PUNTO_ROCIO,COGENERACION_PLC2
,,1,2025-12-16T21:45:51.6124436Z,2025-12-23T21:45:51.6124436Z,2025-12-21T08:30:00Z,8.460647583007812,PUNTO_ROCIO,COGENERACION_PLC2
,,1,2025-12-16T21:45:51.6124436Z,2025-12-23T21:45:51.6124436Z,2025-12-21T09:00:00Z,6.174766540527344,PUNTO_ROCIO,COGENERACION_PLC2
,,1,2025-12-16T21:45:51.6124436Z,2025-12-23T21:45:51.6124436Z,2025-12-21T09:30:00Z,9.328704833984375,PUNTO_ROCIO,COGENERACION_PLC2
,,1,2025-12-16T21:45:51.6124436Z,2025-12-23T21:45:51.6124436Z,2025-12-21T10:00:00Z,6.8981475830078125,PUNTO_ROCIO,COGENERACION_PLC2
,,1,2025-12-16T21:45:51.6124436Z,2025-12-23T21:45:51.6124436Z,2025-12-21T10:30:00Z,6.174766540527344,PUNTO_ROCIO,COGENERACION_PLC2
,,1,2025-12-16T21:45:51.6124436Z,2025-12-23T21:45:51.6124436Z,2025-12-21T11:00:00Z,9.473381042480469,PUNTO_ROCIO,COGENERACION_PLC2
,,1,2025-12-16T21:45:51.6124436Z,2025-12-23T21:45:51.6124436Z,2025-12-21T11:30:00Z,7.245368957519531,PUNTO_ROCIO,COGENERACION_PLC2
,,1,2025-12-16T21:45:51.6124436Z,2025-12-23T21:45:51.6124436Z,2025-12-21T12:00:00Z,8.692131042480469,PUNTO_ROCIO,COGENERACION_PLC2
,,1,2025-12-16T21:45:51.6124436Z,2025-12-23T21:45:51.6124436Z,2025-12-21T12:30:00Z,12.453704833984375,PUNTO_ROCIO,COGENERACION_PLC2
,,1,2025-12-16T21:45:51.6124436Z,2025-12-23T21:45:51.6124436Z,2025-12-21T13:00:00Z,11.527778625488281,PUNTO_ROCIO,COGENERACION_PLC2
,,1,2025-12-16T21:45:51.6124436Z,2025-12-23T21:45:51.6124436Z,2025-12-21T13:30:00Z,5.856483459472656,PUNTO_ROCIO,COGENERACION_PLC2
,,1,2025-12-16T21:45:51.6124436Z,2025-12-23T21:45:51.6124436Z,2025-12-21T14:00:00Z,2.12384033203125,PUNTO_ROCIO,COGENERACION_PLC2
,,1,2025-12-16T21:45:51.6124436Z,2025-12-23T21:45:51.6124436Z,2025-12-21T14:30:00Z,2.239582061767578,PUNTO_ROCIO,COGENERACION_PLC2
,,1,2025-12-16T21:45:51.6124436Z,2025-12-23T21:45:51.6124436Z,2025-12-21T15:00:00Z,2.3263893127441406,PUNTO_ROCIO,COGENERACION_PLC2
,,1,2025-12-16T21:45:51.6124436Z,2025-12-23T21:45:51.6124436Z,2025-12-21T15:30:00Z,8.721061706542969,PUNTO_ROCIO,COGENERACION_PLC2
,,1,2025-12-16T21:45:51.6124436Z,2025-12-23T21:45:51.6124436Z,2025-12-21T16:00:00Z,8.460647583007812,PUNTO_ROCIO,COGENERACION_PLC2
,,1,2025-12-16T21:45:51.6124436Z,2025-12-23T21:45:51.6124436Z,2025-12-21T16:30:00Z,8.431709289550781,PUNTO_ROCIO,COGENERACION_PLC2
,,1,2025-12-16T21:45:51.6124436Z,2025-12-23T21:45:51.6124436Z,2025-12-21T17:00:00Z,8.75,PUNTO_ROCIO,COGENERACION_PLC2
,,1,2025-12-16T21:45:51.6124436Z,2025-12-23T21:45:51.6124436Z,2025-12-21T17:30:00Z,8.634254455566406,PUNTO_ROCIO,COGENERACION_PLC2
,,1,2025-12-16T21:45:51.6124436Z,2025-12-23T21:45:51.6124436Z,2025-12-21T18:00:00Z,8.489585876464844,PUNTO_ROCIO,COGENERACION_PLC2
,,1,2025-12-16T21:45:51.6124436Z,2025-12-23T21:45:51.6124436Z,2025-12-21T18:30:00Z,8.431709289550781,PUNTO_ROCIO,COGENERACION_PLC2
,,1,2025-12-16T21:45:51.6124436Z,2025-12-23T21:45:51.6124436Z,2025-12-21T19:00:00Z,3.1365737915039062,PUNTO_ROCIO,COGENERACION_PLC2
,,1,2025-12-16T21:45:51.6124436Z,2025-12-23T21:45:51.6124436Z,2025-12-21T19:30:00Z,0.01157379150390625,PUNTO_ROCIO,COGENERACION_PLC2
,,1,2025-12-16T21:45:51.6124436Z,2025-12-23T21:45:51.6124436Z,2025-12-21T20:00:00Z,7.447914123535156,PUNTO_ROCIO,COGENERACION_PLC2
,,1,2025-12-16T21:45:51.6124436Z,2025-12-23T21:45:51.6124436Z,2025-12-21T20:30:00Z,7.129631042480469,PUNTO_ROCIO,COGENERACION_PLC2
,,1,2025-12-16T21:45:51.6124436Z,2025-12-23T21:45:51.6124436Z,2025-12-21T21:00:00Z,6.5219879150390625,PUNTO_ROCIO,COGENERACION_PLC2
,,1,2025-12-16T21:45:51.6124436Z,2025-12-23T21:45:51.6124436Z,2025-12-21T21:30:00Z,5.21990966796875,PUNTO_ROCIO,COGENERACION_PLC2
,,1,2025-12-16T21:45:51.6124436Z,2025-12-23T21:45:51.6124436Z,2025-12-21T22:00:00Z,4.699073791503906,PUNTO_ROCIO,COGENERACION_PLC2
,,1,2025-12-16T21:45:51.6124436Z,2025-12-23T21:45:51.6124436Z,2025-12-21T22:30:00Z,4.728004455566406,PUNTO_ROCIO,COGENERACION_PLC2
,,1,2025-12-16T21:45:51.6124436Z,2025-12-23T21:45:51.6124436Z,2025-12-21T23:00:00Z,5.393516540527344,PUNTO_ROCIO,COGENERACION_PLC2
,,1,2025-12-16T21:45:51.6124436Z,2025-12-23T21:45:51.6124436Z,2025-12-21T23:30:00Z,5.393516540527344,PUNTO_ROCIO,COGENERACION_PLC2
,,1,2025-12-16T21:45:51.6124436Z,2025-12-23T21:45:51.6124436Z,2025-12-22T00:00:00Z,4.728004455566406,PUNTO_ROCIO,COGENERACION_PLC2
,,1,2025-12-16T21:45:51.6124436Z,2025-12-23T21:45:51.6124436Z,2025-12-22T00:30:00Z,5.24884033203125,PUNTO_ROCIO,COGENERACION_PLC2
,,1,2025-12-16T21:45:51.6124436Z,2025-12-23T21:45:51.6124436Z,2025-12-22T01:00:00Z,4.641204833984375,PUNTO_ROCIO,COGENERACION_PLC2
,,1,2025-12-16T21:45:51.6124436Z,2025-12-23T21:45:51.6124436Z,2025-12-22T01:30:00Z,5.856483459472656,PUNTO_ROCIO,COGENERACION_PLC2
,,1,2025-12-16T21:45:51.6124436Z,2025-12-23T21:45:51.6124436Z,2025-12-22T02:00:00Z,6.174766540527344,PUNTO_ROCIO,COGENERACION_PLC2
,,1,2025-12-16T21:45:51.6124436Z,2025-12-23T21:45:51.6124436Z,2025-12-22T02:30:00Z,7.129631042480469,PUNTO_ROCIO,COGENERACION_PLC2
,,1,2025-12-16T21:45:51.6124436Z,2025-12-23T21:45:51.6124436Z,2025-12-22T03:00:00Z,5.972221374511719,PUNTO_ROCIO,COGENERACION_PLC2
,,1,2025-12-16T21:45:51.6124436Z,2025-12-23T21:45:51.6124436Z,2025-12-22T03:30:00Z,5.7118072509765625,PUNTO_ROCIO,COGENERACION_PLC2
,,1,2025-12-16T21:45:51.6124436Z,2025-12-23T21:45:51.6124436Z,2025-12-22T04:00:00Z,5.509254455566406,PUNTO_ROCIO,COGENERACION_PLC2
,,1,2025-12-16T21:45:51.6124436Z,2025-12-23T21:45:51.6124436Z,2025-12-22T04:30:00Z,6.666664123535156,PUNTO_ROCIO,COGENERACION_PLC2
,,1,2025-12-16T21:45:51.6124436Z,2025-12-23T21:45:51.6124436Z,2025-12-22T05:00:00Z,5.5381927490234375,PUNTO_ROCIO,COGENERACION_PLC2
,,1,2025-12-16T21:45:51.6124436Z,2025-12-23T21:45:51.6124436Z,2025-12-22T05:30:00Z,5.364585876464844,PUNTO_ROCIO,COGENERACION_PLC2
,,1,2025-12-16T21:45:51.6124436Z,2025-12-23T21:45:51.6124436Z,2025-12-22T06:00:00Z,4.583335876464844,PUNTO_ROCIO,COGENERACION_PLC2
,,1,2025-12-16T21:45:51.6124436Z,2025-12-23T21:45:51.6124436Z,2025-12-22T06:30:00Z,4.5543975830078125,PUNTO_ROCIO,COGENERACION_PLC2
,,1,2025-12-16T21:45:51.6124436Z,2025-12-23T21:45:51.6124436Z,2025-12-22T07:00:00Z,4.496528625488281,PUNTO_ROCIO,COGENERACION_PLC2
,,1,2025-12-16T21:45:51.6124436Z,2025-12-23T21:45:51.6124436Z,2025-12-22T07:30:00Z,4.814811706542969,PUNTO_ROCIO,COGENERACION_PLC2
,,1,2025-12-16T21:45:51.6124436Z,2025-12-23T21:45:51.6124436Z,2025-12-22T08:00:00Z,4.785881042480469,PUNTO_ROCIO,COGENERACION_PLC2
,,1,2025-12-16T21:45:51.6124436Z,2025-12-23T21:45:51.6124436Z,2025-12-22T08:30:00Z,4.525459289550781,PUNTO_ROCIO,COGENERACION_PLC2
,,1,2025-12-16T21:45:51.6124436Z,2025-12-23T21:45:51.6124436Z,2025-12-22T09:00:00Z,4.583335876464844,PUNTO_ROCIO,COGENERACION_PLC2
,,1,2025-12-16T21:45:51.6124436Z,2025-12-23T21:45:51.6124436Z,2025-12-22T09:30:00Z,5.104164123535156,PUNTO_ROCIO,COGENERACION_PLC2
,,1,2025-12-16T21:45:51.6124436Z,2025-12-23T21:45:51.6124436Z,2025-12-22T10:00:00Z,4.814811706542969,PUNTO_ROCIO,COGENERACION_PLC2
,,1,2025-12-16T21:45:51.6124436Z,2025-12-23T21:45:51.6124436Z,2025-12-22T10:30:00Z,4.236106872558594,PUNTO_ROCIO,COGENERACION_PLC2
,,1,2025-12-16T21:45:51.6124436Z,2025-12-23T21:45:51.6124436Z,2025-12-22T11:00:00Z,3.946758270263672,PUNTO_ROCIO,COGENERACION_PLC2
,,1,2025-12-16T21:45:51.6124436Z,2025-12-23T21:45:51.6124436Z,2025-12-22T11:30:00Z,2.962963104248047,PUNTO_ROCIO,COGENERACION_PLC2
,,1,2025-12-16T21:45:51.6124436Z,2025-12-23T21:45:51.6124436Z,2025-12-22T12:00:00Z,0.01157379150390625,PUNTO_ROCIO,COGENERACION_PLC2
,,1,2025-12-16T21:45:51.6124436Z,2025-12-23T21:45:51.6124436Z,2025-12-22T12:30:00Z,1.4583320617675781,PUNTO_ROCIO,COGENERACION_PLC2
,,1,2025-12-16T21:45:51.6124436Z,2025-12-23T21:45:51.6124436Z,2025-12-22T13:00:00Z,2.239582061767578,PUNTO_ROCIO,COGENERACION_PLC2
,,1,2025-12-16T21:45:51.6124436Z,2025-12-23T21:45:51.6124436Z,2025-12-22T13:30:00Z,7.8819427490234375,PUNTO_ROCIO,COGENERACION_PLC2
,,1,2025-12-16T21:45:51.6124436Z,2025-12-23T21:45:51.6124436Z,2025-12-22T14:00:00Z,5.972221374511719,PUNTO_ROCIO,COGENERACION_PLC2
,,1,2025-12-16T21:45:51.6124436Z,2025-12-23T21:45:51.6124436Z,2025-12-22T14:30:00Z,2.8472213745117188,PUNTO_ROCIO,COGENERACION_PLC2
,,1,2025-12-16T21:45:51.6124436Z,2025-12-23T21:45:51.6124436Z,2025-12-22T15:00:00Z,1.8055534362792969,PUNTO_ROCIO,COGENERACION_PLC2
,,1,2025-12-16T21:45:51.6124436Z,2025-12-23T21:45:51.6124436Z,2025-12-22T15:30:00Z,9.270835876464844,PUNTO_ROCIO,COGENERACION_PLC2
,,1,2025-12-16T21:45:51.6124436Z,2025-12-23T21:45:51.6124436Z,2025-12-22T16:00:00Z,8.75,PUNTO_ROCIO,COGENERACION_PLC2
,,1,2025-12-16T21:45:51.6124436Z,2025-12-23T21:45:51.6124436Z,2025-12-22T16:30:00Z,8.287033081054688,PUNTO_ROCIO,COGENERACION_PLC2
,,1,2025-12-16T21:45:51.6124436Z,2025-12-23T21:45:51.6124436Z,2025-12-22T17:00:00Z,7.8819427490234375,PUNTO_ROCIO,COGENERACION_PLC2
,,1,2025-12-16T21:45:51.6124436Z,2025-12-23T21:45:51.6124436Z,2025-12-22T17:30:00Z,8.113426208496094,PUNTO_ROCIO,COGENERACION_PLC2
,,1,2025-12-16T21:45:51.6124436Z,2025-12-23T21:45:51.6124436Z,2025-12-22T18:00:00Z,8.34490966796875,PUNTO_ROCIO,COGENERACION_PLC2
,,1,2025-12-16T21:45:51.6124436Z,2025-12-23T21:45:51.6124436Z,2025-12-22T18:30:00Z,7.737266540527344,PUNTO_ROCIO,COGENERACION_PLC2
,,1,2025-12-16T21:45:51.6124436Z,2025-12-23T21:45:51.6124436Z,2025-12-22T19:00:00Z,8.315971374511719,PUNTO_ROCIO,COGENERACION_PLC2
,,1,2025-12-16T21:45:51.6124436Z,2025-12-23T21:45:51.6124436Z,2025-12-22T19:30:00Z,7.390045166015625,PUNTO_ROCIO,COGENERACION_PLC2
,,1,2025-12-16T21:45:51.6124436Z,2025-12-23T21:45:51.6124436Z,2025-12-22T20:00:00Z,7.1006927490234375,PUNTO_ROCIO,COGENERACION_PLC2
,,1,2025-12-16T21:45:51.6124436Z,2025-12-23T21:45:51.6124436Z,2025-12-22T20:30:00Z,7.96875,PUNTO_ROCIO,COGENERACION_PLC2
,,1,2025-12-16T21:45:51.6124436Z,2025-12-23T21:45:51.6124436Z,2025-12-22T21:00:00Z,7.390045166015625,PUNTO_ROCIO,COGENERACION_PLC2
,,1,2025-12-16T21:45:51.6124436Z,2025-12-23T21:45:51.6124436Z,2025-12-22T21:30:00Z,7.447914123535156,PUNTO_ROCIO,COGENERACION_PLC2
,,1,2025-12-16T21:45:51.6124436Z,2025-12-23T21:45:51.6124436Z,2025-12-22T22:00:00Z,8.402778625488281,PUNTO_ROCIO,COGENERACION_PLC2
,,1,2025-12-16T21:45:51.6124436Z,2025-12-23T21:45:51.6124436Z,2025-12-22T22:30:00Z,3.1944427490234375,PUNTO_ROCIO,COGENERACION_PLC2
,,1,2025-12-16T21:45:51.6124436Z,2025-12-23T21:45:51.6124436Z,2025-12-22T23:00:00Z,3.1076393127441406,PUNTO_ROCIO,COGENERACION_PLC2
,,1,2025-12-16T21:45:51.6124436Z,2025-12-23T21:45:51.6124436Z,2025-12-22T23:30:00Z,2.7604141235351562,PUNTO_ROCIO,COGENERACION_PLC2
,,1,2025-12-16T21:45:51.6124436Z,2025-12-23T21:45:51.6124436Z,2025-12-23T00:00:00Z,2.8472213745117188,PUNTO_ROCIO,COGENERACION_PLC2
,,1,2025-12-16T21:45:51.6124436Z,2025-12-23T21:45:51.6124436Z,2025-12-23T00:30:00Z,3.5416641235351562,PUNTO_ROCIO,COGENERACION_PLC2
,,1,2025-12-16T21:45:51.6124436Z,2025-12-23T21:45:51.6124436Z,2025-12-23T01:00:00Z,2.90509033203125,PUNTO_ROCIO,COGENERACION_PLC2
,,1,2025-12-16T21:45:51.6124436Z,2025-12-23T21:45:51.6124436Z,2025-12-23T01:30:00Z,3.28125,PUNTO_ROCIO,COGENERACION_PLC2
,,1,2025-12-16T21:45:51.6124436Z,2025-12-23T21:45:51.6124436Z,2025-12-23T02:00:00Z,2.90509033203125,PUNTO_ROCIO,COGENERACION_PLC2
,,1,2025-12-16T21:45:51.6124436Z,2025-12-23T21:45:51.6124436Z,2025-12-23T02:30:00Z,2.90509033203125,PUNTO_ROCIO,COGENERACION_PLC2
,,1,2025-12-16T21:45:51.6124436Z,2025-12-23T21:45:51.6124436Z,2025-12-23T03:00:00Z,3.483795166015625,PUNTO_ROCIO,COGENERACION_PLC2
,,1,2025-12-16T21:45:51.6124436Z,2025-12-23T21:45:51.6124436Z,2025-12-23T03:30:00Z,3.368053436279297,PUNTO_ROCIO,COGENERACION_PLC2
,,1,2025-12-16T21:45:51.6124436Z,2025-12-23T21:45:51.6124436Z,2025-12-23T04:00:00Z,4.0914306640625,PUNTO_ROCIO,COGENERACION_PLC2
,,1,2025-12-16T21:45:51.6124436Z,2025-12-23T21:45:51.6124436Z,2025-12-23T04:30:00Z,3.2523155212402344,PUNTO_ROCIO,COGENERACION_PLC2
,,1,2025-12-16T21:45:51.6124436Z,2025-12-23T21:45:51.6124436Z,2025-12-23T05:00:00Z,2.384258270263672,PUNTO_ROCIO,COGENERACION_PLC2
,,1,2025-12-16T21:45:51.6124436Z,2025-12-23T21:45:51.6124436Z,2025-12-23T05:30:00Z,4.236106872558594,PUNTO_ROCIO,COGENERACION_PLC2
,,1,2025-12-16T21:45:51.6124436Z,2025-12-23T21:45:51.6124436Z,2025-12-23T06:00:00Z,4.496528625488281,PUNTO_ROCIO,COGENERACION_PLC2
,,1,2025-12-16T21:45:51.6124436Z,2025-12-23T21:45:51.6124436Z,2025-12-23T06:30:00Z,4.1493072509765625,PUNTO_ROCIO,COGENERACION_PLC2
,,1,2025-12-16T21:45:51.6124436Z,2025-12-23T21:45:51.6124436Z,2025-12-23T07:00:00Z,5.1331024169921875,PUNTO_ROCIO,COGENERACION_PLC2
,,1,2025-12-16T21:45:51.6124436Z,2025-12-23T21:45:51.6124436Z,2025-12-23T07:30:00Z,4.207176208496094,PUNTO_ROCIO,COGENERACION_PLC2
,,1,2025-12-16T21:45:51.6124436Z,2025-12-23T21:45:51.6124436Z,2025-12-23T08:00:00Z,4.728004455566406,PUNTO_ROCIO,COGENERACION_PLC2
,,1,2025-12-16T21:45:51.6124436Z,2025-12-23T21:45:51.6124436Z,2025-12-23T08:30:00Z,4.3518524169921875,PUNTO_ROCIO,COGENERACION_PLC2
,,1,2025-12-16T21:45:51.6124436Z,2025-12-23T21:45:51.6124436Z,2025-12-23T09:00:00Z,4.785881042480469,PUNTO_ROCIO,COGENERACION_PLC2
,,1,2025-12-16T21:45:51.6124436Z,2025-12-23T21:45:51.6124436Z,2025-12-23T09:30:00Z,4.525459289550781,PUNTO_ROCIO,COGENERACION_PLC2
,,1,2025-12-16T21:45:51.6124436Z,2025-12-23T21:45:51.6124436Z,2025-12-23T10:00:00Z,4.988426208496094,PUNTO_ROCIO,COGENERACION_PLC2
,,1,2025-12-16T21:45:51.6124436Z,2025-12-23T21:45:51.6124436Z,2025-12-23T10:30:00Z,4.409721374511719,PUNTO_ROCIO,COGENERACION_PLC2
,,1,2025-12-16T21:45:51.6124436Z,2025-12-23T21:45:51.6124436Z,2025-12-23T11:00:00Z,4.293983459472656,PUNTO_ROCIO,COGENERACION_PLC2
,,1,2025-12-16T21:45:51.6124436Z,2025-12-23T21:45:51.6124436Z,2025-12-23T11:30:00Z,4.3518524169921875,PUNTO_ROCIO,COGENERACION_PLC2
,,1,2025-12-16T21:45:51.6124436Z,2025-12-23T21:45:51.6124436Z,2025-12-23T12:00:00Z,4.525459289550781,PUNTO_ROCIO,COGENERACION_PLC2
,,1,2025-12-16T21:45:51.6124436Z,2025-12-23T21:45:51.6124436Z,2025-12-23T12:30:00Z,5.393516540527344,PUNTO_ROCIO,COGENERACION_PLC2
,,1,2025-12-16T21:45:51.6124436Z,2025-12-23T21:45:51.6124436Z,2025-12-23T13:00:00Z,5.24884033203125,PUNTO_ROCIO,COGENERACION_PLC2
,,1,2025-12-16T21:45:51.6124436Z,2025-12-23T21:45:51.6124436Z,2025-12-23T13:30:00Z,4.583335876464844,PUNTO_ROCIO,COGENERACION_PLC2
,,1,2025-12-16T21:45:51.6124436Z,2025-12-23T21:45:51.6124436Z,2025-12-23T14:00:00Z,4.84375,PUNTO_ROCIO,COGENERACION_PLC2
,,1,2025-12-16T21:45:51.6124436Z,2025-12-23T21:45:51.6124436Z,2025-12-23T14:30:00Z,5.1620330810546875,PUNTO_ROCIO,COGENERACION_PLC2
,,1,2025-12-16T21:45:51.6124436Z,2025-12-23T21:45:51.6124436Z,2025-12-23T15:00:00Z,4.0625,PUNTO_ROCIO,COGENERACION_PLC2
,,1,2025-12-16T21:45:51.6124436Z,2025-12-23T21:45:51.6124436Z,2025-12-23T15:30:00Z,4.207176208496094,PUNTO_ROCIO,COGENERACION_PLC2
,,1,2025-12-16T21:45:51.6124436Z,2025-12-23T21:45:51.6124436Z,2025-12-23T16:00:00Z,4.641204833984375,PUNTO_ROCIO,COGENERACION_PLC2
,,1,2025-12-16T21:45:51.6124436Z,2025-12-23T21:45:51.6124436Z,2025-12-23T16:30:00Z,3.802082061767578,PUNTO_ROCIO,COGENERACION_PLC2
,,1,2025-12-16T21:45:51.6124436Z,2025-12-23T21:45:51.6124436Z,2025-12-23T17:00:00Z,4.84375,PUNTO_ROCIO,COGENERACION_PLC2
,,1,2025-12-16T21:45:51.6124436Z,2025-12-23T21:45:51.6124436Z,2025-12-23T17:30:00Z,4.525459289550781,PUNTO_ROCIO,COGENERACION_PLC2
,,1,2025-12-16T21:45:51.6124436Z,2025-12-23T21:45:51.6124436Z,2025-12-23T18:00:00Z,5.451385498046875,PUNTO_ROCIO,COGENERACION_PLC2
,,1,2025-12-16T21:45:51.6124436Z,2025-12-23T21:45:51.6124436Z,2025-12-23T18:30:00Z,4.641204833984375,PUNTO_ROCIO,COGENERACION_PLC2
,,1,2025-12-16T21:45:51.6124436Z,2025-12-23T21:45:51.6124436Z,2025-12-23T19:00:00Z,5.075233459472656,PUNTO_ROCIO,COGENERACION_PLC2
,,1,2025-12-16T21:45:51.6124436Z,2025-12-23T21:45:51.6124436Z,2025-12-23T19:30:00Z,5.306709289550781,PUNTO_ROCIO,COGENERACION_PLC2
,,1,2025-12-16T21:45:51.6124436Z,2025-12-23T21:45:51.6124436Z,2025-12-23T20:00:00Z,4.409721374511719,PUNTO_ROCIO,COGENERACION_PLC2
,,1,2025-12-16T21:45:51.6124436Z,2025-12-23T21:45:51.6124436Z,2025-12-23T20:30:00Z,5.24884033203125,PUNTO_ROCIO,COGENERACION_PLC2
,,1,2025-12-16T21:45:51.6124436Z,2025-12-23T21:45:51.6124436Z,2025-12-23T21:00:00Z,4.3807830810546875,PUNTO_ROCIO,COGENERACION_PLC2
,,1,2025-12-16T21:45:51.6124436Z,2025-12-23T21:45:51.6124436Z,2025-12-23T21:30:00Z,4.525459289550781,PUNTO_ROCIO,COGENERACION_PLC2
,,1,2025-12-16T21:45:51.6124436Z,2025-12-23T21:45:51.6124436Z,2025-12-23T21:45:51.6124436Z,5.364585876464844,PUNTO_ROCIO,COGENERACION_PLC2
,,2,2025-12-16T21:45:51.6124436Z,2025-12-23T21:45:51.6124436Z,2025-12-16T22:00:00Z,1852.7198486328125,FLUJO_INSTANTANEO_SCFM,PLC_REFRIGERACION_1
,,2,2025-12-16T21:45:51.6124436Z,2025-12-23T21:45:51.6124436Z,2025-12-16T22:30:00Z,1764.95947265625,FLUJO_INSTANTANEO_SCFM,PLC_REFRIGERACION_1
,,2,2025-12-16T21:45:51.6124436Z,2025-12-23T21:45:51.6124436Z,2025-12-16T23:00:00Z,1540.682861328125,FLUJO_INSTANTANEO_SCFM,PLC_REFRIGERACION_1
,,2,2025-12-16T21:45:51.6124436Z,2025-12-23T21:45:51.6124436Z,2025-12-16T23:30:00Z,3364.149169921875,FLUJO_INSTANTANEO_SCFM,PLC_REFRIGERACION_1
,,2,2025-12-16T21:45:51.6124436Z,2025-12-23T21:45:51.6124436Z,2025-12-17T00:00:00Z,1935.604736328125,FLUJO_INSTANTANEO_SCFM,PLC_REFRIGERACION_1
,,2,2025-12-16T21:45:51.6124436Z,2025-12-23T21:45:51.6124436Z,2025-12-17T00:30:00Z,3365.124267578125,FLUJO_INSTANTANEO_SCFM,PLC_REFRIGERACION_1
,,2,2025-12-16T21:45:51.6124436Z,2025-12-23T21:45:51.6124436Z,2025-12-17T01:00:00Z,3364.149169921875,FLUJO_INSTANTANEO_SCFM,PLC_REFRIGERACION_1
,,2,2025-12-16T21:45:51.6124436Z,2025-12-23T21:45:51.6124436Z,2025-12-17T01:30:00Z,3364.149169921875,FLUJO_INSTANTANEO_SCFM,PLC_REFRIGERACION_1
,,2,2025-12-16T21:45:51.6124436Z,2025-12-23T21:45:51.6124436Z,2025-12-17T02:00:00Z,3364.149169921875,FLUJO_INSTANTANEO_SCFM,PLC_REFRIGERACION_1
,,2,2025-12-16T21:45:51.6124436Z,2025-12-23T21:45:51.6124436Z,2025-12-17T02:30:00Z,3364.149169921875,FLUJO_INSTANTANEO_SCFM,PLC_REFRIGERACION_1
,,2,2025-12-16T21:45:51.6124436Z,2025-12-23T21:45:51.6124436Z,2025-12-17T03:00:00Z,3364.149169921875,FLUJO_INSTANTANEO_SCFM,PLC_REFRIGERACION_1
,,2,2025-12-16T21:45:51.6124436Z,2025-12-23T21:45:51.6124436Z,2025-12-17T03:30:00Z,3364.149169921875,FLUJO_INSTANTANEO_SCFM,PLC_REFRIGERACION_1
,,2,2025-12-16T21:45:51.6124436Z,2025-12-23T21:45:51.6124436Z,2025-12-17T04:00:00Z,1837.1180419921875,FLUJO_INSTANTANEO_SCFM,PLC_REFRIGERACION_1
,,2,2025-12-16T21:45:51.6124436Z,2025-12-23T21:45:51.6124436Z,2025-12-17T04:30:00Z,3335.870849609375,FLUJO_INSTANTANEO_SCFM,PLC_REFRIGERACION_1
,,2,2025-12-16T21:45:51.6124436Z,2025-12-23T21:45:51.6124436Z,2025-12-17T05:00:00Z,3364.149169921875,FLUJO_INSTANTANEO_SCFM,PLC_REFRIGERACION_1
,,2,2025-12-16T21:45:51.6124436Z,2025-12-23T21:45:51.6124436Z,2025-12-17T05:30:00Z,1939.505126953125,FLUJO_INSTANTANEO_SCFM,PLC_REFRIGERACION_1
,,2,2025-12-16T21:45:51.6124436Z,2025-12-23T21:45:51.6124436Z,2025-12-17T06:00:00Z,3364.149169921875,FLUJO_INSTANTANEO_SCFM,PLC_REFRIGERACION_1
,,2,2025-12-16T21:45:51.6124436Z,2025-12-23T21:45:51.6124436Z,2025-12-17T06:30:00Z,1648.920654296875,FLUJO_INSTANTANEO_SCFM,PLC_REFRIGERACION_1
,,2,2025-12-16T21:45:51.6124436Z,2025-12-23T21:45:51.6124436Z,2025-12-17T07:00:00Z,3364.149169921875,FLUJO_INSTANTANEO_SCFM,PLC_REFRIGERACION_1
,,2,2025-12-16T21:45:51.6124436Z,2025-12-23T21:45:51.6124436Z,2025-12-17T07:30:00Z,1885.873779296875,FLUJO_INSTANTANEO_SCFM,PLC_REFRIGERACION_1
,,2,2025-12-16T21:45:51.6124436Z,2025-12-23T21:45:51.6124436Z,2025-12-17T08:00:00Z,3364.149169921875,FLUJO_INSTANTANEO_SCFM,PLC_REFRIGERACION_1
,,2,2025-12-16T21:45:51.6124436Z,2025-12-23T21:45:51.6124436Z,2025-12-17T08:30:00Z,1871.2470703125,FLUJO_INSTANTANEO_SCFM,PLC_REFRIGERACION_1
,,2,2025-12-16T21:45:51.6124436Z,2025-12-23T21:45:51.6124436Z,2025-12-17T09:00:00Z,1727.905029296875,FLUJO_INSTANTANEO_SCFM,PLC_REFRIGERACION_1
,,2,2025-12-16T21:45:51.6124436Z,2025-12-23T21:45:51.6124436Z,2025-12-17T09:30:00Z,1755.208251953125,FLUJO_INSTANTANEO_SCFM,PLC_REFRIGERACION_1
,,2,2025-12-16T21:45:51.6124436Z,2025-12-23T21:45:51.6124436Z,2025-12-17T10:00:00Z,1713.2783203125,FLUJO_INSTANTANEO_SCFM,PLC_REFRIGERACION_1
,,2,2025-12-16T21:45:51.6124436Z,2025-12-23T21:45:51.6124436Z,2025-12-17T10:30:00Z,1810.7899169921875,FLUJO_INSTANTANEO_SCFM,PLC_REFRIGERACION_1
,,2,2025-12-16T21:45:51.6124436Z,2025-12-23T21:45:51.6124436Z,2025-12-17T11:00:00Z,1715.228515625,FLUJO_INSTANTANEO_SCFM,PLC_REFRIGERACION_1
,,2,2025-12-16T21:45:51.6124436Z,2025-12-23T21:45:51.6124436Z,2025-12-17T11:30:00Z,1698.651611328125,FLUJO_INSTANTANEO_SCFM,PLC_REFRIGERACION_1
,,2,2025-12-16T21:45:51.6124436Z,2025-12-23T21:45:51.6124436Z,2025-12-17T12:00:00Z,1507.5289306640625,FLUJO_INSTANTANEO_SCFM,PLC_REFRIGERACION_1
,,2,2025-12-16T21:45:51.6124436Z,2025-12-23T21:45:51.6124436Z,2025-12-17T12:30:00Z,3297.84130859375,FLUJO_INSTANTANEO_SCFM,PLC_REFRIGERACION_1
,,2,2025-12-16T21:45:51.6124436Z,2025-12-23T21:45:51.6124436Z,2025-12-17T13:00:00Z,1649.895751953125,FLUJO_INSTANTANEO_SCFM,PLC_REFRIGERACION_1
,,2,2025-12-16T21:45:51.6124436Z,2025-12-23T21:45:51.6124436Z,2025-12-17T13:30:00Z,1500.703125,FLUJO_INSTANTANEO_SCFM,PLC_REFRIGERACION_1
,,2,2025-12-16T21:45:51.6124436Z,2025-12-23T21:45:51.6124436Z,2025-12-17T14:00:00Z,2447.54052734375,FLUJO_INSTANTANEO_SCFM,PLC_REFRIGERACION_1
,,2,2025-12-16T21:45:51.6124436Z,2025-12-23T21:45:51.6124436Z,2025-12-17T14:30:00Z,3364.149169921875,FLUJO_INSTANTANEO_SCFM,PLC_REFRIGERACION_1
,,2,2025-12-16T21:45:51.6124436Z,2025-12-23T21:45:51.6124436Z,2025-12-17T15:00:00Z,3238.359375,FLUJO_INSTANTANEO_SCFM,PLC_REFRIGERACION_1
,,2,2025-12-16T21:45:51.6124436Z,2025-12-23T21:45:51.6124436Z,2025-12-17T15:30:00Z,3116.4697265625,FLUJO_INSTANTANEO_SCFM,PLC_REFRIGERACION_1
,,2,2025-12-16T21:45:51.6124436Z,2025-12-23T21:45:51.6124436Z,2025-12-17T16:00:00Z,3363.174072265625,FLUJO_INSTANTANEO_SCFM,PLC_REFRIGERACION_1
,,2,2025-12-16T21:45:51.6124436Z,2025-12-23T21:45:51.6124436Z,2025-12-17T16:30:00Z,1410.992431640625,FLUJO_INSTANTANEO_SCFM,PLC_REFRIGERACION_1
,,2,2025-12-16T21:45:51.6124436Z,2025-12-23T21:45:51.6124436Z,2025-12-17T17:00:00Z,1366.1370849609375,FLUJO_INSTANTANEO_SCFM,PLC_REFRIGERACION_1
,,2,2025-12-16T21:45:51.6124436Z,2025-12-23T21:45:51.6124436Z,2025-12-17T17:30:00Z,1445.1214599609375,FLUJO_INSTANTANEO_SCFM,PLC_REFRIGERACION_1
,,2,2025-12-16T21:45:51.6124436Z,2025-12-23T21:45:51.6124436Z,2025-12-17T18:00:00Z,1357.361083984375,FLUJO_INSTANTANEO_SCFM,PLC_REFRIGERACION_1
,,2,2025-12-16T21:45:51.6124436Z,2025-12-23T21:45:51.6124436Z,2025-12-17T18:30:00Z,1566.035888671875,FLUJO_INSTANTANEO_SCFM,PLC_REFRIGERACION_1
,,2,2025-12-16T21:45:51.6124436Z,2025-12-23T21:45:51.6124436Z,2025-12-17T19:00:00Z,3364.149169921875,FLUJO_INSTANTANEO_SCFM,PLC_REFRIGERACION_1
,,2,2025-12-16T21:45:51.6124436Z,2025-12-23T21:45:51.6124436Z,2025-12-17T19:30:00Z,3364.149169921875,FLUJO_INSTANTANEO_SCFM,PLC_REFRIGERACION_1
,,2,2025-12-16T21:45:51.6124436Z,2025-12-23T21:45:51.6124436Z,2025-12-17T20:00:00Z,3364.149169921875,FLUJO_INSTANTANEO_SCFM,PLC_REFRIGERACION_1
,,2,2025-12-16T21:45:51.6124436Z,2025-12-23T21:45:51.6124436Z,2025-12-17T20:30:00Z,3365.124267578125,FLUJO_INSTANTANEO_SCFM,PLC_REFRIGERACION_1
,,2,2025-12-16T21:45:51.6124436Z,2025-12-23T21:45:51.6124436Z,2025-12-17T21:00:00Z,1559.2100830078125,FLUJO_INSTANTANEO_SCFM,PLC_REFRIGERACION_1
,,2,2025-12-16T21:45:51.6124436Z,2025-12-23T21:45:51.6124436Z,2025-12-17T21:30:00Z,3365.124267578125,FLUJO_INSTANTANEO_SCFM,PLC_REFRIGERACION_1
,,2,2025-12-16T21:45:51.6124436Z,2025-12-23T21:45:51.6124436Z,2025-12-17T22:00:00Z,1634.2939453125,FLUJO_INSTANTANEO_SCFM,PLC_REFRIGERACION_1
,,2,2025-12-16T21:45:51.6124436Z,2025-12-23T21:45:51.6124436Z,2025-12-17T22:30:00Z,1561.1602783203125,FLUJO_INSTANTANEO_SCFM,PLC_REFRIGERACION_1
,,2,2025-12-16T21:45:51.6124436Z,2025-12-23T21:45:51.6124436Z,2025-12-17T23:00:00Z,1476.3251953125,FLUJO_INSTANTANEO_SCFM,PLC_REFRIGERACION_1
,,2,2025-12-16T21:45:51.6124436Z,2025-12-23T21:45:51.6124436Z,2025-12-17T23:30:00Z,1505.57861328125,FLUJO_INSTANTANEO_SCFM,PLC_REFRIGERACION_1
,,2,2025-12-16T21:45:51.6124436Z,2025-12-23T21:45:51.6124436Z,2025-12-18T17:00:00Z,1839.0682373046875,FLUJO_INSTANTANEO_SCFM,PLC_REFRIGERACION_1
,,2,2025-12-16T21:45:51.6124436Z,2025-12-23T21:45:51.6124436Z,2025-12-18T17:30:00Z,1793.23779296875,FLUJO_INSTANTANEO_SCFM,PLC_REFRIGERACION_1
,,2,2025-12-16T21:45:51.6124436Z,2025-12-23T21:45:51.6124436Z,2025-12-18T18:00:00Z,3364.149169921875,FLUJO_INSTANTANEO_SCFM,PLC_REFRIGERACION_1
,,2,2025-12-16T21:45:51.6124436Z,2025-12-23T21:45:51.6124436Z,2025-12-18T18:30:00Z,3363.174072265625,FLUJO_INSTANTANEO_SCFM,PLC_REFRIGERACION_1
,,2,2025-12-16T21:45:51.6124436Z,2025-12-23T21:45:51.6124436Z,2025-12-18T19:00:00Z,3364.149169921875,FLUJO_INSTANTANEO_SCFM,PLC_REFRIGERACION_1
,,2,2025-12-16T21:45:51.6124436Z,2025-12-23T21:45:51.6124436Z,2025-12-18T19:30:00Z,2441.689697265625,FLUJO_INSTANTANEO_SCFM,PLC_REFRIGERACION_1
,,2,2025-12-16T21:45:51.6124436Z,2025-12-23T21:45:51.6124436Z,2025-12-18T20:00:00Z,2097.473876953125,FLUJO_INSTANTANEO_SCFM,PLC_REFRIGERACION_1
,,2,2025-12-16T21:45:51.6124436Z,2025-12-23T21:45:51.6124436Z,2025-12-18T20:30:00Z,3363.174072265625,FLUJO_INSTANTANEO_SCFM,PLC_REFRIGERACION_1
,,2,2025-12-16T21:45:51.6124436Z,2025-12-23T21:45:51.6124436Z,2025-12-18T21:00:00Z,3364.149169921875,FLUJO_INSTANTANEO_SCFM,PLC_REFRIGERACION_1
,,2,2025-12-16T21:45:51.6124436Z,2025-12-23T21:45:51.6124436Z,2025-12-18T21:30:00Z,3364.149169921875,FLUJO_INSTANTANEO_SCFM,PLC_REFRIGERACION_1
,,2,2025-12-16T21:45:51.6124436Z,2025-12-23T21:45:51.6124436Z,2025-12-18T22:00:00Z,1937.554931640625,FLUJO_INSTANTANEO_SCFM,PLC_REFRIGERACION_1
,,2,2025-12-16T21:45:51.6124436Z,2025-12-23T21:45:51.6124436Z,2025-12-18T22:30:00Z,1915.1273193359375,FLUJO_INSTANTANEO_SCFM,PLC_REFRIGERACION_1
,,2,2025-12-16T21:45:51.6124436Z,2025-12-23T21:45:51.6124436Z,2025-12-18T23:00:00Z,1796.1632080078125,FLUJO_INSTANTANEO_SCFM,PLC_REFRIGERACION_1
,,2,2025-12-16T21:45:51.6124436Z,2025-12-23T21:45:51.6124436Z,2025-12-18T23:30:00Z,2091.623291015625,FLUJO_INSTANTANEO_SCFM,PLC_REFRIGERACION_1
,,2,2025-12-16T21:45:51.6124436Z,2025-12-23T21:45:51.6124436Z,2025-12-19T00:00:00Z,2073.095947265625,FLUJO_INSTANTANEO_SCFM,PLC_REFRIGERACION_1
,,2,2025-12-16T21:45:51.6124436Z,2025-12-23T21:45:51.6124436Z,2025-12-19T00:30:00Z,2008.7384033203125,FLUJO_INSTANTANEO_SCFM,PLC_REFRIGERACION_1
,,2,2025-12-16T21:45:51.6124436Z,2025-12-23T21:45:51.6124436Z,2025-12-19T01:00:00Z,2096.498779296875,FLUJO_INSTANTANEO_SCFM,PLC_REFRIGERACION_1
,,2,2025-12-16T21:45:51.6124436Z,2025-12-23T21:45:51.6124436Z,2025-12-19T01:30:00Z,3363.174072265625,FLUJO_INSTANTANEO_SCFM,PLC_REFRIGERACION_1
,,2,2025-12-16T21:45:51.6124436Z,2025-12-23T21:45:51.6124436Z,2025-12-19T02:00:00Z,3363.174072265625,FLUJO_INSTANTANEO_SCFM,PLC_REFRIGERACION_1
,,2,2025-12-16T21:45:51.6124436Z,2025-12-23T21:45:51.6124436Z,2025-12-19T02:30:00Z,3364.149169921875,FLUJO_INSTANTANEO_SCFM,PLC_REFRIGERACION_1
,,2,2025-12-16T21:45:51.6124436Z,2025-12-23T21:45:51.6124436Z,2025-12-19T03:00:00Z,3363.174072265625,FLUJO_INSTANTANEO_SCFM,PLC_REFRIGERACION_1
,,2,2025-12-16T21:45:51.6124436Z,2025-12-23T21:45:51.6124436Z,2025-12-19T03:30:00Z,3363.174072265625,FLUJO_INSTANTANEO_SCFM,PLC_REFRIGERACION_1
,,2,2025-12-16T21:45:51.6124436Z,2025-12-23T21:45:51.6124436Z,2025-12-19T04:00:00Z,3363.174072265625,FLUJO_INSTANTANEO_SCFM,PLC_REFRIGERACION_1
,,2,2025-12-16T21:45:51.6124436Z,2025-12-23T21:45:51.6124436Z,2025-12-19T04:30:00Z,1949.25634765625,FLUJO_INSTANTANEO_SCFM,PLC_REFRIGERACION_1
,,2,2025-12-16T21:45:51.6124436Z,2025-12-23T21:45:51.6124436Z,2025-12-19T05:00:00Z,1965.833251953125,FLUJO_INSTANTANEO_SCFM,PLC_REFRIGERACION_1
,,2,2025-12-16T21:45:51.6124436Z,2025-12-23T21:45:51.6124436Z,2025-12-19T05:30:00Z,2121.851806640625,FLUJO_INSTANTANEO_SCFM,PLC_REFRIGERACION_1
,,2,2025-12-16T21:45:51.6124436Z,2025-12-23T21:45:51.6124436Z,2025-12-19T06:00:00Z,2122.826904296875,FLUJO_INSTANTANEO_SCFM,PLC_REFRIGERACION_1
,,2,2025-12-16T21:45:51.6124436Z,2025-12-23T21:45:51.6124436Z,2025-12-19T06:30:00Z,3363.174072265625,FLUJO_INSTANTANEO_SCFM,PLC_REFRIGERACION_1
,,2,2025-12-16T21:45:51.6124436Z,2025-12-23T21:45:51.6124436Z,2025-12-19T07:00:00Z,2276.895263671875,FLUJO_INSTANTANEO_SCFM,PLC_REFRIGERACION_1
,,2,2025-12-16T21:45:51.6124436Z,2025-12-23T21:45:51.6124436Z,2025-12-19T07:30:00Z,2039.942138671875,FLUJO_INSTANTANEO_SCFM,PLC_REFRIGERACION_1
,,2,2025-12-16T21:45:51.6124436Z,2025-12-23T21:45:51.6124436Z,2025-12-19T08:00:00Z,3363.174072265625,FLUJO_INSTANTANEO_SCFM,PLC_REFRIGERACION_1
,,2,2025-12-16T21:45:51.6124436Z,2025-12-23T21:45:51.6124436Z,2025-12-19T08:30:00Z,2030.19091796875,FLUJO_INSTANTANEO_SCFM,PLC_REFRIGERACION_1
,,2,2025-12-16T21:45:51.6124436Z,2025-12-23T21:45:51.6124436Z,2025-12-19T09:00:00Z,1907.3262939453125,FLUJO_INSTANTANEO_SCFM,PLC_REFRIGERACION_1
,,2,2025-12-16T21:45:51.6124436Z,2025-12-23T21:45:51.6124436Z,2025-12-19T09:30:00Z,3363.174072265625,FLUJO_INSTANTANEO_SCFM,PLC_REFRIGERACION_1
,,2,2025-12-16T21:45:51.6124436Z,2025-12-23T21:45:51.6124436Z,2025-12-19T10:00:00Z,2019.464599609375,FLUJO_INSTANTANEO_SCFM,PLC_REFRIGERACION_1
,,2,2025-12-16T21:45:51.6124436Z,2025-12-23T21:45:51.6124436Z,2025-12-19T10:30:00Z,3363.174072265625,FLUJO_INSTANTANEO_SCFM,PLC_REFRIGERACION_1
,,2,2025-12-16T21:45:51.6124436Z,2025-12-23T21:45:51.6124436Z,2025-12-19T11:00:00Z,1867.3465576171875,FLUJO_INSTANTANEO_SCFM,PLC_REFRIGERACION_1
,,2,2025-12-16T21:45:51.6124436Z,2025-12-23T21:45:51.6124436Z,2025-12-19T11:30:00Z,3363.174072265625,FLUJO_INSTANTANEO_SCFM,PLC_REFRIGERACION_1
,,2,2025-12-16T21:45:51.6124436Z,2025-12-23T21:45:51.6124436Z,2025-12-19T12:00:00Z,3363.174072265625,FLUJO_INSTANTANEO_SCFM,PLC_REFRIGERACION_1
,,2,2025-12-16T21:45:51.6124436Z,2025-12-23T21:45:51.6124436Z,2025-12-19T12:30:00Z,1852.7198486328125,FLUJO_INSTANTANEO_SCFM,PLC_REFRIGERACION_1
,,2,2025-12-16T21:45:51.6124436Z,2025-12-23T21:45:51.6124436Z,2025-12-19T13:00:00Z,1687.92529296875,FLUJO_INSTANTANEO_SCFM,PLC_REFRIGERACION_1
,,2,2025-12-16T21:45:51.6124436Z,2025-12-23T21:45:51.6124436Z,2025-12-19T13:30:00Z,1841.9935302734375,FLUJO_INSTANTANEO_SCFM,PLC_REFRIGERACION_1
,,2,2025-12-16T21:45:51.6124436Z,2025-12-23T21:45:51.6124436Z,2025-12-19T14:00:00Z,3363.174072265625,FLUJO_INSTANTANEO_SCFM,PLC_REFRIGERACION_1
,,2,2025-12-16T21:45:51.6124436Z,2025-12-23T21:45:51.6124436Z,2025-12-19T14:30:00Z,2180.358642578125,FLUJO_INSTANTANEO_SCFM,PLC_REFRIGERACION_1
,,2,2025-12-16T21:45:51.6124436Z,2025-12-23T21:45:51.6124436Z,2025-12-19T15:00:00Z,2077.9716796875,FLUJO_INSTANTANEO_SCFM,PLC_REFRIGERACION_1
,,2,2025-12-16T21:45:51.6124436Z,2025-12-23T21:45:51.6124436Z,2025-12-19T15:30:00Z,1827.3668212890625,FLUJO_INSTANTANEO_SCFM,PLC_REFRIGERACION_1
,,2,2025-12-16T21:45:51.6124436Z,2025-12-23T21:45:51.6124436Z,2025-12-19T16:00:00Z,1952.181640625,FLUJO_INSTANTANEO_SCFM,PLC_REFRIGERACION_1
,,2,2025-12-16T21:45:51.6124436Z,2025-12-23T21:45:51.6124436Z,2025-12-19T16:30:00Z,2035.0665283203125,FLUJO_INSTANTANEO_SCFM,PLC_REFRIGERACION_1
,,2,2025-12-16T21:45:51.6124436Z,2025-12-23T21:45:51.6124436Z,2025-12-19T17:00:00Z,2052.61865234375,FLUJO_INSTANTANEO_SCFM,PLC_REFRIGERACION_1
,,2,2025-12-16T21:45:51.6124436Z,2025-12-23T21:45:51.6124436Z,2025-12-19T17:30:00Z,2146.229736328125,FLUJO_INSTANTANEO_SCFM,PLC_REFRIGERACION_1
,,2,2025-12-16T21:45:51.6124436Z,2025-12-23T21:45:51.6124436Z,2025-12-19T18:00:00Z,3364.149169921875,FLUJO_INSTANTANEO_SCFM,PLC_REFRIGERACION_1
,,2,2025-12-16T21:45:51.6124436Z,2025-12-23T21:45:51.6124436Z,2025-12-19T18:30:00Z,2273.969970703125,FLUJO_INSTANTANEO_SCFM,PLC_REFRIGERACION_1
,,2,2025-12-16T21:45:51.6124436Z,2025-12-23T21:45:51.6124436Z,2025-12-19T19:00:00Z,2069.195556640625,FLUJO_INSTANTANEO_SCFM,PLC_REFRIGERACION_1
,,2,2025-12-16T21:45:51.6124436Z,2025-12-23T21:45:51.6124436Z,2025-12-19T19:30:00Z,1907.3262939453125,FLUJO_INSTANTANEO_SCFM,PLC_REFRIGERACION_1
,,2,2025-12-16T21:45:51.6124436Z,2025-12-23T21:45:51.6124436Z,2025-12-19T20:00:00Z,1981.4351806640625,FLUJO_INSTANTANEO_SCFM,PLC_REFRIGERACION_1
,,2,2025-12-16T21:45:51.6124436Z,2025-12-23T21:45:51.6124436Z,2025-12-19T20:30:00Z,2173.532958984375,FLUJO_INSTANTANEO_SCFM,PLC_REFRIGERACION_1
,,2,2025-12-16T21:45:51.6124436Z,2025-12-23T21:45:51.6124436Z,2025-12-19T21:00:00Z,2434.864013671875,FLUJO_INSTANTANEO_SCFM,PLC_REFRIGERACION_1
,,2,2025-12-16T21:45:51.6124436Z,2025-12-23T21:45:51.6124436Z,2025-12-19T21:30:00Z,2193.03515625,FLUJO_INSTANTANEO_SCFM,PLC_REFRIGERACION_1
,,2,2025-12-16T21:45:51.6124436Z,2025-12-23T21:45:51.6124436Z,2025-12-19T22:00:00Z,2302.248291015625,FLUJO_INSTANTANEO_SCFM,PLC_REFRIGERACION_1
,,2,2025-12-16T21:45:51.6124436Z,2025-12-23T21:45:51.6124436Z,2025-12-19T22:30:00Z,2259.343017578125,FLUJO_INSTANTANEO_SCFM,PLC_REFRIGERACION_1
,,2,2025-12-16T21:45:51.6124436Z,2025-12-23T21:45:51.6124436Z,2025-12-19T23:00:00Z,2069.195556640625,FLUJO_INSTANTANEO_SCFM,PLC_REFRIGERACION_1
,,2,2025-12-16T21:45:51.6124436Z,2025-12-23T21:45:51.6124436Z,2025-12-19T23:30:00Z,2203.761474609375,FLUJO_INSTANTANEO_SCFM,PLC_REFRIGERACION_1
,,2,2025-12-16T21:45:51.6124436Z,2025-12-23T21:45:51.6124436Z,2025-12-20T00:00:00Z,3364.149169921875,FLUJO_INSTANTANEO_SCFM,PLC_REFRIGERACION_1
,,2,2025-12-16T21:45:51.6124436Z,2025-12-23T21:45:51.6124436Z,2025-12-20T00:30:00Z,2175.483154296875,FLUJO_INSTANTANEO_SCFM,PLC_REFRIGERACION_1
,,2,2025-12-16T21:45:51.6124436Z,2025-12-23T21:45:51.6124436Z,2025-12-20T01:00:00Z,3364.149169921875,FLUJO_INSTANTANEO_SCFM,PLC_REFRIGERACION_1
,,2,2025-12-16T21:45:51.6124436Z,2025-12-23T21:45:51.6124436Z,2025-12-20T01:30:00Z,3364.149169921875,FLUJO_INSTANTANEO_SCFM,PLC_REFRIGERACION_1
,,2,2025-12-16T21:45:51.6124436Z,2025-12-23T21:45:51.6124436Z,2025-12-20T02:00:00Z,1911.226806640625,FLUJO_INSTANTANEO_SCFM,PLC_REFRIGERACION_1
,,2,2025-12-16T21:45:51.6124436Z,2025-12-23T21:45:51.6124436Z,2025-12-20T02:30:00Z,1996.0618896484375,FLUJO_INSTANTANEO_SCFM,PLC_REFRIGERACION_1
,,2,2025-12-16T21:45:51.6124436Z,2025-12-23T21:45:51.6124436Z,2025-12-20T03:00:00Z,3365.124267578125,FLUJO_INSTANTANEO_SCFM,PLC_REFRIGERACION_1
,,2,2025-12-16T21:45:51.6124436Z,2025-12-23T21:45:51.6124436Z,2025-12-20T03:30:00Z,1702.552001953125,FLUJO_INSTANTANEO_SCFM,PLC_REFRIGERACION_1
,,2,2025-12-16T21:45:51.6124436Z,2025-12-23T21:45:51.6124436Z,2025-12-20T04:00:00Z,3365.124267578125,FLUJO_INSTANTANEO_SCFM,PLC_REFRIGERACION_1
,,2,2025-12-16T21:45:51.6124436Z,2025-12-23T21:45:51.6124436Z,2025-12-20T04:30:00Z,2083.822265625,FLUJO_INSTANTANEO_SCFM,PLC_REFRIGERACION_1
,,2,2025-12-16T21:45:51.6124436Z,2025-12-23T21:45:51.6124436Z,2025-12-20T05:00:00Z,2063.344970703125,FLUJO_INSTANTANEO_SCFM,PLC_REFRIGERACION_1
,,2,2025-12-16T21:45:51.6124436Z,2025-12-23T21:45:51.6124436Z,2025-12-20T05:30:00Z,3364.149169921875,FLUJO_INSTANTANEO_SCFM,PLC_REFRIGERACION_1
,,2,2025-12-16T21:45:51.6124436Z,2025-12-23T21:45:51.6124436Z,2025-12-20T06:00:00Z,2130.6279296875,FLUJO_INSTANTANEO_SCFM,PLC_REFRIGERACION_1
,,2,2025-12-16T21:45:51.6124436Z,2025-12-23T21:45:51.6124436Z,2025-12-20T06:30:00Z,2101.374267578125,FLUJO_INSTANTANEO_SCFM,PLC_REFRIGERACION_1
,,2,2025-12-16T21:45:51.6124436Z,2025-12-23T21:45:51.6124436Z,2025-12-20T07:00:00Z,3364.149169921875,FLUJO_INSTANTANEO_SCFM,PLC_REFRIGERACION_1
,,2,2025-12-16T21:45:51.6124436Z,2025-12-23T21:45:51.6124436Z,2025-12-20T07:30:00Z,2122.826904296875,FLUJO_INSTANTANEO_SCFM,PLC_REFRIGERACION_1
,,2,2025-12-16T21:45:51.6124436Z,2025-12-23T21:45:51.6124436Z,2025-12-20T08:00:00Z,2049.693115234375,FLUJO_INSTANTANEO_SCFM,PLC_REFRIGERACION_1
,,2,2025-12-16T21:45:51.6124436Z,2025-12-23T21:45:51.6124436Z,2025-12-20T08:30:00Z,2204.736572265625,FLUJO_INSTANTANEO_SCFM,PLC_REFRIGERACION_1
,,2,2025-12-16T21:45:51.6124436Z,2025-12-23T21:45:51.6124436Z,2025-12-20T09:00:00Z,2180.358642578125,FLUJO_INSTANTANEO_SCFM,PLC_REFRIGERACION_1
,,2,2025-12-16T21:45:51.6124436Z,2025-12-23T21:45:51.6124436Z,2025-12-20T09:30:00Z,2190.10986328125,FLUJO_INSTANTANEO_SCFM,PLC_REFRIGERACION_1
,,2,2025-12-16T21:45:51.6124436Z,2025-12-23T21:45:51.6124436Z,2025-12-20T10:00:00Z,2251.542236328125,FLUJO_INSTANTANEO_SCFM,PLC_REFRIGERACION_1
,,2,2025-12-16T21:45:51.6124436Z,2025-12-23T21:45:51.6124436Z,2025-12-20T10:30:00Z,2232.039794921875,FLUJO_INSTANTANEO_SCFM,PLC_REFRIGERACION_1
,,2,2025-12-16T21:45:51.6124436Z,2025-12-23T21:45:51.6124436Z,2025-12-20T11:00:00Z,2198.885986328125,FLUJO_INSTANTANEO_SCFM,PLC_REFRIGERACION_1
,,2,2025-12-16T21:45:51.6124436Z,2025-12-23T21:45:51.6124436Z,2025-12-20T11:30:00Z,2295.42236328125,FLUJO_INSTANTANEO_SCFM,PLC_REFRIGERACION_1
,,2,2025-12-16T21:45:51.6124436Z,2025-12-23T21:45:51.6124436Z,2025-12-20T12:00:00Z,2373.431640625,FLUJO_INSTANTANEO_SCFM,PLC_REFRIGERACION_1
,,2,2025-12-16T21:45:51.6124436Z,2025-12-23T21:45:51.6124436Z,2025-12-20T12:30:00Z,2471.91845703125,FLUJO_INSTANTANEO_SCFM,PLC_REFRIGERACION_1
,,2,2025-12-16T21:45:51.6124436Z,2025-12-23T21:45:51.6124436Z,2025-12-20T13:00:00Z,2321.75048828125,FLUJO_INSTANTANEO_SCFM,PLC_REFRIGERACION_1
,,2,2025-12-16T21:45:51.6124436Z,2025-12-23T21:45:51.6124436Z,2025-12-20T13:30:00Z,2453.39111328125,FLUJO_INSTANTANEO_SCFM,PLC_REFRIGERACION_1
,,2,2025-12-16T21:45:51.6124436Z,2025-12-23T21:45:51.6124436Z,2025-12-20T14:00:00Z,2183.2841796875,FLUJO_INSTANTANEO_SCFM,PLC_REFRIGERACION_1
,,2,2025-12-16T21:45:51.6124436Z,2025-12-23T21:45:51.6124436Z,2025-12-20T14:30:00Z,2203.761474609375,FLUJO_INSTANTANEO_SCFM,PLC_REFRIGERACION_1
,,2,2025-12-16T21:45:51.6124436Z,2025-12-23T21:45:51.6124436Z,2025-12-20T15:00:00Z,3364.149169921875,FLUJO_INSTANTANEO_SCFM,PLC_REFRIGERACION_1
,,2,2025-12-16T21:45:51.6124436Z,2025-12-23T21:45:51.6124436Z,2025-12-20T15:30:00Z,2150.130126953125,FLUJO_INSTANTANEO_SCFM,PLC_REFRIGERACION_1
,,2,2025-12-16T21:45:51.6124436Z,2025-12-23T21:45:51.6124436Z,2025-12-20T16:00:00Z,2098.448974609375,FLUJO_INSTANTANEO_SCFM,PLC_REFRIGERACION_1
,,2,2025-12-16T21:45:51.6124436Z,2025-12-23T21:45:51.6124436Z,2025-12-20T16:30:00Z,2178.408447265625,FLUJO_INSTANTANEO_SCFM,PLC_REFRIGERACION_1
,,2,2025-12-16T21:45:51.6124436Z,2025-12-23T21:45:51.6124436Z,2025-12-20T17:00:00Z,2141.35400390625,FLUJO_INSTANTANEO_SCFM,PLC_REFRIGERACION_1
,,2,2025-12-16T21:45:51.6124436Z,2025-12-23T21:45:51.6124436Z,2025-12-20T17:30:00Z,2127.702392578125,FLUJO_INSTANTANEO_SCFM,PLC_REFRIGERACION_1
,,2,2025-12-16T21:45:51.6124436Z,2025-12-23T21:45:51.6124436Z,2025-12-20T18:00:00Z,2023.3651123046875,FLUJO_INSTANTANEO_SCFM,PLC_REFRIGERACION_1
,,2,2025-12-16T21:45:51.6124436Z,2025-12-23T21:45:51.6124436Z,2025-12-20T18:30:00Z,3365.124267578125,FLUJO_INSTANTANEO_SCFM,PLC_REFRIGERACION_1
,,2,2025-12-16T21:45:51.6124436Z,2025-12-23T21:45:51.6124436Z,2025-12-20T19:00:00Z,2286.646240234375,FLUJO_INSTANTANEO_SCFM,PLC_REFRIGERACION_1
,,2,2025-12-16T21:45:51.6124436Z,2025-12-23T21:45:51.6124436Z,2025-12-20T19:30:00Z,2018.489501953125,FLUJO_INSTANTANEO_SCFM,PLC_REFRIGERACION_1
,,2,2025-12-16T21:45:51.6124436Z,2025-12-23T21:45:51.6124436Z,2025-12-20T20:00:00Z,3364.149169921875,FLUJO_INSTANTANEO_SCFM,PLC_REFRIGERACION_1
,,2,2025-12-16T21:45:51.6124436Z,2025-12-23T21:45:51.6124436Z,2025-12-20T20:30:00Z,2009.7135009765625,FLUJO_INSTANTANEO_SCFM,PLC_REFRIGERACION_1
,,2,2025-12-16T21:45:51.6124436Z,2025-12-23T21:45:51.6124436Z,2025-12-20T21:00:00Z,1872.22216796875,FLUJO_INSTANTANEO_SCFM,PLC_REFRIGERACION_1
,,2,2025-12-16T21:45:51.6124436Z,2025-12-23T21:45:51.6124436Z,2025-12-20T21:30:00Z,3364.149169921875,FLUJO_INSTANTANEO_SCFM,PLC_REFRIGERACION_1
,,2,2025-12-16T21:45:51.6124436Z,2025-12-23T21:45:51.6124436Z,2025-12-20T22:00:00Z,1879.0479736328125,FLUJO_INSTANTANEO_SCFM,PLC_REFRIGERACION_1
,,2,2025-12-16T21:45:51.6124436Z,2025-12-23T21:45:51.6124436Z,2025-12-20T22:30:00Z,2108.2001953125,FLUJO_INSTANTANEO_SCFM,PLC_REFRIGERACION_1
,,2,2025-12-16T21:45:51.6124436Z,2025-12-23T21:45:51.6124436Z,2025-12-20T23:00:00Z,2020.4398193359375,FLUJO_INSTANTANEO_SCFM,PLC_REFRIGERACION_1
,,2,2025-12-16T21:45:51.6124436Z,2025-12-23T21:45:51.6124436Z,2025-12-20T23:30:00Z,1999.9622802734375,FLUJO_INSTANTANEO_SCFM,PLC_REFRIGERACION_1
,,2,2025-12-16T21:45:51.6124436Z,2025-12-23T21:45:51.6124436Z,2025-12-21T00:00:00Z,1968.7586669921875,FLUJO_INSTANTANEO_SCFM,PLC_REFRIGERACION_1
,,2,2025-12-16T21:45:51.6124436Z,2025-12-23T21:45:51.6124436Z,2025-12-21T00:30:00Z,1634.2939453125,FLUJO_INSTANTANEO_SCFM,PLC_REFRIGERACION_1
,,2,2025-12-16T21:45:51.6124436Z,2025-12-23T21:45:51.6124436Z,2025-12-21T01:00:00Z,1929.7540283203125,FLUJO_INSTANTANEO_SCFM,PLC_REFRIGERACION_1
,,2,2025-12-16T21:45:51.6124436Z,2025-12-23T21:45:51.6124436Z,2025-12-21T01:30:00Z,1981.4351806640625,FLUJO_INSTANTANEO_SCFM,PLC_REFRIGERACION_1
,,2,2025-12-16T21:45:51.6124436Z,2025-12-23T21:45:51.6124436Z,2025-12-21T02:00:00Z,1876.1226806640625,FLUJO_INSTANTANEO_SCFM,PLC_REFRIGERACION_1
,,2,2025-12-16T21:45:51.6124436Z,2025-12-23T21:45:51.6124436Z,2025-12-21T02:30:00Z,1895.625,FLUJO_INSTANTANEO_SCFM,PLC_REFRIGERACION_1
,,2,2025-12-16T21:45:51.6124436Z,2025-12-23T21:45:51.6124436Z,2025-12-21T03:00:00Z,1793.23779296875,FLUJO_INSTANTANEO_SCFM,PLC_REFRIGERACION_1
,,2,2025-12-16T21:45:51.6124436Z,2025-12-23T21:45:51.6124436Z,2025-12-21T03:30:00Z,1839.0682373046875,FLUJO_INSTANTANEO_SCFM,PLC_REFRIGERACION_1
,,2,2025-12-16T21:45:51.6124436Z,2025-12-23T21:45:51.6124436Z,2025-12-21T04:00:00Z,1696.7012939453125,FLUJO_INSTANTANEO_SCFM,PLC_REFRIGERACION_1
,,2,2025-12-16T21:45:51.6124436Z,2025-12-23T21:45:51.6124436Z,2025-12-21T04:30:00Z,1618.692138671875,FLUJO_INSTANTANEO_SCFM,PLC_REFRIGERACION_1
,,2,2025-12-16T21:45:51.6124436Z,2025-12-23T21:45:51.6124436Z,2025-12-21T05:00:00Z,1528.00634765625,FLUJO_INSTANTANEO_SCFM,PLC_REFRIGERACION_1
,,2,2025-12-16T21:45:51.6124436Z,2025-12-23T21:45:51.6124436Z,2025-12-21T05:30:00Z,1381.739013671875,FLUJO_INSTANTANEO_SCFM,PLC_REFRIGERACION_1
,,2,2025-12-16T21:45:51.6124436Z,2025-12-23T21:45:51.6124436Z,2025-12-21T06:00:00Z,1137.9600830078125,FLUJO_INSTANTANEO_SCFM,PLC_REFRIGERACION_1
,,2,2025-12-16T21:45:51.6124436Z,2025-12-23T21:45:51.6124436Z,2025-12-21T06:30:00Z,1101.8807373046875,FLUJO_INSTANTANEO_SCFM,PLC_REFRIGERACION_1
,,2,2025-12-16T21:45:51.6124436Z,2025-12-23T21:45:51.6124436Z,2025-12-21T07:00:00Z,1133.08447265625,FLUJO_INSTANTANEO_SCFM,PLC_REFRIGERACION_1
,,2,2025-12-16T21:45:51.6124436Z,2025-12-23T21:45:51.6124436Z,2025-12-21T07:30:00Z,1175.014404296875,FLUJO_INSTANTANEO_SCFM,PLC_REFRIGERACION_1
,,2,2025-12-16T21:45:51.6124436Z,2025-12-23T21:45:51.6124436Z,2025-12-21T08:00:00Z,1374.9132080078125,FLUJO_INSTANTANEO_SCFM,PLC_REFRIGERACION_1
,,2,2025-12-16T21:45:51.6124436Z,2025-12-23T21:45:51.6124436Z,2025-12-21T08:30:00Z,1385.639404296875,FLUJO_INSTANTANEO_SCFM,PLC_REFRIGERACION_1
,,2,2025-12-16T21:45:51.6124436Z,2025-12-23T21:45:51.6124436Z,2025-12-21T09:00:00Z,1375.8883056640625,FLUJO_INSTANTANEO_SCFM,PLC_REFRIGERACION_1
,,2,2025-12-16T21:45:51.6124436Z,2025-12-23T21:45:51.6124436Z,2025-12-21T09:30:00Z,1378.8135986328125,FLUJO_INSTANTANEO_SCFM,PLC_REFRIGERACION_1
,,2,2025-12-16T21:45:51.6124436Z,2025-12-23T21:45:51.6124436Z,2025-12-21T10:00:00Z,1390.5150146484375,FLUJO_INSTANTANEO_SCFM,PLC_REFRIGERACION_1
,,2,2025-12-16T21:45:51.6124436Z,2025-12-23T21:45:51.6124436Z,2025-12-21T10:30:00Z,1376.8634033203125,FLUJO_INSTANTANEO_SCFM,PLC_REFRIGERACION_1
,,2,2025-12-16T21:45:51.6124436Z,2025-12-23T21:45:51.6124436Z,2025-12-21T11:00:00Z,1341.75927734375,FLUJO_INSTANTANEO_SCFM,PLC_REFRIGERACION_1
,,2,2025-12-16T21:45:51.6124436Z,2025-12-23T21:45:51.6124436Z,2025-12-21T11:30:00Z,1400.26611328125,FLUJO_INSTANTANEO_SCFM,PLC_REFRIGERACION_1
,,2,2025-12-16T21:45:51.6124436Z,2025-12-23T21:45:51.6124436Z,2025-12-21T12:00:00Z,1357.361083984375,FLUJO_INSTANTANEO_SCFM,PLC_REFRIGERACION_1
,,2,2025-12-16T21:45:51.6124436Z,2025-12-23T21:45:51.6124436Z,2025-12-21T12:30:00Z,1405.1417236328125,FLUJO_INSTANTANEO_SCFM,PLC_REFRIGERACION_1
,,2,2025-12-16T21:45:51.6124436Z,2025-12-23T21:45:51.6124436Z,2025-12-21T13:00:00Z,1355.410888671875,FLUJO_INSTANTANEO_SCFM,PLC_REFRIGERACION_1
,,2,2025-12-16T21:45:51.6124436Z,2025-12-23T21:45:51.6124436Z,2025-12-21T13:30:00Z,820.0723266601562,FLUJO_INSTANTANEO_SCFM,PLC_REFRIGERACION_1
,,2,2025-12-16T21:45:51.6124436Z,2025-12-23T21:45:51.6124436Z,2025-12-21T14:00:00Z,1131.13427734375,FLUJO_INSTANTANEO_SCFM,PLC_REFRIGERACION_1
,,2,2025-12-16T21:45:51.6124436Z,2025-12-23T21:45:51.6124436Z,2025-12-21T14:30:00Z,1130.1590576171875,FLUJO_INSTANTANEO_SCFM,PLC_REFRIGERACION_1
,,2,2025-12-16T21:45:51.6124436Z,2025-12-23T21:45:51.6124436Z,2025-12-21T15:00:00Z,1215.96923828125,FLUJO_INSTANTANEO_SCFM,PLC_REFRIGERACION_1
,,2,2025-12-16T21:45:51.6124436Z,2025-12-23T21:45:51.6124436Z,2025-12-21T15:30:00Z,952.6880493164062,FLUJO_INSTANTANEO_SCFM,PLC_REFRIGERACION_1
,,2,2025-12-16T21:45:51.6124436Z,2025-12-23T21:45:51.6124436Z,2025-12-21T16:00:00Z,1318.3564453125,FLUJO_INSTANTANEO_SCFM,PLC_REFRIGERACION_1
,,2,2025-12-16T21:45:51.6124436Z,2025-12-23T21:45:51.6124436Z,2025-12-21T16:30:00Z,1330.057861328125,FLUJO_INSTANTANEO_SCFM,PLC_REFRIGERACION_1
,,2,2025-12-16T21:45:51.6124436Z,2025-12-23T21:45:51.6124436Z,2025-12-21T17:00:00Z,1215.96923828125,FLUJO_INSTANTANEO_SCFM,PLC_REFRIGERACION_1
,,2,2025-12-16T21:45:51.6124436Z,2025-12-23T21:45:51.6124436Z,2025-12-21T17:30:00Z,1307.630126953125,FLUJO_INSTANTANEO_SCFM,PLC_REFRIGERACION_1
,,2,2025-12-16T21:45:51.6124436Z,2025-12-23T21:45:51.6124436Z,2025-12-21T18:00:00Z,1303.729736328125,FLUJO_INSTANTANEO_SCFM,PLC_REFRIGERACION_1
,,2,2025-12-16T21:45:51.6124436Z,2025-12-23T21:45:51.6124436Z,2025-12-21T18:30:00Z,1328.107666015625,FLUJO_INSTANTANEO_SCFM,PLC_REFRIGERACION_1
,,2,2025-12-16T21:45:51.6124436Z,2025-12-23T21:45:51.6124436Z,2025-12-21T19:00:00Z,1199.392333984375,FLUJO_INSTANTANEO_SCFM,PLC_REFRIGERACION_1
,,2,2025-12-16T21:45:51.6124436Z,2025-12-23T21:45:51.6124436Z,2025-12-21T19:30:00Z,1214.01904296875,FLUJO_INSTANTANEO_SCFM,PLC_REFRIGERACION_1
,,2,2025-12-16T21:45:51.6124436Z,2025-12-23T21:45:51.6124436Z,2025-12-21T20:00:00Z,1340.7840576171875,FLUJO_INSTANTANEO_SCFM,PLC_REFRIGERACION_1
,,2,2025-12-16T21:45:51.6124436Z,2025-12-23T21:45:51.6124436Z,2025-12-21T20:30:00Z,1325.1822509765625,FLUJO_INSTANTANEO_SCFM,PLC_REFRIGERACION_1
,,2,2025-12-16T21:45:51.6124436Z,2025-12-23T21:45:51.6124436Z,2025-12-21T21:00:00Z,1339.8089599609375,FLUJO_INSTANTANEO_SCFM,PLC_REFRIGERACION_1
,,2,2025-12-16T21:45:51.6124436Z,2025-12-23T21:45:51.6124436Z,2025-12-21T21:30:00Z,3364.149169921875,FLUJO_INSTANTANEO_SCFM,PLC_REFRIGERACION_1
,,2,2025-12-16T21:45:51.6124436Z,2025-12-23T21:45:51.6124436Z,2025-12-21T22:00:00Z,1412.942626953125,FLUJO_INSTANTANEO_SCFM,PLC_REFRIGERACION_1
,,2,2025-12-16T21:45:51.6124436Z,2025-12-23T21:45:51.6124436Z,2025-12-21T22:30:00Z,1497.7777099609375,FLUJO_INSTANTANEO_SCFM,PLC_REFRIGERACION_1
,,2,2025-12-16T21:45:51.6124436Z,2025-12-23T21:45:51.6124436Z,2025-12-21T23:00:00Z,1498.7528076171875,FLUJO_INSTANTANEO_SCFM,PLC_REFRIGERACION_1
,,2,2025-12-16T21:45:51.6124436Z,2025-12-23T21:45:51.6124436Z,2025-12-21T23:30:00Z,1471.4495849609375,FLUJO_INSTANTANEO_SCFM,PLC_REFRIGERACION_1
,,2,2025-12-16T21:45:51.6124436Z,2025-12-23T21:45:51.6124436Z,2025-12-22T00:00:00Z,1423.6689453125,FLUJO_INSTANTANEO_SCFM,PLC_REFRIGERACION_1
,,2,2025-12-16T21:45:51.6124436Z,2025-12-23T21:45:51.6124436Z,2025-12-22T00:30:00Z,1427.5694580078125,FLUJO_INSTANTANEO_SCFM,PLC_REFRIGERACION_1
,,2,2025-12-16T21:45:51.6124436Z,2025-12-23T21:45:51.6124436Z,2025-12-22T01:00:00Z,1445.1214599609375,FLUJO_INSTANTANEO_SCFM,PLC_REFRIGERACION_1
,,2,2025-12-16T21:45:51.6124436Z,2025-12-23T21:45:51.6124436Z,2025-12-22T01:30:00Z,1350.5352783203125,FLUJO_INSTANTANEO_SCFM,PLC_REFRIGERACION_1
,,2,2025-12-16T21:45:51.6124436Z,2025-12-23T21:45:51.6124436Z,2025-12-22T02:00:00Z,1352.4854736328125,FLUJO_INSTANTANEO_SCFM,PLC_REFRIGERACION_1
,,2,2025-12-16T21:45:51.6124436Z,2025-12-23T21:45:51.6124436Z,2025-12-22T02:30:00Z,1352.4854736328125,FLUJO_INSTANTANEO_SCFM,PLC_REFRIGERACION_1
,,2,2025-12-16T21:45:51.6124436Z,2025-12-23T21:45:51.6124436Z,2025-12-22T03:00:00Z,1386.614501953125,FLUJO_INSTANTANEO_SCFM,PLC_REFRIGERACION_1
,,2,2025-12-16T21:45:51.6124436Z,2025-12-23T21:45:51.6124436Z,2025-12-22T03:30:00Z,1357.361083984375,FLUJO_INSTANTANEO_SCFM,PLC_REFRIGERACION_1
,,2,2025-12-16T21:45:51.6124436Z,2025-12-23T21:45:51.6124436Z,2025-12-22T04:00:00Z,1342.734375,FLUJO_INSTANTANEO_SCFM,PLC_REFRIGERACION_1
,,2,2025-12-16T21:45:51.6124436Z,2025-12-23T21:45:51.6124436Z,2025-12-22T04:30:00Z,1341.75927734375,FLUJO_INSTANTANEO_SCFM,PLC_REFRIGERACION_1
,,2,2025-12-16T21:45:51.6124436Z,2025-12-23T21:45:51.6124436Z,2025-12-22T05:00:00Z,1349.5601806640625,FLUJO_INSTANTANEO_SCFM,PLC_REFRIGERACION_1
,,2,2025-12-16T21:45:51.6124436Z,2025-12-23T21:45:51.6124436Z,2025-12-22T05:30:00Z,1365.1619873046875,FLUJO_INSTANTANEO_SCFM,PLC_REFRIGERACION_1
,,2,2025-12-16T21:45:51.6124436Z,2025-12-23T21:45:51.6124436Z,2025-12-22T06:00:00Z,1443.1712646484375,FLUJO_INSTANTANEO_SCFM,PLC_REFRIGERACION_1
,,2,2025-12-16T21:45:51.6124436Z,2025-12-23T21:45:51.6124436Z,2025-12-22T06:30:00Z,1511.4293212890625,FLUJO_INSTANTANEO_SCFM,PLC_REFRIGERACION_1
,,2,2025-12-16T21:45:51.6124436Z,2025-12-23T21:45:51.6124436Z,2025-12-22T07:00:00Z,1555.3095703125,FLUJO_INSTANTANEO_SCFM,PLC_REFRIGERACION_1
,,2,2025-12-16T21:45:51.6124436Z,2025-12-23T21:45:51.6124436Z,2025-12-22T07:30:00Z,1580.66259765625,FLUJO_INSTANTANEO_SCFM,PLC_REFRIGERACION_1
,,2,2025-12-16T21:45:51.6124436Z,2025-12-23T21:45:51.6124436Z,2025-12-22T08:00:00Z,1537.7574462890625,FLUJO_INSTANTANEO_SCFM,PLC_REFRIGERACION_1
,,2,2025-12-16T21:45:51.6124436Z,2025-12-23T21:45:51.6124436Z,2025-12-22T08:30:00Z,1550.4339599609375,FLUJO_INSTANTANEO_SCFM,PLC_REFRIGERACION_1
,,2,2025-12-16T21:45:51.6124436Z,2025-12-23T21:45:51.6124436Z,2025-12-22T09:00:00Z,1628.4432373046875,FLUJO_INSTANTANEO_SCFM,PLC_REFRIGERACION_1
,,2,2025-12-16T21:45:51.6124436Z,2025-12-23T21:45:51.6124436Z,2025-12-22T09:30:00Z,1576.7620849609375,FLUJO_INSTANTANEO_SCFM,PLC_REFRIGERACION_1
,,2,2025-12-16T21:45:51.6124436Z,2025-12-23T21:45:51.6124436Z,2025-12-22T10:00:00Z,1640.1446533203125,FLUJO_INSTANTANEO_SCFM,PLC_REFRIGERACION_1
,,2,2025-12-16T21:45:51.6124436Z,2025-12-23T21:45:51.6124436Z,2025-12-22T10:30:00Z,1684.02490234375,FLUJO_INSTANTANEO_SCFM,PLC_REFRIGERACION_1
,,2,2025-12-16T21:45:51.6124436Z,2025-12-23T21:45:51.6124436Z,2025-12-22T11:00:00Z,1711.328125,FLUJO_INSTANTANEO_SCFM,PLC_REFRIGERACION_1
,,2,2025-12-16T21:45:51.6124436Z,2025-12-23T21:45:51.6124436Z,2025-12-22T11:30:00Z,1707.4276123046875,FLUJO_INSTANTANEO_SCFM,PLC_REFRIGERACION_1
,,2,2025-12-16T21:45:51.6124436Z,2025-12-23T21:45:51.6124436Z,2025-12-22T12:00:00Z,1696.7012939453125,FLUJO_INSTANTANEO_SCFM,PLC_REFRIGERACION_1
,,2,2025-12-16T21:45:51.6124436Z,2025-12-23T21:45:51.6124436Z,2025-12-22T12:30:00Z,1698.651611328125,FLUJO_INSTANTANEO_SCFM,PLC_REFRIGERACION_1
,,2,2025-12-16T21:45:51.6124436Z,2025-12-23T21:45:51.6124436Z,2025-12-22T13:00:00Z,1707.4276123046875,FLUJO_INSTANTANEO_SCFM,PLC_REFRIGERACION_1
,,2,2025-12-16T21:45:51.6124436Z,2025-12-23T21:45:51.6124436Z,2025-12-22T13:30:00Z,1707.4276123046875,FLUJO_INSTANTANEO_SCFM,PLC_REFRIGERACION_1
,,2,2025-12-16T21:45:51.6124436Z,2025-12-23T21:45:51.6124436Z,2025-12-22T14:00:00Z,1713.2783203125,FLUJO_INSTANTANEO_SCFM,PLC_REFRIGERACION_1
,,2,2025-12-16T21:45:51.6124436Z,2025-12-23T21:45:51.6124436Z,2025-12-22T14:30:00Z,1707.4276123046875,FLUJO_INSTANTANEO_SCFM,PLC_REFRIGERACION_1
,,2,2025-12-16T21:45:51.6124436Z,2025-12-23T21:45:51.6124436Z,2025-12-22T15:00:00Z,1715.228515625,FLUJO_INSTANTANEO_SCFM,PLC_REFRIGERACION_1
,,2,2025-12-16T21:45:51.6124436Z,2025-12-23T21:45:51.6124436Z,2025-12-22T15:30:00Z,3364.149169921875,FLUJO_INSTANTANEO_SCFM,PLC_REFRIGERACION_1
,,2,2025-12-16T21:45:51.6124436Z,2025-12-23T21:45:51.6124436Z,2025-12-22T16:00:00Z,2098.448974609375,FLUJO_INSTANTANEO_SCFM,PLC_REFRIGERACION_1
,,2,2025-12-16T21:45:51.6124436Z,2025-12-23T21:45:51.6124436Z,2025-12-22T16:30:00Z,2402.68505859375,FLUJO_INSTANTANEO_SCFM,PLC_REFRIGERACION_1
,,2,2025-12-16T21:45:51.6124436Z,2025-12-23T21:45:51.6124436Z,2025-12-22T17:00:00Z,2194.01025390625,FLUJO_INSTANTANEO_SCFM,PLC_REFRIGERACION_1
,,2,2025-12-16T21:45:51.6124436Z,2025-12-23T21:45:51.6124436Z,2025-12-22T17:30:00Z,2131.60302734375,FLUJO_INSTANTANEO_SCFM,PLC_REFRIGERACION_1
,,2,2025-12-16T21:45:51.6124436Z,2025-12-23T21:45:51.6124436Z,2025-12-22T18:00:00Z,2112.1005859375,FLUJO_INSTANTANEO_SCFM,PLC_REFRIGERACION_1
,,2,2025-12-16T21:45:51.6124436Z,2025-12-23T21:45:51.6124436Z,2025-12-22T18:30:00Z,2166.70703125,FLUJO_INSTANTANEO_SCFM,PLC_REFRIGERACION_1
,,2,2025-12-16T21:45:51.6124436Z,2025-12-23T21:45:51.6124436Z,2025-12-22T19:00:00Z,2632.8125,FLUJO_INSTANTANEO_SCFM,PLC_REFRIGERACION_1
,,2,2025-12-16T21:45:51.6124436Z,2025-12-23T21:45:51.6124436Z,2025-12-22T19:30:00Z,2254.467529296875,FLUJO_INSTANTANEO_SCFM,PLC_REFRIGERACION_1
,,2,2025-12-16T21:45:51.6124436Z,2025-12-23T21:45:51.6124436Z,2025-12-22T20:00:00Z,3364.149169921875,FLUJO_INSTANTANEO_SCFM,PLC_REFRIGERACION_1
,,2,2025-12-16T21:45:51.6124436Z,2025-12-23T21:45:51.6124436Z,2025-12-22T20:30:00Z,2131.60302734375,FLUJO_INSTANTANEO_SCFM,PLC_REFRIGERACION_1
,,2,2025-12-16T21:45:51.6124436Z,2025-12-23T21:45:51.6124436Z,2025-12-22T21:00:00Z,2251.542236328125,FLUJO_INSTANTANEO_SCFM,PLC_REFRIGERACION_1
,,2,2025-12-16T21:45:51.6124436Z,2025-12-23T21:45:51.6124436Z,2025-12-22T21:30:00Z,1975.58447265625,FLUJO_INSTANTANEO_SCFM,PLC_REFRIGERACION_1
,,2,2025-12-16T21:45:51.6124436Z,2025-12-23T21:45:51.6124436Z,2025-12-22T22:00:00Z,3364.149169921875,FLUJO_INSTANTANEO_SCFM,PLC_REFRIGERACION_1
,,2,2025-12-16T21:45:51.6124436Z,2025-12-23T21:45:51.6124436Z,2025-12-22T22:30:00Z,2106.25,FLUJO_INSTANTANEO_SCFM,PLC_REFRIGERACION_1
,,2,2025-12-16T21:45:51.6124436Z,2025-12-23T21:45:51.6124436Z,2025-12-22T23:00:00Z,2132.578125,FLUJO_INSTANTANEO_SCFM,PLC_REFRIGERACION_1
,,2,2025-12-16T21:45:51.6124436Z,2025-12-23T21:45:51.6124436Z,2025-12-22T23:30:00Z,2330.526611328125,FLUJO_INSTANTANEO_SCFM,PLC_REFRIGERACION_1
,,2,2025-12-16T21:45:51.6124436Z,2025-12-23T21:45:51.6124436Z,2025-12-23T00:00:00Z,2381.232666015625,FLUJO_INSTANTANEO_SCFM,PLC_REFRIGERACION_1
,,2,2025-12-16T21:45:51.6124436Z,2025-12-23T21:45:51.6124436Z,2025-12-23T00:30:00Z,2280.795654296875,FLUJO_INSTANTANEO_SCFM,PLC_REFRIGERACION_1
,,2,2025-12-16T21:45:51.6124436Z,2025-12-23T21:45:51.6124436Z,2025-12-23T01:00:00Z,2149.155029296875,FLUJO_INSTANTANEO_SCFM,PLC_REFRIGERACION_1
,,2,2025-12-16T21:45:51.6124436Z,2025-12-23T21:45:51.6124436Z,2025-12-23T01:30:00Z,2127.702392578125,FLUJO_INSTANTANEO_SCFM,PLC_REFRIGERACION_1
,,2,2025-12-16T21:45:51.6124436Z,2025-12-23T21:45:51.6124436Z,2025-12-23T02:00:00Z,2249.592041015625,FLUJO_INSTANTANEO_SCFM,PLC_REFRIGERACION_1
,,2,2025-12-16T21:45:51.6124436Z,2025-12-23T21:45:51.6124436Z,2025-12-23T02:30:00Z,2112.1005859375,FLUJO_INSTANTANEO_SCFM,PLC_REFRIGERACION_1
,,2,2025-12-16T21:45:51.6124436Z,2025-12-23T21:45:51.6124436Z,2025-12-23T03:00:00Z,2246.66650390625,FLUJO_INSTANTANEO_SCFM,PLC_REFRIGERACION_1
,,2,2025-12-16T21:45:51.6124436Z,2025-12-23T21:45:51.6124436Z,2025-12-23T03:30:00Z,2018.489501953125,FLUJO_INSTANTANEO_SCFM,PLC_REFRIGERACION_1
,,2,2025-12-16T21:45:51.6124436Z,2025-12-23T21:45:51.6124436Z,2025-12-23T04:00:00Z,2032.14111328125,FLUJO_INSTANTANEO_SCFM,PLC_REFRIGERACION_1
,,2,2025-12-16T21:45:51.6124436Z,2025-12-23T21:45:51.6124436Z,2025-12-23T04:30:00Z,3365.124267578125,FLUJO_INSTANTANEO_SCFM,PLC_REFRIGERACION_1
,,2,2025-12-16T21:45:51.6124436Z,2025-12-23T21:45:51.6124436Z,2025-12-23T05:00:00Z,3364.149169921875,FLUJO_INSTANTANEO_SCFM,PLC_REFRIGERACION_1
,,2,2025-12-16T21:45:51.6124436Z,2025-12-23T21:45:51.6124436Z,2025-12-23T05:30:00Z,2262.2685546875,FLUJO_INSTANTANEO_SCFM,PLC_REFRIGERACION_1
,,2,2025-12-16T21:45:51.6124436Z,2025-12-23T21:45:51.6124436Z,2025-12-23T06:00:00Z,2188.15966796875,FLUJO_INSTANTANEO_SCFM,PLC_REFRIGERACION_1
,,2,2025-12-16T21:45:51.6124436Z,2025-12-23T21:45:51.6124436Z,2025-12-23T06:30:00Z,2225.214111328125,FLUJO_INSTANTANEO_SCFM,PLC_REFRIGERACION_1
,,2,2025-12-16T21:45:51.6124436Z,2025-12-23T21:45:51.6124436Z,2025-12-23T07:00:00Z,2137.45361328125,FLUJO_INSTANTANEO_SCFM,PLC_REFRIGERACION_1
,,2,2025-12-16T21:45:51.6124436Z,2025-12-23T21:45:51.6124436Z,2025-12-23T07:30:00Z,3364.149169921875,FLUJO_INSTANTANEO_SCFM,PLC_REFRIGERACION_1
,,2,2025-12-16T21:45:51.6124436Z,2025-12-23T21:45:51.6124436Z,2025-12-23T08:00:00Z,2282.745849609375,FLUJO_INSTANTANEO_SCFM,PLC_REFRIGERACION_1
,,2,2025-12-16T21:45:51.6124436Z,2025-12-23T21:45:51.6124436Z,2025-12-23T08:30:00Z,2230.089599609375,FLUJO_INSTANTANEO_SCFM,PLC_REFRIGERACION_1
,,2,2025-12-16T21:45:51.6124436Z,2025-12-23T21:45:51.6124436Z,2025-12-23T09:00:00Z,2371.4814453125,FLUJO_INSTANTANEO_SCFM,PLC_REFRIGERACION_1
,,2,2025-12-16T21:45:51.6124436Z,2025-12-23T21:45:51.6124436Z,2025-12-23T09:30:00Z,2188.15966796875,FLUJO_INSTANTANEO_SCFM,PLC_REFRIGERACION_1
,,2,2025-12-16T21:45:51.6124436Z,2025-12-23T21:45:51.6124436Z,2025-12-23T10:00:00Z,2195.960693359375,FLUJO_INSTANTANEO_SCFM,PLC_REFRIGERACION_1
,,2,2025-12-16T21:45:51.6124436Z,2025-12-23T21:45:51.6124436Z,2025-12-23T10:30:00Z,2161.83154296875,FLUJO_INSTANTANEO_SCFM,PLC_REFRIGERACION_1
,,2,2025-12-16T21:45:51.6124436Z,2025-12-23T21:45:51.6124436Z,2025-12-23T11:00:00Z,3363.174072265625,FLUJO_INSTANTANEO_SCFM,PLC_REFRIGERACION_1
,,2,2025-12-16T21:45:51.6124436Z,2025-12-23T21:45:51.6124436Z,2025-12-23T11:30:00Z,2228.139404296875,FLUJO_INSTANTANEO_SCFM,PLC_REFRIGERACION_1
,,2,2025-12-16T21:45:51.6124436Z,2025-12-23T21:45:51.6124436Z,2025-12-23T12:00:00Z,2174.508056640625,FLUJO_INSTANTANEO_SCFM,PLC_REFRIGERACION_1
,,2,2025-12-16T21:45:51.6124436Z,2025-12-23T21:45:51.6124436Z,2025-12-23T12:30:00Z,3364.149169921875,FLUJO_INSTANTANEO_SCFM,PLC_REFRIGERACION_1
,,2,2025-12-16T21:45:51.6124436Z,2025-12-23T21:45:51.6124436Z,2025-12-23T13:00:00Z,3364.149169921875,FLUJO_INSTANTANEO_SCFM,PLC_REFRIGERACION_1
,,2,2025-12-16T21:45:51.6124436Z,2025-12-23T21:45:51.6124436Z,2025-12-23T13:30:00Z,2402.68505859375,FLUJO_INSTANTANEO_SCFM,PLC_REFRIGERACION_1
,,2,2025-12-16T21:45:51.6124436Z,2025-12-23T21:45:51.6124436Z,2025-12-23T14:00:00Z,2300.298095703125,FLUJO_INSTANTANEO_SCFM,PLC_REFRIGERACION_1
,,2,2025-12-16T21:45:51.6124436Z,2025-12-23T21:45:51.6124436Z,2025-12-23T14:30:00Z,2090.648193359375,FLUJO_INSTANTANEO_SCFM,PLC_REFRIGERACION_1
,,2,2025-12-16T21:45:51.6124436Z,2025-12-23T21:45:51.6124436Z,2025-12-23T15:00:00Z,3363.174072265625,FLUJO_INSTANTANEO_SCFM,PLC_REFRIGERACION_1
,,2,2025-12-16T21:45:51.6124436Z,2025-12-23T21:45:51.6124436Z,2025-12-23T15:30:00Z,2329.551513671875,FLUJO_INSTANTANEO_SCFM,PLC_REFRIGERACION_1
,,2,2025-12-16T21:45:51.6124436Z,2025-12-23T21:45:51.6124436Z,2025-12-23T16:00:00Z,2324.67578125,FLUJO_INSTANTANEO_SCFM,PLC_REFRIGERACION_1
,,2,2025-12-16T21:45:51.6124436Z,2025-12-23T21:45:51.6124436Z,2025-12-23T16:30:00Z,2261.29345703125,FLUJO_INSTANTANEO_SCFM,PLC_REFRIGERACION_1
,,2,2025-12-16T21:45:51.6124436Z,2025-12-23T21:45:51.6124436Z,2025-12-23T17:00:00Z,2116.976318359375,FLUJO_INSTANTANEO_SCFM,PLC_REFRIGERACION_1
,,2,2025-12-16T21:45:51.6124436Z,2025-12-23T21:45:51.6124436Z,2025-12-23T17:30:00Z,2071.145751953125,FLUJO_INSTANTANEO_SCFM,PLC_REFRIGERACION_1
,,2,2025-12-16T21:45:51.6124436Z,2025-12-23T21:45:51.6124436Z,2025-12-23T18:00:00Z,2076.99658203125,FLUJO_INSTANTANEO_SCFM,PLC_REFRIGERACION_1
,,2,2025-12-16T21:45:51.6124436Z,2025-12-23T21:45:51.6124436Z,2025-12-23T18:30:00Z,2456.31640625,FLUJO_INSTANTANEO_SCFM,PLC_REFRIGERACION_1
,,2,2025-12-16T21:45:51.6124436Z,2025-12-23T21:45:51.6124436Z,2025-12-23T19:00:00Z,3363.174072265625,FLUJO_INSTANTANEO_SCFM,PLC_REFRIGERACION_1
,,2,2025-12-16T21:45:51.6124436Z,2025-12-23T21:45:51.6124436Z,2025-12-23T19:30:00Z,2127.702392578125,FLUJO_INSTANTANEO_SCFM,PLC_REFRIGERACION_1
,,2,2025-12-16T21:45:51.6124436Z,2025-12-23T21:45:51.6124436Z,2025-12-23T20:00:00Z,2105.27490234375,FLUJO_INSTANTANEO_SCFM,PLC_REFRIGERACION_1
,,2,2025-12-16T21:45:51.6124436Z,2025-12-23T21:45:51.6124436Z,2025-12-23T20:30:00Z,3364.149169921875,FLUJO_INSTANTANEO_SCFM,PLC_REFRIGERACION_1
,,2,2025-12-16T21:45:51.6124436Z,2025-12-23T21:45:51.6124436Z,2025-12-23T21:00:00Z,2241.791015625,FLUJO_INSTANTANEO_SCFM,PLC_REFRIGERACION_1
,,2,2025-12-16T21:45:51.6124436Z,2025-12-23T21:45:51.6124436Z,2025-12-23T21:30:00Z,2085.7724609375,FLUJO_INSTANTANEO_SCFM,PLC_REFRIGERACION_1
,,2,2025-12-16T21:45:51.6124436Z,2025-12-23T21:45:51.6124436Z,2025-12-23T21:45:51.6124436Z,3364.149169921875,FLUJO_INSTANTANEO_SCFM,PLC_REFRIGERACION_1
,,3,2025-12-16T21:45:51.6124436Z,2025-12-23T21:45:51.6124436Z,2025-12-16T22:00:00Z,73.78472137451172,PRESION_AIRE_ENVASE,PLC_REFRIGERACION_1
,,3,2025-12-16T21:45:51.6124436Z,2025-12-23T21:45:51.6124436Z,2025-12-16T22:30:00Z,75.52082824707031,PRESION_AIRE_ENVASE,PLC_REFRIGERACION_1
,,3,2025-12-16T21:45:51.6124436Z,2025-12-23T21:45:51.6124436Z,2025-12-16T23:00:00Z,74.43576049804688,PRESION_AIRE_ENVASE,PLC_REFRIGERACION_1
,,3,2025-12-16T21:45:51.6124436Z,2025-12-23T21:45:51.6124436Z,2025-12-16T23:30:00Z,73.65451049804688,PRESION_AIRE_ENVASE,PLC_REFRIGERACION_1
,,3,2025-12-16T21:45:51.6124436Z,2025-12-23T21:45:51.6124436Z,2025-12-17T00:00:00Z,75.34722137451172,PRESION_AIRE_ENVASE,PLC_REFRIGERACION_1
,,3,2025-12-16T21:45:51.6124436Z,2025-12-23T21:45:51.6124436Z,2025-12-17T00:30:00Z,74.95659637451172,PRESION_AIRE_ENVASE,PLC_REFRIGERACION_1
,,3,2025-12-16T21:45:51.6124436Z,2025-12-23T21:45:51.6124436Z,2025-12-17T01:00:00Z,73.95832824707031,PRESION_AIRE_ENVASE,PLC_REFRIGERACION_1
,,3,2025-12-16T21:45:51.6124436Z,2025-12-23T21:45:51.6124436Z,2025-12-17T01:30:00Z,74.0017318725586,PRESION_AIRE_ENVASE,PLC_REFRIGERACION_1
,,3,2025-12-16T21:45:51.6124436Z,2025-12-23T21:45:51.6124436Z,2025-12-17T02:00:00Z,72.22222137451172,PRESION_AIRE_ENVASE,PLC_REFRIGERACION_1
,,3,2025-12-16T21:45:51.6124436Z,2025-12-23T21:45:51.6124436Z,2025-12-17T02:30:00Z,72.91666412353516,PRESION_AIRE_ENVASE,PLC_REFRIGERACION_1
,,3,2025-12-16T21:45:51.6124436Z,2025-12-23T21:45:51.6124436Z,2025-12-17T03:00:00Z,73.56770324707031,PRESION_AIRE_ENVASE,PLC_REFRIGERACION_1
,,3,2025-12-16T21:45:51.6124436Z,2025-12-23T21:45:51.6124436Z,2025-12-17T03:30:00Z,72.0486068725586,PRESION_AIRE_ENVASE,PLC_REFRIGERACION_1
,,3,2025-12-16T21:45:51.6124436Z,2025-12-23T21:45:51.6124436Z,2025-12-17T04:00:00Z,74.69617462158203,PRESION_AIRE_ENVASE,PLC_REFRIGERACION_1
,,3,2025-12-16T21:45:51.6124436Z,2025-12-23T21:45:51.6124436Z,2025-12-17T04:30:00Z,75.5642318725586,PRESION_AIRE_ENVASE,PLC_REFRIGERACION_1
,,3,2025-12-16T21:45:51.6124436Z,2025-12-23T21:45:51.6124436Z,2025-12-17T05:00:00Z,76.04166412353516,PRESION_AIRE_ENVASE,PLC_REFRIGERACION_1
,,3,2025-12-16T21:45:51.6124436Z,2025-12-23T21:45:51.6124436Z,2025-12-17T05:30:00Z,76.60590362548828,PRESION_AIRE_ENVASE,PLC_REFRIGERACION_1
,,3,2025-12-16T21:45:51.6124436Z,2025-12-23T21:45:51.6124436Z,2025-12-17T06:00:00Z,75.30381774902344,PRESION_AIRE_ENVASE,PLC_REFRIGERACION_1
,,3,2025-12-16T21:45:51.6124436Z,2025-12-23T21:45:51.6124436Z,2025-12-17T06:30:00Z,75.390625,PRESION_AIRE_ENVASE,PLC_REFRIGERACION_1
,,3,2025-12-16T21:45:51.6124436Z,2025-12-23T21:45:51.6124436Z,2025-12-17T07:00:00Z,77.30034637451172,PRESION_AIRE_ENVASE,PLC_REFRIGERACION_1
,,3,2025-12-16T21:45:51.6124436Z,2025-12-23T21:45:51.6124436Z,2025-12-17T07:30:00Z,76.82291412353516,PRESION_AIRE_ENVASE,PLC_REFRIGERACION_1
,,3,2025-12-16T21:45:51.6124436Z,2025-12-23T21:45:51.6124436Z,2025-12-17T08:00:00Z,80.29513549804688,PRESION_AIRE_ENVASE,PLC_REFRIGERACION_1
,,3,2025-12-16T21:45:51.6124436Z,2025-12-23T21:45:51.6124436Z,2025-12-17T08:30:00Z,76.77951049804688,PRESION_AIRE_ENVASE,PLC_REFRIGERACION_1
,,3,2025-12-16T21:45:51.6124436Z,2025-12-23T21:45:51.6124436Z,2025-12-17T09:00:00Z,78.08159637451172,PRESION_AIRE_ENVASE,PLC_REFRIGERACION_1
,,3,2025-12-16T21:45:51.6124436Z,2025-12-23T21:45:51.6124436Z,2025-12-17T09:30:00Z,76.69270324707031,PRESION_AIRE_ENVASE,PLC_REFRIGERACION_1
,,3,2025-12-16T21:45:51.6124436Z,2025-12-23T21:45:51.6124436Z,2025-12-17T10:00:00Z,78.81944274902344,PRESION_AIRE_ENVASE,PLC_REFRIGERACION_1
,,3,2025-12-16T21:45:51.6124436Z,2025-12-23T21:45:51.6124436Z,2025-12-17T10:30:00Z,77.5173568725586,PRESION_AIRE_ENVASE,PLC_REFRIGERACION_1
,,3,2025-12-16T21:45:51.6124436Z,2025-12-23T21:45:51.6124436Z,2025-12-17T11:00:00Z,76.90972137451172,PRESION_AIRE_ENVASE,PLC_REFRIGERACION_1
,,3,2025-12-16T21:45:51.6124436Z,2025-12-23T21:45:51.6124436Z,2025-12-17T11:30:00Z,78.08159637451172,PRESION_AIRE_ENVASE,PLC_REFRIGERACION_1
,,3,2025-12-16T21:45:51.6124436Z,2025-12-23T21:45:51.6124436Z,2025-12-17T12:00:00Z,79.90451049804688,PRESION_AIRE_ENVASE,PLC_REFRIGERACION_1
,,3,2025-12-16T21:45:51.6124436Z,2025-12-23T21:45:51.6124436Z,2025-12-17T12:30:00Z,79.94791412353516,PRESION_AIRE_ENVASE,PLC_REFRIGERACION_1
,,3,2025-12-16T21:45:51.6124436Z,2025-12-23T21:45:51.6124436Z,2025-12-17T13:00:00Z,79.81770324707031,PRESION_AIRE_ENVASE,PLC_REFRIGERACION_1
,,3,2025-12-16T21:45:51.6124436Z,2025-12-23T21:45:51.6124436Z,2025-12-17T13:30:00Z,79.38367462158203,PRESION_AIRE_ENVASE,PLC_REFRIGERACION_1
,,3,2025-12-16T21:45:51.6124436Z,2025-12-23T21:45:51.6124436Z,2025-12-17T14:00:00Z,80.77256774902344,PRESION_AIRE_ENVASE,PLC_REFRIGERACION_1
,,3,2025-12-16T21:45:51.6124436Z,2025-12-23T21:45:51.6124436Z,2025-12-17T14:30:00Z,85.50347137451172,PRESION_AIRE_ENVASE,PLC_REFRIGERACION_1
,,3,2025-12-16T21:45:51.6124436Z,2025-12-23T21:45:51.6124436Z,2025-12-17T15:00:00Z,82.94270324707031,PRESION_AIRE_ENVASE,PLC_REFRIGERACION_1
,,3,2025-12-16T21:45:51.6124436Z,2025-12-23T21:45:51.6124436Z,2025-12-17T15:30:00Z,82.29166412353516,PRESION_AIRE_ENVASE,PLC_REFRIGERACION_1
,,3,2025-12-16T21:45:51.6124436Z,2025-12-23T21:45:51.6124436Z,2025-12-17T16:00:00Z,79.90451049804688,PRESION_AIRE_ENVASE,PLC_REFRIGERACION_1
,,3,2025-12-16T21:45:51.6124436Z,2025-12-23T21:45:51.6124436Z,2025-12-17T16:30:00Z,80.16492462158203,PRESION_AIRE_ENVASE,PLC_REFRIGERACION_1
,,3,2025-12-16T21:45:51.6124436Z,2025-12-23T21:45:51.6124436Z,2025-12-17T17:00:00Z,81.20659637451172,PRESION_AIRE_ENVASE,PLC_REFRIGERACION_1
,,3,2025-12-16T21:45:51.6124436Z,2025-12-23T21:45:51.6124436Z,2025-12-17T17:30:00Z,81.90103912353516,PRESION_AIRE_ENVASE,PLC_REFRIGERACION_1
,,3,2025-12-16T21:45:51.6124436Z,2025-12-23T21:45:51.6124436Z,2025-12-17T18:00:00Z,80.2517318725586,PRESION_AIRE_ENVASE,PLC_REFRIGERACION_1
,,3,2025-12-16T21:45:51.6124436Z,2025-12-23T21:45:51.6124436Z,2025-12-17T18:30:00Z,80.03472137451172,PRESION_AIRE_ENVASE,PLC_REFRIGERACION_1
,,3,2025-12-16T21:45:51.6124436Z,2025-12-23T21:45:51.6124436Z,2025-12-17T19:00:00Z,77.5173568725586,PRESION_AIRE_ENVASE,PLC_REFRIGERACION_1
,,3,2025-12-16T21:45:51.6124436Z,2025-12-23T21:45:51.6124436Z,2025-12-17T19:30:00Z,77.34375,PRESION_AIRE_ENVASE,PLC_REFRIGERACION_1
,,3,2025-12-16T21:45:51.6124436Z,2025-12-23T21:45:51.6124436Z,2025-12-17T20:00:00Z,76.38888549804688,PRESION_AIRE_ENVASE,PLC_REFRIGERACION_1
,,3,2025-12-16T21:45:51.6124436Z,2025-12-23T21:45:51.6124436Z,2025-12-17T20:30:00Z,76.04166412353516,PRESION_AIRE_ENVASE,PLC_REFRIGERACION_1
,,3,2025-12-16T21:45:51.6124436Z,2025-12-23T21:45:51.6124436Z,2025-12-17T21:00:00Z,77.9079818725586,PRESION_AIRE_ENVASE,PLC_REFRIGERACION_1
,,3,2025-12-16T21:45:51.6124436Z,2025-12-23T21:45:51.6124436Z,2025-12-17T21:30:00Z,78.64582824707031,PRESION_AIRE_ENVASE,PLC_REFRIGERACION_1
,,3,2025-12-16T21:45:51.6124436Z,2025-12-23T21:45:51.6124436Z,2025-12-17T22:00:00Z,77.69097137451172,PRESION_AIRE_ENVASE,PLC_REFRIGERACION_1
,,3,2025-12-16T21:45:51.6124436Z,2025-12-23T21:45:51.6124436Z,2025-12-17T22:30:00Z,77.734375,PRESION_AIRE_ENVASE,PLC_REFRIGERACION_1
,,3,2025-12-16T21:45:51.6124436Z,2025-12-23T21:45:51.6124436Z,2025-12-17T23:00:00Z,79.94791412353516,PRESION_AIRE_ENVASE,PLC_REFRIGERACION_1
,,3,2025-12-16T21:45:51.6124436Z,2025-12-23T21:45:51.6124436Z,2025-12-17T23:30:00Z,77.03992462158203,PRESION_AIRE_ENVASE,PLC_REFRIGERACION_1
,,3,2025-12-16T21:45:51.6124436Z,2025-12-23T21:45:51.6124436Z,2025-12-18T17:00:00Z,75.13020324707031,PRESION_AIRE_ENVASE,PLC_REFRIGERACION_1
,,3,2025-12-16T21:45:51.6124436Z,2025-12-23T21:45:51.6124436Z,2025-12-18T17:30:00Z,75.26041412353516,PRESION_AIRE_ENVASE,PLC_REFRIGERACION_1
,,3,2025-12-16T21:45:51.6124436Z,2025-12-23T21:45:51.6124436Z,2025-12-18T18:00:00Z,74.17534637451172,PRESION_AIRE_ENVASE,PLC_REFRIGERACION_1
,,3,2025-12-16T21:45:51.6124436Z,2025-12-23T21:45:51.6124436Z,2025-12-18T18:30:00Z,73.30728912353516,PRESION_AIRE_ENVASE,PLC_REFRIGERACION_1
,,3,2025-12-16T21:45:51.6124436Z,2025-12-23T21:45:51.6124436Z,2025-12-18T19:00:00Z,74.65277862548828,PRESION_AIRE_ENVASE,PLC_REFRIGERACION_1
,,3,2025-12-16T21:45:51.6124436Z,2025-12-23T21:45:51.6124436Z,2025-12-18T19:30:00Z,72.09201049804688,PRESION_AIRE_ENVASE,PLC_REFRIGERACION_1
,,3,2025-12-16T21:45:51.6124436Z,2025-12-23T21:45:51.6124436Z,2025-12-18T20:00:00Z,73.52429962158203,PRESION_AIRE_ENVASE,PLC_REFRIGERACION_1
,,3,2025-12-16T21:45:51.6124436Z,2025-12-23T21:45:51.6124436Z,2025-12-18T20:30:00Z,73.65451049804688,PRESION_AIRE_ENVASE,PLC_REFRIGERACION_1
,,3,2025-12-16T21:45:51.6124436Z,2025-12-23T21:45:51.6124436Z,2025-12-18T21:00:00Z,74.86978912353516,PRESION_AIRE_ENVASE,PLC_REFRIGERACION_1
,,3,2025-12-16T21:45:51.6124436Z,2025-12-23T21:45:51.6124436Z,2025-12-18T21:30:00Z,77.34375,PRESION_AIRE_ENVASE,PLC_REFRIGERACION_1
,,3,2025-12-16T21:45:51.6124436Z,2025-12-23T21:45:51.6124436Z,2025-12-18T22:00:00Z,72.56944274902344,PRESION_AIRE_ENVASE,PLC_REFRIGERACION_1
,,3,2025-12-16T21:45:51.6124436Z,2025-12-23T21:45:51.6124436Z,2025-12-18T22:30:00Z,75.47742462158203,PRESION_AIRE_ENVASE,PLC_REFRIGERACION_1
,,3,2025-12-16T21:45:51.6124436Z,2025-12-23T21:45:51.6124436Z,2025-12-18T23:00:00Z,75.08679962158203,PRESION_AIRE_ENVASE,PLC_REFRIGERACION_1
,,3,2025-12-16T21:45:51.6124436Z,2025-12-23T21:45:51.6124436Z,2025-12-18T23:30:00Z,75.13020324707031,PRESION_AIRE_ENVASE,PLC_REFRIGERACION_1
,,3,2025-12-16T21:45:51.6124436Z,2025-12-23T21:45:51.6124436Z,2025-12-19T00:00:00Z,78.42881774902344,PRESION_AIRE_ENVASE,PLC_REFRIGERACION_1
,,3,2025-12-16T21:45:51.6124436Z,2025-12-23T21:45:51.6124436Z,2025-12-19T00:30:00Z,79.81770324707031,PRESION_AIRE_ENVASE,PLC_REFRIGERACION_1
,,3,2025-12-16T21:45:51.6124436Z,2025-12-23T21:45:51.6124436Z,2025-12-19T01:00:00Z,79.03645324707031,PRESION_AIRE_ENVASE,PLC_REFRIGERACION_1
,,3,2025-12-16T21:45:51.6124436Z,2025-12-23T21:45:51.6124436Z,2025-12-19T01:30:00Z,79.73089599609375,PRESION_AIRE_ENVASE,PLC_REFRIGERACION_1
,,3,2025-12-16T21:45:51.6124436Z,2025-12-23T21:45:51.6124436Z,2025-12-19T02:00:00Z,80.03472137451172,PRESION_AIRE_ENVASE,PLC_REFRIGERACION_1
,,3,2025-12-16T21:45:51.6124436Z,2025-12-23T21:45:51.6124436Z,2025-12-19T02:30:00Z,78.55902099609375,PRESION_AIRE_ENVASE,PLC_REFRIGERACION_1
,,3,2025-12-16T21:45:51.6124436Z,2025-12-23T21:45:51.6124436Z,2025-12-19T03:00:00Z,79.60069274902344,PRESION_AIRE_ENVASE,PLC_REFRIGERACION_1
,,3,2025-12-16T21:45:51.6124436Z,2025-12-23T21:45:51.6124436Z,2025-12-19T03:30:00Z,78.73263549804688,PRESION_AIRE_ENVASE,PLC_REFRIGERACION_1
,,3,2025-12-16T21:45:51.6124436Z,2025-12-23T21:45:51.6124436Z,2025-12-19T04:00:00Z,78.42881774902344,PRESION_AIRE_ENVASE,PLC_REFRIGERACION_1
,,3,2025-12-16T21:45:51.6124436Z,2025-12-23T21:45:51.6124436Z,2025-12-19T04:30:00Z,79.81770324707031,PRESION_AIRE_ENVASE,PLC_REFRIGERACION_1
,,3,2025-12-16T21:45:51.6124436Z,2025-12-23T21:45:51.6124436Z,2025-12-19T05:00:00Z,80.29513549804688,PRESION_AIRE_ENVASE,PLC_REFRIGERACION_1
,,3,2025-12-16T21:45:51.6124436Z,2025-12-23T21:45:51.6124436Z,2025-12-19T05:30:00Z,82.94270324707031,PRESION_AIRE_ENVASE,PLC_REFRIGERACION_1
,,3,2025-12-16T21:45:51.6124436Z,2025-12-23T21:45:51.6124436Z,2025-12-19T06:00:00Z,83.50694274902344,PRESION_AIRE_ENVASE,PLC_REFRIGERACION_1
,,3,2025-12-16T21:45:51.6124436Z,2025-12-23T21:45:51.6124436Z,2025-12-19T06:30:00Z,80.55554962158203,PRESION_AIRE_ENVASE,PLC_REFRIGERACION_1
,,3,2025-12-16T21:45:51.6124436Z,2025-12-23T21:45:51.6124436Z,2025-12-19T07:00:00Z,79.94791412353516,PRESION_AIRE_ENVASE,PLC_REFRIGERACION_1
,,3,2025-12-16T21:45:51.6124436Z,2025-12-23T21:45:51.6124436Z,2025-12-19T07:30:00Z,79.90451049804688,PRESION_AIRE_ENVASE,PLC_REFRIGERACION_1
,,3,2025-12-16T21:45:51.6124436Z,2025-12-23T21:45:51.6124436Z,2025-12-19T08:00:00Z,76.12847137451172,PRESION_AIRE_ENVASE,PLC_REFRIGERACION_1
,,3,2025-12-16T21:45:51.6124436Z,2025-12-23T21:45:51.6124436Z,2025-12-19T08:30:00Z,83.203125,PRESION_AIRE_ENVASE,PLC_REFRIGERACION_1
,,3,2025-12-16T21:45:51.6124436Z,2025-12-23T21:45:51.6124436Z,2025-12-19T09:00:00Z,83.203125,PRESION_AIRE_ENVASE,PLC_REFRIGERACION_1
,,3,2025-12-16T21:45:51.6124436Z,2025-12-23T21:45:51.6124436Z,2025-12-19T09:30:00Z,83.94097137451172,PRESION_AIRE_ENVASE,PLC_REFRIGERACION_1
,,3,2025-12-16T21:45:51.6124436Z,2025-12-23T21:45:51.6124436Z,2025-12-19T10:00:00Z,80.90277099609375,PRESION_AIRE_ENVASE,PLC_REFRIGERACION_1
,,3,2025-12-16T21:45:51.6124436Z,2025-12-23T21:45:51.6124436Z,2025-12-19T10:30:00Z,81.16319274902344,PRESION_AIRE_ENVASE,PLC_REFRIGERACION_1
,,3,2025-12-16T21:45:51.6124436Z,2025-12-23T21:45:51.6124436Z,2025-12-19T11:00:00Z,80.72916412353516,PRESION_AIRE_ENVASE,PLC_REFRIGERACION_1
,,3,2025-12-16T21:45:51.6124436Z,2025-12-23T21:45:51.6124436Z,2025-12-19T11:30:00Z,81.46701049804688,PRESION_AIRE_ENVASE,PLC_REFRIGERACION_1
,,3,2025-12-16T21:45:51.6124436Z,2025-12-23T21:45:51.6124436Z,2025-12-19T12:00:00Z,82.11804962158203,PRESION_AIRE_ENVASE,PLC_REFRIGERACION_1
,,3,2025-12-16T21:45:51.6124436Z,2025-12-23T21:45:51.6124436Z,2025-12-19T12:30:00Z,75.60763549804688,PRESION_AIRE_ENVASE,PLC_REFRIGERACION_1
,,3,2025-12-16T21:45:51.6124436Z,2025-12-23T21:45:51.6124436Z,2025-12-19T13:00:00Z,76.04166412353516,PRESION_AIRE_ENVASE,PLC_REFRIGERACION_1
,,3,2025-12-16T21:45:51.6124436Z,2025-12-23T21:45:51.6124436Z,2025-12-19T13:30:00Z,76.38888549804688,PRESION_AIRE_ENVASE,PLC_REFRIGERACION_1
,,3,2025-12-16T21:45:51.6124436Z,2025-12-23T21:45:51.6124436Z,2025-12-19T14:00:00Z,76.82291412353516,PRESION_AIRE_ENVASE,PLC_REFRIGERACION_1
,,3,2025-12-16T21:45:51.6124436Z,2025-12-23T21:45:51.6124436Z,2025-12-19T14:30:00Z,74.17534637451172,PRESION_AIRE_ENVASE,PLC_REFRIGERACION_1
,,3,2025-12-16T21:45:51.6124436Z,2025-12-23T21:45:51.6124436Z,2025-12-19T15:00:00Z,75.08679962158203,PRESION_AIRE_ENVASE,PLC_REFRIGERACION_1
,,3,2025-12-16T21:45:51.6124436Z,2025-12-23T21:45:51.6124436Z,2025-12-19T15:30:00Z,75.91145324707031,PRESION_AIRE_ENVASE,PLC_REFRIGERACION_1
,,3,2025-12-16T21:45:51.6124436Z,2025-12-23T21:45:51.6124436Z,2025-12-19T16:00:00Z,74.609375,PRESION_AIRE_ENVASE,PLC_REFRIGERACION_1
,,3,2025-12-16T21:45:51.6124436Z,2025-12-23T21:45:51.6124436Z,2025-12-19T16:30:00Z,73.74131774902344,PRESION_AIRE_ENVASE,PLC_REFRIGERACION_1
,,3,2025-12-16T21:45:51.6124436Z,2025-12-23T21:45:51.6124436Z,2025-12-19T17:00:00Z,74.609375,PRESION_AIRE_ENVASE,PLC_REFRIGERACION_1
,,3,2025-12-16T21:45:51.6124436Z,2025-12-23T21:45:51.6124436Z,2025-12-19T17:30:00Z,73.52429962158203,PRESION_AIRE_ENVASE,PLC_REFRIGERACION_1
,,3,2025-12-16T21:45:51.6124436Z,2025-12-23T21:45:51.6124436Z,2025-12-19T18:00:00Z,72.52603912353516,PRESION_AIRE_ENVASE,PLC_REFRIGERACION_1
,,3,2025-12-16T21:45:51.6124436Z,2025-12-23T21:45:51.6124436Z,2025-12-19T18:30:00Z,73.95832824707031,PRESION_AIRE_ENVASE,PLC_REFRIGERACION_1
,,3,2025-12-16T21:45:51.6124436Z,2025-12-23T21:45:51.6124436Z,2025-12-19T19:00:00Z,74.69617462158203,PRESION_AIRE_ENVASE,PLC_REFRIGERACION_1
,,3,2025-12-16T21:45:51.6124436Z,2025-12-23T21:45:51.6124436Z,2025-12-19T19:30:00Z,78.73263549804688,PRESION_AIRE_ENVASE,PLC_REFRIGERACION_1
,,3,2025-12-16T21:45:51.6124436Z,2025-12-23T21:45:51.6124436Z,2025-12-19T20:00:00Z,74.08853912353516,PRESION_AIRE_ENVASE,PLC_REFRIGERACION_1
,,3,2025-12-16T21:45:51.6124436Z,2025-12-23T21:45:51.6124436Z,2025-12-19T20:30:00Z,75.08679962158203,PRESION_AIRE_ENVASE,PLC_REFRIGERACION_1
,,3,2025-12-16T21:45:51.6124436Z,2025-12-23T21:45:51.6124436Z,2025-12-19T21:00:00Z,73.4375,PRESION_AIRE_ENVASE,PLC_REFRIGERACION_1
,,3,2025-12-16T21:45:51.6124436Z,2025-12-23T21:45:51.6124436Z,2025-12-19T21:30:00Z,75.390625,PRESION_AIRE_ENVASE,PLC_REFRIGERACION_1
,,3,2025-12-16T21:45:51.6124436Z,2025-12-23T21:45:51.6124436Z,2025-12-19T22:00:00Z,73.09027862548828,PRESION_AIRE_ENVASE,PLC_REFRIGERACION_1
,,3,2025-12-16T21:45:51.6124436Z,2025-12-23T21:45:51.6124436Z,2025-12-19T22:30:00Z,74.0017318725586,PRESION_AIRE_ENVASE,PLC_REFRIGERACION_1
,,3,2025-12-16T21:45:51.6124436Z,2025-12-23T21:45:51.6124436Z,2025-12-19T23:00:00Z,73.74131774902344,PRESION_AIRE_ENVASE,PLC_REFRIGERACION_1
,,3,2025-12-16T21:45:51.6124436Z,2025-12-23T21:45:51.6124436Z,2025-12-19T23:30:00Z,73.6111068725586,PRESION_AIRE_ENVASE,PLC_REFRIGERACION_1
,,3,2025-12-16T21:45:51.6124436Z,2025-12-23T21:45:51.6124436Z,2025-12-20T00:00:00Z,74.86978912353516,PRESION_AIRE_ENVASE,PLC_REFRIGERACION_1
,,3,2025-12-16T21:45:51.6124436Z,2025-12-23T21:45:51.6124436Z,2025-12-20T00:30:00Z,72.56944274902344,PRESION_AIRE_ENVASE,PLC_REFRIGERACION_1
,,3,2025-12-16T21:45:51.6124436Z,2025-12-23T21:45:51.6124436Z,2025-12-20T01:00:00Z,71.05034637451172,PRESION_AIRE_ENVASE,PLC_REFRIGERACION_1
,,3,2025-12-16T21:45:51.6124436Z,2025-12-23T21:45:51.6124436Z,2025-12-20T01:30:00Z,71.57117462158203,PRESION_AIRE_ENVASE,PLC_REFRIGERACION_1
,,3,2025-12-16T21:45:51.6124436Z,2025-12-23T21:45:51.6124436Z,2025-12-20T02:00:00Z,76.38888549804688,PRESION_AIRE_ENVASE,PLC_REFRIGERACION_1
,,3,2025-12-16T21:45:51.6124436Z,2025-12-23T21:45:51.6124436Z,2025-12-20T02:30:00Z,76.12847137451172,PRESION_AIRE_ENVASE,PLC_REFRIGERACION_1
,,3,2025-12-16T21:45:51.6124436Z,2025-12-23T21:45:51.6124436Z,2025-12-20T03:00:00Z,75.99826049804688,PRESION_AIRE_ENVASE,PLC_REFRIGERACION_1
,,3,2025-12-16T21:45:51.6124436Z,2025-12-23T21:45:51.6124436Z,2025-12-20T03:30:00Z,78.2986068725586,PRESION_AIRE_ENVASE,PLC_REFRIGERACION_1
,,3,2025-12-16T21:45:51.6124436Z,2025-12-23T21:45:51.6124436Z,2025-12-20T04:00:00Z,76.64929962158203,PRESION_AIRE_ENVASE,PLC_REFRIGERACION_1
,,3,2025-12-16T21:45:51.6124436Z,2025-12-23T21:45:51.6124436Z,2025-12-20T04:30:00Z,74.69617462158203,PRESION_AIRE_ENVASE,PLC_REFRIGERACION_1
,,3,2025-12-16T21:45:51.6124436Z,2025-12-23T21:45:51.6124436Z,2025-12-20T05:00:00Z,74.43576049804688,PRESION_AIRE_ENVASE,PLC_REFRIGERACION_1
,,3,2025-12-16T21:45:51.6124436Z,2025-12-23T21:45:51.6124436Z,2025-12-20T05:30:00Z,75.5642318725586,PRESION_AIRE_ENVASE,PLC_REFRIGERACION_1
,,3,2025-12-16T21:45:51.6124436Z,2025-12-23T21:45:51.6124436Z,2025-12-20T06:00:00Z,74.82638549804688,PRESION_AIRE_ENVASE,PLC_REFRIGERACION_1
,,3,2025-12-16T21:45:51.6124436Z,2025-12-23T21:45:51.6124436Z,2025-12-20T06:30:00Z,78.64582824707031,PRESION_AIRE_ENVASE,PLC_REFRIGERACION_1
,,3,2025-12-16T21:45:51.6124436Z,2025-12-23T21:45:51.6124436Z,2025-12-20T07:00:00Z,74.43576049804688,PRESION_AIRE_ENVASE,PLC_REFRIGERACION_1
,,3,2025-12-16T21:45:51.6124436Z,2025-12-23T21:45:51.6124436Z,2025-12-20T07:30:00Z,79.38367462158203,PRESION_AIRE_ENVASE,PLC_REFRIGERACION_1
,,3,2025-12-16T21:45:51.6124436Z,2025-12-23T21:45:51.6124436Z,2025-12-20T08:00:00Z,74.43576049804688,PRESION_AIRE_ENVASE,PLC_REFRIGERACION_1
,,3,2025-12-16T21:45:51.6124436Z,2025-12-23T21:45:51.6124436Z,2025-12-20T08:30:00Z,77.47395324707031,PRESION_AIRE_ENVASE,PLC_REFRIGERACION_1
,,3,2025-12-16T21:45:51.6124436Z,2025-12-23T21:45:51.6124436Z,2025-12-20T09:00:00Z,78.08159637451172,PRESION_AIRE_ENVASE,PLC_REFRIGERACION_1
,,3,2025-12-16T21:45:51.6124436Z,2025-12-23T21:45:51.6124436Z,2025-12-20T09:30:00Z,78.73263549804688,PRESION_AIRE_ENVASE,PLC_REFRIGERACION_1
,,3,2025-12-16T21:45:51.6124436Z,2025-12-23T21:45:51.6124436Z,2025-12-20T10:00:00Z,79.03645324707031,PRESION_AIRE_ENVASE,PLC_REFRIGERACION_1
,,3,2025-12-16T21:45:51.6124436Z,2025-12-23T21:45:51.6124436Z,2025-12-20T10:30:00Z,79.4704818725586,PRESION_AIRE_ENVASE,PLC_REFRIGERACION_1
,,3,2025-12-16T21:45:51.6124436Z,2025-12-23T21:45:51.6124436Z,2025-12-20T11:00:00Z,76.21527862548828,PRESION_AIRE_ENVASE,PLC_REFRIGERACION_1
,,3,2025-12-16T21:45:51.6124436Z,2025-12-23T21:45:51.6124436Z,2025-12-20T11:30:00Z,77.86457824707031,PRESION_AIRE_ENVASE,PLC_REFRIGERACION_1
,,3,2025-12-16T21:45:51.6124436Z,2025-12-23T21:45:51.6124436Z,2025-12-20T12:00:00Z,82.50867462158203,PRESION_AIRE_ENVASE,PLC_REFRIGERACION_1
,,3,2025-12-16T21:45:51.6124436Z,2025-12-23T21:45:51.6124436Z,2025-12-20T12:30:00Z,77.56076049804688,PRESION_AIRE_ENVASE,PLC_REFRIGERACION_1
,,3,2025-12-16T21:45:51.6124436Z,2025-12-23T21:45:51.6124436Z,2025-12-20T13:00:00Z,78.125,PRESION_AIRE_ENVASE,PLC_REFRIGERACION_1
,,3,2025-12-16T21:45:51.6124436Z,2025-12-23T21:45:51.6124436Z,2025-12-20T13:30:00Z,77.5173568725586,PRESION_AIRE_ENVASE,PLC_REFRIGERACION_1
,,3,2025-12-16T21:45:51.6124436Z,2025-12-23T21:45:51.6124436Z,2025-12-20T14:00:00Z,76.171875,PRESION_AIRE_ENVASE,PLC_REFRIGERACION_1
,,3,2025-12-16T21:45:51.6124436Z,2025-12-23T21:45:51.6124436Z,2025-12-20T14:30:00Z,75.34722137451172,PRESION_AIRE_ENVASE,PLC_REFRIGERACION_1
,,3,2025-12-16T21:45:51.6124436Z,2025-12-23T21:45:51.6124436Z,2025-12-20T15:00:00Z,73.74131774902344,PRESION_AIRE_ENVASE,PLC_REFRIGERACION_1
,,3,2025-12-16T21:45:51.6124436Z,2025-12-23T21:45:51.6124436Z,2025-12-20T15:30:00Z,73.78472137451172,PRESION_AIRE_ENVASE,PLC_REFRIGERACION_1
,,3,2025-12-16T21:45:51.6124436Z,2025-12-23T21:45:51.6124436Z,2025-12-20T16:00:00Z,73.4375,PRESION_AIRE_ENVASE,PLC_REFRIGERACION_1
,,3,2025-12-16T21:45:51.6124436Z,2025-12-23T21:45:51.6124436Z,2025-12-20T16:30:00Z,74.0017318725586,PRESION_AIRE_ENVASE,PLC_REFRIGERACION_1
,,3,2025-12-16T21:45:51.6124436Z,2025-12-23T21:45:51.6124436Z,2025-12-20T17:00:00Z,73.30728912353516,PRESION_AIRE_ENVASE,PLC_REFRIGERACION_1
,,3,2025-12-16T21:45:51.6124436Z,2025-12-23T21:45:51.6124436Z,2025-12-20T17:30:00Z,72.52603912353516,PRESION_AIRE_ENVASE,PLC_REFRIGERACION_1
,,3,2025-12-16T21:45:51.6124436Z,2025-12-23T21:45:51.6124436Z,2025-12-20T18:00:00Z,74.69617462158203,PRESION_AIRE_ENVASE,PLC_REFRIGERACION_1
,,3,2025-12-16T21:45:51.6124436Z,2025-12-23T21:45:51.6124436Z,2025-12-20T18:30:00Z,72.78645324707031,PRESION_AIRE_ENVASE,PLC_REFRIGERACION_1
,,3,2025-12-16T21:45:51.6124436Z,2025-12-23T21:45:51.6124436Z,2025-12-20T19:00:00Z,72.52603912353516,PRESION_AIRE_ENVASE,PLC_REFRIGERACION_1
,,3,2025-12-16T21:45:51.6124436Z,2025-12-23T21:45:51.6124436Z,2025-12-20T19:30:00Z,73.95832824707031,PRESION_AIRE_ENVASE,PLC_REFRIGERACION_1
,,3,2025-12-16T21:45:51.6124436Z,2025-12-23T21:45:51.6124436Z,2025-12-20T20:00:00Z,74.3923568725586,PRESION_AIRE_ENVASE,PLC_REFRIGERACION_1
,,3,2025-12-16T21:45:51.6124436Z,2025-12-23T21:45:51.6124436Z,2025-12-20T20:30:00Z,76.69270324707031,PRESION_AIRE_ENVASE,PLC_REFRIGERACION_1
,,3,2025-12-16T21:45:51.6124436Z,2025-12-23T21:45:51.6124436Z,2025-12-20T21:00:00Z,75.82465362548828,PRESION_AIRE_ENVASE,PLC_REFRIGERACION_1
,,3,2025-12-16T21:45:51.6124436Z,2025-12-23T21:45:51.6124436Z,2025-12-20T21:30:00Z,76.25867462158203,PRESION_AIRE_ENVASE,PLC_REFRIGERACION_1
,,3,2025-12-16T21:45:51.6124436Z,2025-12-23T21:45:51.6124436Z,2025-12-20T22:00:00Z,75.82465362548828,PRESION_AIRE_ENVASE,PLC_REFRIGERACION_1
,,3,2025-12-16T21:45:51.6124436Z,2025-12-23T21:45:51.6124436Z,2025-12-20T22:30:00Z,74.73957824707031,PRESION_AIRE_ENVASE,PLC_REFRIGERACION_1
,,3,2025-12-16T21:45:51.6124436Z,2025-12-23T21:45:51.6124436Z,2025-12-20T23:00:00Z,75.5642318725586,PRESION_AIRE_ENVASE,PLC_REFRIGERACION_1
,,3,2025-12-16T21:45:51.6124436Z,2025-12-23T21:45:51.6124436Z,2025-12-20T23:30:00Z,75.99826049804688,PRESION_AIRE_ENVASE,PLC_REFRIGERACION_1
,,3,2025-12-16T21:45:51.6124436Z,2025-12-23T21:45:51.6124436Z,2025-12-21T00:00:00Z,75.73784637451172,PRESION_AIRE_ENVASE,PLC_REFRIGERACION_1
,,3,2025-12-16T21:45:51.6124436Z,2025-12-23T21:45:51.6124436Z,2025-12-21T00:30:00Z,76.69270324707031,PRESION_AIRE_ENVASE,PLC_REFRIGERACION_1
,,3,2025-12-16T21:45:51.6124436Z,2025-12-23T21:45:51.6124436Z,2025-12-21T01:00:00Z,76.60590362548828,PRESION_AIRE_ENVASE,PLC_REFRIGERACION_1
,,3,2025-12-16T21:45:51.6124436Z,2025-12-23T21:45:51.6124436Z,2025-12-21T01:30:00Z,76.12847137451172,PRESION_AIRE_ENVASE,PLC_REFRIGERACION_1
,,3,2025-12-16T21:45:51.6124436Z,2025-12-23T21:45:51.6124436Z,2025-12-21T02:00:00Z,77.5173568725586,PRESION_AIRE_ENVASE,PLC_REFRIGERACION_1
,,3,2025-12-16T21:45:51.6124436Z,2025-12-23T21:45:51.6124436Z,2025-12-21T02:30:00Z,76.82291412353516,PRESION_AIRE_ENVASE,PLC_REFRIGERACION_1
,,3,2025-12-16T21:45:51.6124436Z,2025-12-23T21:45:51.6124436Z,2025-12-21T03:00:00Z,78.515625,PRESION_AIRE_ENVASE,PLC_REFRIGERACION_1
,,3,2025-12-16T21:45:51.6124436Z,2025-12-23T21:45:51.6124436Z,2025-12-21T03:30:00Z,77.56076049804688,PRESION_AIRE_ENVASE,PLC_REFRIGERACION_1
,,3,2025-12-16T21:45:51.6124436Z,2025-12-23T21:45:51.6124436Z,2025-12-21T04:00:00Z,79.25347137451172,PRESION_AIRE_ENVASE,PLC_REFRIGERACION_1
,,3,2025-12-16T21:45:51.6124436Z,2025-12-23T21:45:51.6124436Z,2025-12-21T04:30:00Z,80.90277099609375,PRESION_AIRE_ENVASE,PLC_REFRIGERACION_1
,,3,2025-12-16T21:45:51.6124436Z,2025-12-23T21:45:51.6124436Z,2025-12-21T05:00:00Z,83.203125,PRESION_AIRE_ENVASE,PLC_REFRIGERACION_1
,,3,2025-12-16T21:45:51.6124436Z,2025-12-23T21:45:51.6124436Z,2025-12-21T05:30:00Z,92.10069274902344,PRESION_AIRE_ENVASE,PLC_REFRIGERACION_1
,,3,2025-12-16T21:45:51.6124436Z,2025-12-23T21:45:51.6124436Z,2025-12-21T06:00:00Z,73.828125,PRESION_AIRE_ENVASE,PLC_REFRIGERACION_1
,,3,2025-12-16T21:45:51.6124436Z,2025-12-23T21:45:51.6124436Z,2025-12-21T06:30:00Z,73.828125,PRESION_AIRE_ENVASE,PLC_REFRIGERACION_1
,,3,2025-12-16T21:45:51.6124436Z,2025-12-23T21:45:51.6124436Z,2025-12-21T07:00:00Z,67.578125,PRESION_AIRE_ENVASE,PLC_REFRIGERACION_1
,,3,2025-12-16T21:45:51.6124436Z,2025-12-23T21:45:51.6124436Z,2025-12-21T07:30:00Z,73.74131774902344,PRESION_AIRE_ENVASE,PLC_REFRIGERACION_1
,,3,2025-12-16T21:45:51.6124436Z,2025-12-23T21:45:51.6124436Z,2025-12-21T08:00:00Z,71.05034637451172,PRESION_AIRE_ENVASE,PLC_REFRIGERACION_1
,,3,2025-12-16T21:45:51.6124436Z,2025-12-23T21:45:51.6124436Z,2025-12-21T08:30:00Z,84.63541412353516,PRESION_AIRE_ENVASE,PLC_REFRIGERACION_1
,,3,2025-12-16T21:45:51.6124436Z,2025-12-23T21:45:51.6124436Z,2025-12-21T09:00:00Z,83.203125,PRESION_AIRE_ENVASE,PLC_REFRIGERACION_1
,,3,2025-12-16T21:45:51.6124436Z,2025-12-23T21:45:51.6124436Z,2025-12-21T09:30:00Z,86.84895324707031,PRESION_AIRE_ENVASE,PLC_REFRIGERACION_1
,,3,2025-12-16T21:45:51.6124436Z,2025-12-23T21:45:51.6124436Z,2025-12-21T10:00:00Z,82.11804962158203,PRESION_AIRE_ENVASE,PLC_REFRIGERACION_1
,,3,2025-12-16T21:45:51.6124436Z,2025-12-23T21:45:51.6124436Z,2025-12-21T10:30:00Z,81.11978912353516,PRESION_AIRE_ENVASE,PLC_REFRIGERACION_1
,,3,2025-12-16T21:45:51.6124436Z,2025-12-23T21:45:51.6124436Z,2025-12-21T11:00:00Z,85.76388549804688,PRESION_AIRE_ENVASE,PLC_REFRIGERACION_1
,,3,2025-12-16T21:45:51.6124436Z,2025-12-23T21:45:51.6124436Z,2025-12-21T11:30:00Z,84.50520324707031,PRESION_AIRE_ENVASE,PLC_REFRIGERACION_1
,,3,2025-12-16T21:45:51.6124436Z,2025-12-23T21:45:51.6124436Z,2025-12-21T12:00:00Z,85.11284637451172,PRESION_AIRE_ENVASE,PLC_REFRIGERACION_1
,,3,2025-12-16T21:45:51.6124436Z,2025-12-23T21:45:51.6124436Z,2025-12-21T12:30:00Z,90.49478912353516,PRESION_AIRE_ENVASE,PLC_REFRIGERACION_1
,,3,2025-12-16T21:45:51.6124436Z,2025-12-23T21:45:51.6124436Z,2025-12-21T13:00:00Z,88.0642318725586,PRESION_AIRE_ENVASE,PLC_REFRIGERACION_1
,,3,2025-12-16T21:45:51.6124436Z,2025-12-23T21:45:51.6124436Z,2025-12-21T13:30:00Z,81.4236068725586,PRESION_AIRE_ENVASE,PLC_REFRIGERACION_1
,,3,2025-12-16T21:45:51.6124436Z,2025-12-23T21:45:51.6124436Z,2025-12-21T14:00:00Z,75.26041412353516,PRESION_AIRE_ENVASE,PLC_REFRIGERACION_1
,,3,2025-12-16T21:45:51.6124436Z,2025-12-23T21:45:51.6124436Z,2025-12-21T14:30:00Z,77.34375,PRESION_AIRE_ENVASE,PLC_REFRIGERACION_1
,,3,2025-12-16T21:45:51.6124436Z,2025-12-23T21:45:51.6124436Z,2025-12-21T15:00:00Z,75.82465362548828,PRESION_AIRE_ENVASE,PLC_REFRIGERACION_1
,,3,2025-12-16T21:45:51.6124436Z,2025-12-23T21:45:51.6124436Z,2025-12-21T15:30:00Z,85.80728912353516,PRESION_AIRE_ENVASE,PLC_REFRIGERACION_1
,,3,2025-12-16T21:45:51.6124436Z,2025-12-23T21:45:51.6124436Z,2025-12-21T16:00:00Z,85.02603912353516,PRESION_AIRE_ENVASE,PLC_REFRIGERACION_1
,,3,2025-12-16T21:45:51.6124436Z,2025-12-23T21:45:51.6124436Z,2025-12-21T16:30:00Z,83.55034637451172,PRESION_AIRE_ENVASE,PLC_REFRIGERACION_1
,,3,2025-12-16T21:45:51.6124436Z,2025-12-23T21:45:51.6124436Z,2025-12-21T17:00:00Z,84.1579818725586,PRESION_AIRE_ENVASE,PLC_REFRIGERACION_1
,,3,2025-12-16T21:45:51.6124436Z,2025-12-23T21:45:51.6124436Z,2025-12-21T17:30:00Z,83.81076049804688,PRESION_AIRE_ENVASE,PLC_REFRIGERACION_1
,,3,2025-12-16T21:45:51.6124436Z,2025-12-23T21:45:51.6124436Z,2025-12-21T18:00:00Z,83.55034637451172,PRESION_AIRE_ENVASE,PLC_REFRIGERACION_1
,,3,2025-12-16T21:45:51.6124436Z,2025-12-23T21:45:51.6124436Z,2025-12-21T18:30:00Z,83.203125,PRESION_AIRE_ENVASE,PLC_REFRIGERACION_1
,,3,2025-12-16T21:45:51.6124436Z,2025-12-23T21:45:51.6124436Z,2025-12-21T19:00:00Z,75.69444274902344,PRESION_AIRE_ENVASE,PLC_REFRIGERACION_1
,,3,2025-12-16T21:45:51.6124436Z,2025-12-23T21:45:51.6124436Z,2025-12-21T19:30:00Z,71.44097137451172,PRESION_AIRE_ENVASE,PLC_REFRIGERACION_1
,,3,2025-12-16T21:45:51.6124436Z,2025-12-23T21:45:51.6124436Z,2025-12-21T20:00:00Z,82.2048568725586,PRESION_AIRE_ENVASE,PLC_REFRIGERACION_1
,,3,2025-12-16T21:45:51.6124436Z,2025-12-23T21:45:51.6124436Z,2025-12-21T20:30:00Z,82.07464599609375,PRESION_AIRE_ENVASE,PLC_REFRIGERACION_1
,,3,2025-12-16T21:45:51.6124436Z,2025-12-23T21:45:51.6124436Z,2025-12-21T21:00:00Z,80.98957824707031,PRESION_AIRE_ENVASE,PLC_REFRIGERACION_1
,,3,2025-12-16T21:45:51.6124436Z,2025-12-23T21:45:51.6124436Z,2025-12-21T21:30:00Z,79.21006774902344,PRESION_AIRE_ENVASE,PLC_REFRIGERACION_1
,,3,2025-12-16T21:45:51.6124436Z,2025-12-23T21:45:51.6124436Z,2025-12-21T22:00:00Z,78.125,PRESION_AIRE_ENVASE,PLC_REFRIGERACION_1
,,3,2025-12-16T21:45:51.6124436Z,2025-12-23T21:45:51.6124436Z,2025-12-21T22:30:00Z,78.21179962158203,PRESION_AIRE_ENVASE,PLC_REFRIGERACION_1
,,3,2025-12-16T21:45:51.6124436Z,2025-12-23T21:45:51.6124436Z,2025-12-21T23:00:00Z,79.4704818725586,PRESION_AIRE_ENVASE,PLC_REFRIGERACION_1
,,3,2025-12-16T21:45:51.6124436Z,2025-12-23T21:45:51.6124436Z,2025-12-21T23:30:00Z,79.03645324707031,PRESION_AIRE_ENVASE,PLC_REFRIGERACION_1
,,3,2025-12-16T21:45:51.6124436Z,2025-12-23T21:45:51.6124436Z,2025-12-22T00:00:00Z,78.42881774902344,PRESION_AIRE_ENVASE,PLC_REFRIGERACION_1
,,3,2025-12-16T21:45:51.6124436Z,2025-12-23T21:45:51.6124436Z,2025-12-22T00:30:00Z,79.38367462158203,PRESION_AIRE_ENVASE,PLC_REFRIGERACION_1
,,3,2025-12-16T21:45:51.6124436Z,2025-12-23T21:45:51.6124436Z,2025-12-22T01:00:00Z,78.34201049804688,PRESION_AIRE_ENVASE,PLC_REFRIGERACION_1
,,3,2025-12-16T21:45:51.6124436Z,2025-12-23T21:45:51.6124436Z,2025-12-22T01:30:00Z,81.46701049804688,PRESION_AIRE_ENVASE,PLC_REFRIGERACION_1
,,3,2025-12-16T21:45:51.6124436Z,2025-12-23T21:45:51.6124436Z,2025-12-22T02:00:00Z,82.421875,PRESION_AIRE_ENVASE,PLC_REFRIGERACION_1
,,3,2025-12-16T21:45:51.6124436Z,2025-12-23T21:45:51.6124436Z,2025-12-22T02:30:00Z,82.94270324707031,PRESION_AIRE_ENVASE,PLC_REFRIGERACION_1
,,3,2025-12-16T21:45:51.6124436Z,2025-12-23T21:45:51.6124436Z,2025-12-22T03:00:00Z,79.90451049804688,PRESION_AIRE_ENVASE,PLC_REFRIGERACION_1
,,3,2025-12-16T21:45:51.6124436Z,2025-12-23T21:45:51.6124436Z,2025-12-22T03:30:00Z,78.73263549804688,PRESION_AIRE_ENVASE,PLC_REFRIGERACION_1
,,3,2025-12-16T21:45:51.6124436Z,2025-12-23T21:45:51.6124436Z,2025-12-22T04:00:00Z,79.25347137451172,PRESION_AIRE_ENVASE,PLC_REFRIGERACION_1
,,3,2025-12-16T21:45:51.6124436Z,2025-12-23T21:45:51.6124436Z,2025-12-22T04:30:00Z,82.55207824707031,PRESION_AIRE_ENVASE,PLC_REFRIGERACION_1
,,3,2025-12-16T21:45:51.6124436Z,2025-12-23T21:45:51.6124436Z,2025-12-22T05:00:00Z,80.46875,PRESION_AIRE_ENVASE,PLC_REFRIGERACION_1
,,3,2025-12-16T21:45:51.6124436Z,2025-12-23T21:45:51.6124436Z,2025-12-22T05:30:00Z,80.16492462158203,PRESION_AIRE_ENVASE,PLC_REFRIGERACION_1
,,3,2025-12-16T21:45:51.6124436Z,2025-12-23T21:45:51.6124436Z,2025-12-22T06:00:00Z,76.60590362548828,PRESION_AIRE_ENVASE,PLC_REFRIGERACION_1
,,3,2025-12-16T21:45:51.6124436Z,2025-12-23T21:45:51.6124436Z,2025-12-22T06:30:00Z,76.43228912353516,PRESION_AIRE_ENVASE,PLC_REFRIGERACION_1
,,3,2025-12-16T21:45:51.6124436Z,2025-12-23T21:45:51.6124436Z,2025-12-22T07:00:00Z,76.38888549804688,PRESION_AIRE_ENVASE,PLC_REFRIGERACION_1
,,3,2025-12-16T21:45:51.6124436Z,2025-12-23T21:45:51.6124436Z,2025-12-22T07:30:00Z,79.25347137451172,PRESION_AIRE_ENVASE,PLC_REFRIGERACION_1
,,3,2025-12-16T21:45:51.6124436Z,2025-12-23T21:45:51.6124436Z,2025-12-22T08:00:00Z,76.47569274902344,PRESION_AIRE_ENVASE,PLC_REFRIGERACION_1
,,3,2025-12-16T21:45:51.6124436Z,2025-12-23T21:45:51.6124436Z,2025-12-22T08:30:00Z,75.99826049804688,PRESION_AIRE_ENVASE,PLC_REFRIGERACION_1
,,3,2025-12-16T21:45:51.6124436Z,2025-12-23T21:45:51.6124436Z,2025-12-22T09:00:00Z,75.78125,PRESION_AIRE_ENVASE,PLC_REFRIGERACION_1
,,3,2025-12-16T21:45:51.6124436Z,2025-12-23T21:45:51.6124436Z,2025-12-22T09:30:00Z,79.81770324707031,PRESION_AIRE_ENVASE,PLC_REFRIGERACION_1
,,3,2025-12-16T21:45:51.6124436Z,2025-12-23T21:45:51.6124436Z,2025-12-22T10:00:00Z,77.08332824707031,PRESION_AIRE_ENVASE,PLC_REFRIGERACION_1
,,3,2025-12-16T21:45:51.6124436Z,2025-12-23T21:45:51.6124436Z,2025-12-22T10:30:00Z,75.78125,PRESION_AIRE_ENVASE,PLC_REFRIGERACION_1
,,3,2025-12-16T21:45:51.6124436Z,2025-12-23T21:45:51.6124436Z,2025-12-22T11:00:00Z,76.60590362548828,PRESION_AIRE_ENVASE,PLC_REFRIGERACION_1
,,3,2025-12-16T21:45:51.6124436Z,2025-12-23T21:45:51.6124436Z,2025-12-22T11:30:00Z,73.35069274902344,PRESION_AIRE_ENVASE,PLC_REFRIGERACION_1
,,3,2025-12-16T21:45:51.6124436Z,2025-12-23T21:45:51.6124436Z,2025-12-22T12:00:00Z,69.96527862548828,PRESION_AIRE_ENVASE,PLC_REFRIGERACION_1
,,3,2025-12-16T21:45:51.6124436Z,2025-12-23T21:45:51.6124436Z,2025-12-22T12:30:00Z,73.4375,PRESION_AIRE_ENVASE,PLC_REFRIGERACION_1
,,3,2025-12-16T21:45:51.6124436Z,2025-12-23T21:45:51.6124436Z,2025-12-22T13:00:00Z,74.52256774902344,PRESION_AIRE_ENVASE,PLC_REFRIGERACION_1
,,3,2025-12-16T21:45:51.6124436Z,2025-12-23T21:45:51.6124436Z,2025-12-22T13:30:00Z,80.46875,PRESION_AIRE_ENVASE,PLC_REFRIGERACION_1
,,3,2025-12-16T21:45:51.6124436Z,2025-12-23T21:45:51.6124436Z,2025-12-22T14:00:00Z,80.078125,PRESION_AIRE_ENVASE,PLC_REFRIGERACION_1
,,3,2025-12-16T21:45:51.6124436Z,2025-12-23T21:45:51.6124436Z,2025-12-22T14:30:00Z,75.73784637451172,PRESION_AIRE_ENVASE,PLC_REFRIGERACION_1
,,3,2025-12-16T21:45:51.6124436Z,2025-12-23T21:45:51.6124436Z,2025-12-22T15:00:00Z,74.91319274902344,PRESION_AIRE_ENVASE,PLC_REFRIGERACION_1
,,3,2025-12-16T21:45:51.6124436Z,2025-12-23T21:45:51.6124436Z,2025-12-22T15:30:00Z,82.9861068725586,PRESION_AIRE_ENVASE,PLC_REFRIGERACION_1
,,3,2025-12-16T21:45:51.6124436Z,2025-12-23T21:45:51.6124436Z,2025-12-22T16:00:00Z,81.4236068725586,PRESION_AIRE_ENVASE,PLC_REFRIGERACION_1
,,3,2025-12-16T21:45:51.6124436Z,2025-12-23T21:45:51.6124436Z,2025-12-22T16:30:00Z,79.94791412353516,PRESION_AIRE_ENVASE,PLC_REFRIGERACION_1
,,3,2025-12-16T21:45:51.6124436Z,2025-12-23T21:45:51.6124436Z,2025-12-22T17:00:00Z,80.2517318725586,PRESION_AIRE_ENVASE,PLC_REFRIGERACION_1
,,3,2025-12-16T21:45:51.6124436Z,2025-12-23T21:45:51.6124436Z,2025-12-22T17:30:00Z,80.98957824707031,PRESION_AIRE_ENVASE,PLC_REFRIGERACION_1
,,3,2025-12-16T21:45:51.6124436Z,2025-12-23T21:45:51.6124436Z,2025-12-22T18:00:00Z,80.33853912353516,PRESION_AIRE_ENVASE,PLC_REFRIGERACION_1
,,3,2025-12-16T21:45:51.6124436Z,2025-12-23T21:45:51.6124436Z,2025-12-22T18:30:00Z,79.90451049804688,PRESION_AIRE_ENVASE,PLC_REFRIGERACION_1
,,3,2025-12-16T21:45:51.6124436Z,2025-12-23T21:45:51.6124436Z,2025-12-22T19:00:00Z,80.29513549804688,PRESION_AIRE_ENVASE,PLC_REFRIGERACION_1
,,3,2025-12-16T21:45:51.6124436Z,2025-12-23T21:45:51.6124436Z,2025-12-22T19:30:00Z,78.60242462158203,PRESION_AIRE_ENVASE,PLC_REFRIGERACION_1
,,3,2025-12-16T21:45:51.6124436Z,2025-12-23T21:45:51.6124436Z,2025-12-22T20:00:00Z,78.77603912353516,PRESION_AIRE_ENVASE,PLC_REFRIGERACION_1
,,3,2025-12-16T21:45:51.6124436Z,2025-12-23T21:45:51.6124436Z,2025-12-22T20:30:00Z,81.0329818725586,PRESION_AIRE_ENVASE,PLC_REFRIGERACION_1
,,3,2025-12-16T21:45:51.6124436Z,2025-12-23T21:45:51.6124436Z,2025-12-22T21:00:00Z,79.296875,PRESION_AIRE_ENVASE,PLC_REFRIGERACION_1
,,3,2025-12-16T21:45:51.6124436Z,2025-12-23T21:45:51.6124436Z,2025-12-22T21:30:00Z,79.4704818725586,PRESION_AIRE_ENVASE,PLC_REFRIGERACION_1
,,3,2025-12-16T21:45:51.6124436Z,2025-12-23T21:45:51.6124436Z,2025-12-22T22:00:00Z,80.81597137451172,PRESION_AIRE_ENVASE,PLC_REFRIGERACION_1
,,3,2025-12-16T21:45:51.6124436Z,2025-12-23T21:45:51.6124436Z,2025-12-22T22:30:00Z,75.99826049804688,PRESION_AIRE_ENVASE,PLC_REFRIGERACION_1
,,3,2025-12-16T21:45:51.6124436Z,2025-12-23T21:45:51.6124436Z,2025-12-22T23:00:00Z,73.13367462158203,PRESION_AIRE_ENVASE,PLC_REFRIGERACION_1
,,3,2025-12-16T21:45:51.6124436Z,2025-12-23T21:45:51.6124436Z,2025-12-22T23:30:00Z,75.26041412353516,PRESION_AIRE_ENVASE,PLC_REFRIGERACION_1
,,3,2025-12-16T21:45:51.6124436Z,2025-12-23T21:45:51.6124436Z,2025-12-23T00:00:00Z,74.47916412353516,PRESION_AIRE_ENVASE,PLC_REFRIGERACION_1
,,3,2025-12-16T21:45:51.6124436Z,2025-12-23T21:45:51.6124436Z,2025-12-23T00:30:00Z,77.64756774902344,PRESION_AIRE_ENVASE,PLC_REFRIGERACION_1
,,3,2025-12-16T21:45:51.6124436Z,2025-12-23T21:45:51.6124436Z,2025-12-23T01:00:00Z,71.484375,PRESION_AIRE_ENVASE,PLC_REFRIGERACION_1
,,3,2025-12-16T21:45:51.6124436Z,2025-12-23T21:45:51.6124436Z,2025-12-23T01:30:00Z,72.78645324707031,PRESION_AIRE_ENVASE,PLC_REFRIGERACION_1
,,3,2025-12-16T21:45:51.6124436Z,2025-12-23T21:45:51.6124436Z,2025-12-23T02:00:00Z,74.95659637451172,PRESION_AIRE_ENVASE,PLC_REFRIGERACION_1
,,3,2025-12-16T21:45:51.6124436Z,2025-12-23T21:45:51.6124436Z,2025-12-23T02:30:00Z,74.26215362548828,PRESION_AIRE_ENVASE,PLC_REFRIGERACION_1
,,3,2025-12-16T21:45:51.6124436Z,2025-12-23T21:45:51.6124436Z,2025-12-23T03:00:00Z,76.21527862548828,PRESION_AIRE_ENVASE,PLC_REFRIGERACION_1
,,3,2025-12-16T21:45:51.6124436Z,2025-12-23T21:45:51.6124436Z,2025-12-23T03:30:00Z,76.69270324707031,PRESION_AIRE_ENVASE,PLC_REFRIGERACION_1
,,3,2025-12-16T21:45:51.6124436Z,2025-12-23T21:45:51.6124436Z,2025-12-23T04:00:00Z,74.82638549804688,PRESION_AIRE_ENVASE,PLC_REFRIGERACION_1
,,3,2025-12-16T21:45:51.6124436Z,2025-12-23T21:45:51.6124436Z,2025-12-23T04:30:00Z,73.4375,PRESION_AIRE_ENVASE,PLC_REFRIGERACION_1
,,3,2025-12-16T21:45:51.6124436Z,2025-12-23T21:45:51.6124436Z,2025-12-23T05:00:00Z,72.00520324707031,PRESION_AIRE_ENVASE,PLC_REFRIGERACION_1
,,3,2025-12-16T21:45:51.6124436Z,2025-12-23T21:45:51.6124436Z,2025-12-23T05:30:00Z,74.21875,PRESION_AIRE_ENVASE,PLC_REFRIGERACION_1
,,3,2025-12-16T21:45:51.6124436Z,2025-12-23T21:45:51.6124436Z,2025-12-23T06:00:00Z,74.43576049804688,PRESION_AIRE_ENVASE,PLC_REFRIGERACION_1
,,3,2025-12-16T21:45:51.6124436Z,2025-12-23T21:45:51.6124436Z,2025-12-23T06:30:00Z,74.3923568725586,PRESION_AIRE_ENVASE,PLC_REFRIGERACION_1
,,3,2025-12-16T21:45:51.6124436Z,2025-12-23T21:45:51.6124436Z,2025-12-23T07:00:00Z,78.94964599609375,PRESION_AIRE_ENVASE,PLC_REFRIGERACION_1
,,3,2025-12-16T21:45:51.6124436Z,2025-12-23T21:45:51.6124436Z,2025-12-23T07:30:00Z,74.17534637451172,PRESION_AIRE_ENVASE,PLC_REFRIGERACION_1
,,3,2025-12-16T21:45:51.6124436Z,2025-12-23T21:45:51.6124436Z,2025-12-23T08:00:00Z,74.0017318725586,PRESION_AIRE_ENVASE,PLC_REFRIGERACION_1
,,3,2025-12-16T21:45:51.6124436Z,2025-12-23T21:45:51.6124436Z,2025-12-23T08:30:00Z,74.04513549804688,PRESION_AIRE_ENVASE,PLC_REFRIGERACION_1
,,3,2025-12-16T21:45:51.6124436Z,2025-12-23T21:45:51.6124436Z,2025-12-23T09:00:00Z,74.21875,PRESION_AIRE_ENVASE,PLC_REFRIGERACION_1
,,3,2025-12-16T21:45:51.6124436Z,2025-12-23T21:45:51.6124436Z,2025-12-23T09:30:00Z,74.26215362548828,PRESION_AIRE_ENVASE,PLC_REFRIGERACION_1
,,3,2025-12-16T21:45:51.6124436Z,2025-12-23T21:45:51.6124436Z,2025-12-23T10:00:00Z,75.69444274902344,PRESION_AIRE_ENVASE,PLC_REFRIGERACION_1
,,3,2025-12-16T21:45:51.6124436Z,2025-12-23T21:45:51.6124436Z,2025-12-23T10:30:00Z,73.95832824707031,PRESION_AIRE_ENVASE,PLC_REFRIGERACION_1
,,3,2025-12-16T21:45:51.6124436Z,2025-12-23T21:45:51.6124436Z,2025-12-23T11:00:00Z,73.39409637451172,PRESION_AIRE_ENVASE,PLC_REFRIGERACION_1
,,3,2025-12-16T21:45:51.6124436Z,2025-12-23T21:45:51.6124436Z,2025-12-23T11:30:00Z,73.09027862548828,PRESION_AIRE_ENVASE,PLC_REFRIGERACION_1
,,3,2025-12-16T21:45:51.6124436Z,2025-12-23T21:45:51.6124436Z,2025-12-23T12:00:00Z,74.30554962158203,PRESION_AIRE_ENVASE,PLC_REFRIGERACION_1
,,3,2025-12-16T21:45:51.6124436Z,2025-12-23T21:45:51.6124436Z,2025-12-23T12:30:00Z,75.04340362548828,PRESION_AIRE_ENVASE,PLC_REFRIGERACION_1
,,3,2025-12-16T21:45:51.6124436Z,2025-12-23T21:45:51.6124436Z,2025-12-23T13:00:00Z,77.03992462158203,PRESION_AIRE_ENVASE,PLC_REFRIGERACION_1
,,3,2025-12-16T21:45:51.6124436Z,2025-12-23T21:45:51.6124436Z,2025-12-23T13:30:00Z,74.69617462158203,PRESION_AIRE_ENVASE,PLC_REFRIGERACION_1
,,3,2025-12-16T21:45:51.6124436Z,2025-12-23T21:45:51.6124436Z,2025-12-23T14:00:00Z,74.609375,PRESION_AIRE_ENVASE,PLC_REFRIGERACION_1
,,3,2025-12-16T21:45:51.6124436Z,2025-12-23T21:45:51.6124436Z,2025-12-23T14:30:00Z,78.94964599609375,PRESION_AIRE_ENVASE,PLC_REFRIGERACION_1
,,3,2025-12-16T21:45:51.6124436Z,2025-12-23T21:45:51.6124436Z,2025-12-23T15:00:00Z,74.08853912353516,PRESION_AIRE_ENVASE,PLC_REFRIGERACION_1
,,3,2025-12-16T21:45:51.6124436Z,2025-12-23T21:45:51.6124436Z,2025-12-23T15:30:00Z,73.828125,PRESION_AIRE_ENVASE,PLC_REFRIGERACION_1
,,3,2025-12-16T21:45:51.6124436Z,2025-12-23T21:45:51.6124436Z,2025-12-23T16:00:00Z,74.86978912353516,PRESION_AIRE_ENVASE,PLC_REFRIGERACION_1
,,3,2025-12-16T21:45:51.6124436Z,2025-12-23T21:45:51.6124436Z,2025-12-23T16:30:00Z,73.65451049804688,PRESION_AIRE_ENVASE,PLC_REFRIGERACION_1
,,3,2025-12-16T21:45:51.6124436Z,2025-12-23T21:45:51.6124436Z,2025-12-23T17:00:00Z,75.26041412353516,PRESION_AIRE_ENVASE,PLC_REFRIGERACION_1
,,3,2025-12-16T21:45:51.6124436Z,2025-12-23T21:45:51.6124436Z,2025-12-23T17:30:00Z,74.52256774902344,PRESION_AIRE_ENVASE,PLC_REFRIGERACION_1
,,3,2025-12-16T21:45:51.6124436Z,2025-12-23T21:45:51.6124436Z,2025-12-23T18:00:00Z,75.78125,PRESION_AIRE_ENVASE,PLC_REFRIGERACION_1
,,3,2025-12-16T21:45:51.6124436Z,2025-12-23T21:45:51.6124436Z,2025-12-23T18:30:00Z,74.47916412353516,PRESION_AIRE_ENVASE,PLC_REFRIGERACION_1
,,3,2025-12-16T21:45:51.6124436Z,2025-12-23T21:45:51.6124436Z,2025-12-23T19:00:00Z,75.5642318725586,PRESION_AIRE_ENVASE,PLC_REFRIGERACION_1
,,3,2025-12-16T21:45:51.6124436Z,2025-12-23T21:45:51.6124436Z,2025-12-23T19:30:00Z,76.12847137451172,PRESION_AIRE_ENVASE,PLC_REFRIGERACION_1
,,3,2025-12-16T21:45:51.6124436Z,2025-12-23T21:45:51.6124436Z,2025-12-23T20:00:00Z,75.52082824707031,PRESION_AIRE_ENVASE,PLC_REFRIGERACION_1
,,3,2025-12-16T21:45:51.6124436Z,2025-12-23T21:45:51.6124436Z,2025-12-23T20:30:00Z,76.171875,PRESION_AIRE_ENVASE,PLC_REFRIGERACION_1
,,3,2025-12-16T21:45:51.6124436Z,2025-12-23T21:45:51.6124436Z,2025-12-23T21:00:00Z,74.65277862548828,PRESION_AIRE_ENVASE,PLC_REFRIGERACION_1
,,3,2025-12-16T21:45:51.6124436Z,2025-12-23T21:45:51.6124436Z,2025-12-23T21:30:00Z,75.26041412353516,PRESION_AIRE_ENVASE,PLC_REFRIGERACION_1
,,3,2025-12-16T21:45:51.6124436Z,2025-12-23T21:45:51.6124436Z,2025-12-23T21:45:51.6124436Z,79.0798568725586,PRESION_AIRE_ENVASE,PLC_REFRIGERACION_1
